
Insert into S_HAJO_TIPUS (HAJO_TIPUS_ID,NEV,LEIRAS) values ('2','Large feeder','50-100 konténert tud szállítani.');
Insert into S_HAJO_TIPUS (HAJO_TIPUS_ID,NEV,LEIRAS) values ('3','Small feeder','5-19 konténert tud szállítani.');
Insert into S_HAJO_TIPUS (HAJO_TIPUS_ID,NEV,LEIRAS) values ('4','Feeder','20-49 konténert tud szállítani.');
Insert into S_HAJO_TIPUS (HAJO_TIPUS_ID,NEV,LEIRAS) values ('1','Panamax','A Panama-csatornán át tud hajózni. 100 konténernél többet tud szállítani.');
commit;


Insert into S_HAJO (HAJO_ID,NEV,NETTO_SULY,MAX_KONTENER_DBSZAM,MAX_SULYTERHELES,HAJO_TIPUS) values ('200','SC Nina','270','12','270','3');
Insert into S_HAJO (HAJO_ID,NEV,NETTO_SULY,MAX_KONTENER_DBSZAM,MAX_SULYTERHELES,HAJO_TIPUS) values ('250','SC Magnolia','80','5','80','3');
Insert into S_HAJO (HAJO_ID,NEV,NETTO_SULY,MAX_KONTENER_DBSZAM,MAX_SULYTERHELES,HAJO_TIPUS) values ('300','SC Bella','220','10','220','3');
Insert into S_HAJO (HAJO_ID,NEV,NETTO_SULY,MAX_KONTENER_DBSZAM,MAX_SULYTERHELES,HAJO_TIPUS) values ('400','SC Rosy','250','10','250','3');
Insert into S_HAJO (HAJO_ID,NEV,NETTO_SULY,MAX_KONTENER_DBSZAM,MAX_SULYTERHELES,HAJO_TIPUS) values ('350','Asterix','1000','50','700','2');
Insert into S_HAJO (HAJO_ID,NEV,NETTO_SULY,MAX_KONTENER_DBSZAM,MAX_SULYTERHELES,HAJO_TIPUS) values ('450','Goliat','1000','50','750','2');
Insert into S_HAJO (HAJO_ID,NEV,NETTO_SULY,MAX_KONTENER_DBSZAM,MAX_SULYTERHELES,HAJO_TIPUS) values ('500','SC Angel','310','12','310','3');
Insert into S_HAJO (HAJO_ID,NEV,NETTO_SULY,MAX_KONTENER_DBSZAM,MAX_SULYTERHELES,HAJO_TIPUS) values ('550','SC Esther','350','15','350','3');
Insert into S_HAJO (HAJO_ID,NEV,NETTO_SULY,MAX_KONTENER_DBSZAM,MAX_SULYTERHELES,HAJO_TIPUS) values ('600','SC Robert','500','20','500','4');
Insert into S_HAJO (HAJO_ID,NEV,NETTO_SULY,MAX_KONTENER_DBSZAM,MAX_SULYTERHELES,HAJO_TIPUS) values ('650','SC Hector','600','25','600','4');
commit;

alter table s_orszag
drop constraint s_osz_hs_fk;

Insert into S_ORSZAG (ORSZAG,LAKOSSAG,TERULET,FOLDRESZ,FOVAROS) values ('Abházia','245424','8432',null,'1');
Insert into S_ORSZAG (ORSZAG,LAKOSSAG,TERULET,FOLDRESZ,FOVAROS) values ('Afganisztán','32890170','652090','Ázsia','2');
Insert into S_ORSZAG (ORSZAG,LAKOSSAG,TERULET,FOLDRESZ,FOVAROS) values ('Albánia','2829740','28748','Európa','3');
Insert into S_ORSZAG (ORSZAG,LAKOSSAG,TERULET,FOLDRESZ,FOVAROS) values ('Algéria','44700000','2381741','Afrika','4');
Insert into S_ORSZAG (ORSZAG,LAKOSSAG,TERULET,FOLDRESZ,FOVAROS) values ('Andorra','78015','468','Európa','5');
Insert into S_ORSZAG (ORSZAG,LAKOSSAG,TERULET,FOLDRESZ,FOVAROS) values ('Angola','32097670','1246700','Afrika','6');
Insert into S_ORSZAG (ORSZAG,LAKOSSAG,TERULET,FOLDRESZ,FOVAROS) values ('Antigua és Barbuda','99337','442','Észak- és Közép-Amerika','7');
Insert into S_ORSZAG (ORSZAG,LAKOSSAG,TERULET,FOLDRESZ,FOVAROS) values ('Argentína','45808747','2780400','Dél-Amerika','8');
Insert into S_ORSZAG (ORSZAG,LAKOSSAG,TERULET,FOLDRESZ,FOVAROS) values ('Ausztrália','25917896','7692024','Ausztrália és Óceánia','9');
Insert into S_ORSZAG (ORSZAG,LAKOSSAG,TERULET,FOLDRESZ,FOVAROS) values ('Ausztria','8976467','83871','Európa','10');
Insert into S_ORSZAG (ORSZAG,LAKOSSAG,TERULET,FOLDRESZ,FOVAROS) values ('Azerbajdzsán','10139200','86600','Ázsia','11');
Insert into S_ORSZAG (ORSZAG,LAKOSSAG,TERULET,FOLDRESZ,FOVAROS) values ('Bahama-szigetek','39345','13943','Észak- és Közép-Amerika','12');
Insert into S_ORSZAG (ORSZAG,LAKOSSAG,TERULET,FOLDRESZ,FOVAROS) values ('Bahrein','1501635','758','Ázsia','13');
Insert into S_ORSZAG (ORSZAG,LAKOSSAG,TERULET,FOLDRESZ,FOVAROS) values ('Banglades','171900000','143998','Ázsia','14');
Insert into S_ORSZAG (ORSZAG,LAKOSSAG,TERULET,FOLDRESZ,FOVAROS) values ('Barbados','288','430','Észak- és Közép-Amerika','15');
Insert into S_ORSZAG (ORSZAG,LAKOSSAG,TERULET,FOLDRESZ,FOVAROS) values ('Belgium','11601753','30528','Európa','16');
Insert into S_ORSZAG (ORSZAG,LAKOSSAG,TERULET,FOLDRESZ,FOVAROS) values ('Belize','43019','22966','Észak- és Közép-Amerika','17');
Insert into S_ORSZAG (ORSZAG,LAKOSSAG,TERULET,FOLDRESZ,FOVAROS) values ('Benin','12506347','112622','Afrika','18');
Insert into S_ORSZAG (ORSZAG,LAKOSSAG,TERULET,FOLDRESZ,FOVAROS) values ('Bhután','756129','38394','Ázsia','19');
Insert into S_ORSZAG (ORSZAG,LAKOSSAG,TERULET,FOLDRESZ,FOVAROS) values ('Bissau-Guinea','1646077','36125','Afrika','20');
Insert into S_ORSZAG (ORSZAG,LAKOSSAG,TERULET,FOLDRESZ,FOVAROS) values ('Bolívia','11797257','1098581','Dél-Amerika','21');
Insert into S_ORSZAG (ORSZAG,LAKOSSAG,TERULET,FOLDRESZ,FOVAROS) values ('Bosznia-Hercegovina','3320954','51197','Európa','22');
Insert into S_ORSZAG (ORSZAG,LAKOSSAG,TERULET,FOLDRESZ,FOVAROS) values ('Botswana','2410338','582000','Afrika','23');
Insert into S_ORSZAG (ORSZAG,LAKOSSAG,TERULET,FOLDRESZ,FOVAROS) values ('Brazília','214103000','8517877','Dél-Amerika','24');
Insert into S_ORSZAG (ORSZAG,LAKOSSAG,TERULET,FOLDRESZ,FOVAROS) values ('Brunei','430','5765','Ázsia','25');
Insert into S_ORSZAG (ORSZAG,LAKOSSAG,TERULET,FOLDRESZ,FOVAROS) values ('Bulgária','6875040','110879','Európa','26');
Insert into S_ORSZAG (ORSZAG,LAKOSSAG,TERULET,FOLDRESZ,FOVAROS) values ('Burkina Faso','21510180','274967','Afrika','27');
Insert into S_ORSZAG (ORSZAG,LAKOSSAG,TERULET,FOLDRESZ,FOVAROS) values ('Burundi','12574570','27834','Afrika','28');
Insert into S_ORSZAG (ORSZAG,LAKOSSAG,TERULET,FOLDRESZ,FOVAROS) values ('Chile','19678363','756102','Dél-Amerika','29');
Insert into S_ORSZAG (ORSZAG,LAKOSSAG,TERULET,FOLDRESZ,FOVAROS) values ('Ciprus','888','9251','Ázsia','30');
Insert into S_ORSZAG (ORSZAG,LAKOSSAG,TERULET,FOLDRESZ,FOVAROS) values ('Comore-szigetek','897219','2235','Afrika','31');
Insert into S_ORSZAG (ORSZAG,LAKOSSAG,TERULET,FOLDRESZ,FOVAROS) values ('Costa Rica','5163040','51100','Észak- és Közép-Amerika','32');
Insert into S_ORSZAG (ORSZAG,LAKOSSAG,TERULET,FOLDRESZ,FOVAROS) values ('Csád','16818390','1284200','Afrika','33');
Insert into S_ORSZAG (ORSZAG,LAKOSSAG,TERULET,FOLDRESZ,FOVAROS) values ('Csehország','10682030','78865','Európa','34');
Insert into S_ORSZAG (ORSZAG,LAKOSSAG,TERULET,FOLDRESZ,FOVAROS) values ('Dánia','5867412','43094','Európa','35');
Insert into S_ORSZAG (ORSZAG,LAKOSSAG,TERULET,FOLDRESZ,FOVAROS) values ('Dél-afrikai Köztársaság','60142980','1221037','Afrika','36');
Insert into S_ORSZAG (ORSZAG,LAKOSSAG,TERULET,FOLDRESZ,FOVAROS) values ('Dél-Korea','51671570','99828','Ázsia','37');
Insert into S_ORSZAG (ORSZAG,LAKOSSAG,TERULET,FOLDRESZ,FOVAROS) values ('Dél-Oszétia','53532','3900',null,'38');
Insert into S_ORSZAG (ORSZAG,LAKOSSAG,TERULET,FOLDRESZ,FOVAROS) values ('Dél-Szudán','13249924','619745','Afrika','39');
Insert into S_ORSZAG (ORSZAG,LAKOSSAG,TERULET,FOLDRESZ,FOVAROS) values ('Dnyeszter Menti Köztársaság','469','4163',null,'40');
Insert into S_ORSZAG (ORSZAG,LAKOSSAG,TERULET,FOLDRESZ,FOVAROS) values ('Dominikai Közösség','72','751','Észak- és Közép-Amerika','41');
Insert into S_ORSZAG (ORSZAG,LAKOSSAG,TERULET,FOLDRESZ,FOVAROS) values ('Dominikai Köztársaság','10535535','48730','Észak- és Közép-Amerika','42');
Insert into S_ORSZAG (ORSZAG,LAKOSSAG,TERULET,FOLDRESZ,FOVAROS) values ('Dzsibuti','976107','23200','Afrika','43');
Insert into S_ORSZAG (ORSZAG,LAKOSSAG,TERULET,FOLDRESZ,FOVAROS) values ('Ecuador','17880570','256369','Dél-Amerika','44');
Insert into S_ORSZAG (ORSZAG,LAKOSSAG,TERULET,FOLDRESZ,FOVAROS) values ('Egyenlítõi-Guinea','1505588','28051','Afrika','45');
Insert into S_ORSZAG (ORSZAG,LAKOSSAG,TERULET,FOLDRESZ,FOVAROS) values ('Amerikai Egyesült Államok','332909600','9826630','Észak- és Közép-Amerika','46');
Insert into S_ORSZAG (ORSZAG,LAKOSSAG,TERULET,FOLDRESZ,FOVAROS) values ('Egyesült Arab Emírségek','9890400','83600','Ázsia','47');
Insert into S_ORSZAG (ORSZAG,LAKOSSAG,TERULET,FOLDRESZ,FOVAROS) values ('Egyesült Királyság','67081230','242900','Európa','48');
Insert into S_ORSZAG (ORSZAG,LAKOSSAG,TERULET,FOLDRESZ,FOVAROS) values ('Egyiptom','102706075','1002000','Afrika','49');
Insert into S_ORSZAG (ORSZAG,LAKOSSAG,TERULET,FOLDRESZ,FOVAROS) values ('Elefántcsontpart','27087730','322463','Afrika','50');
Insert into S_ORSZAG (ORSZAG,LAKOSSAG,TERULET,FOLDRESZ,FOVAROS) values ('Eritrea','3601000','117600','Afrika','51');
Insert into S_ORSZAG (ORSZAG,LAKOSSAG,TERULET,FOLDRESZ,FOVAROS) values ('Észak-Korea','25660000','120538','Ázsia','52');
Insert into S_ORSZAG (ORSZAG,LAKOSSAG,TERULET,FOLDRESZ,FOVAROS) values ('Észak-Macedónia','2068808','25713','Európa','53');
Insert into S_ORSZAG (ORSZAG,LAKOSSAG,TERULET,FOLDRESZ,FOVAROS) values ('Észtország','1330068','45339','Európa','54');
Insert into S_ORSZAG (ORSZAG,LAKOSSAG,TERULET,FOLDRESZ,FOVAROS) values ('Etiópia','117876000','1104300','Afrika','55');
Insert into S_ORSZAG (ORSZAG,LAKOSSAG,TERULET,FOLDRESZ,FOVAROS) values ('Fehéroroszország','9349645','207600','Európa','56');
Insert into S_ORSZAG (ORSZAG,LAKOSSAG,TERULET,FOLDRESZ,FOVAROS) values ('Fidzsi-szigetek','898402','18270','Ausztrália és Óceánia','57');
Insert into S_ORSZAG (ORSZAG,LAKOSSAG,TERULET,FOLDRESZ,FOVAROS) values ('Finnország','5517780','338424','Európa','58');
Insert into S_ORSZAG (ORSZAG,LAKOSSAG,TERULET,FOLDRESZ,FOVAROS) values ('Franciaország','67505000','547030','Európa','59');
Insert into S_ORSZAG (ORSZAG,LAKOSSAG,TERULET,FOLDRESZ,FOVAROS) values ('Fülöp-szigetek','111247600','300000','Ázsia','60');
Insert into S_ORSZAG (ORSZAG,LAKOSSAG,TERULET,FOLDRESZ,FOVAROS) values ('Gabon','2233272','267668','Afrika','61');
Insert into S_ORSZAG (ORSZAG,LAKOSSAG,TERULET,FOLDRESZ,FOVAROS) values ('Gambia','2487000','11295','Afrika','62');
Insert into S_ORSZAG (ORSZAG,LAKOSSAG,TERULET,FOLDRESZ,FOVAROS) values ('Ghána','30792600','238533','Afrika','63');
Insert into S_ORSZAG (ORSZAG,LAKOSSAG,TERULET,FOLDRESZ,FOVAROS) values ('Görögország','10718565','131957','Európa','64');
Insert into S_ORSZAG (ORSZAG,LAKOSSAG,TERULET,FOLDRESZ,FOVAROS) values ('Grenada','113','344','Észak- és Közép-Amerika','65');
Insert into S_ORSZAG (ORSZAG,LAKOSSAG,TERULET,FOLDRESZ,FOVAROS) values ('Grúzia','3728573','69700','Ázsia','66');
Insert into S_ORSZAG (ORSZAG,LAKOSSAG,TERULET,FOLDRESZ,FOVAROS) values ('Guatemala','17109746','108890','Észak- és Közép-Amerika','67');
Insert into S_ORSZAG (ORSZAG,LAKOSSAG,TERULET,FOLDRESZ,FOVAROS) values ('Guinea','12907395','245857','Afrika','68');
Insert into S_ORSZAG (ORSZAG,LAKOSSAG,TERULET,FOLDRESZ,FOVAROS) values ('Guyana','787','214970','Dél-Amerika','69');
Insert into S_ORSZAG (ORSZAG,LAKOSSAG,TERULET,FOLDRESZ,FOVAROS) values ('Haiti','11743017','27750','Észak- és Közép-Amerika','70');
Insert into S_ORSZAG (ORSZAG,LAKOSSAG,TERULET,FOLDRESZ,FOVAROS) values ('Hegyi-Karabah Köztársaság','1489','11458',null,'71');
Insert into S_ORSZAG (ORSZAG,LAKOSSAG,TERULET,FOLDRESZ,FOVAROS) values ('Hollandia','17670480','37354','Európa','72');
Insert into S_ORSZAG (ORSZAG,LAKOSSAG,TERULET,FOLDRESZ,FOVAROS) values ('Honduras','9450711','112492','Észak- és Közép-Amerika','73');
Insert into S_ORSZAG (ORSZAG,LAKOSSAG,TERULET,FOLDRESZ,FOVAROS) values ('Horvátország','4036355','56594','Európa','74');
Insert into S_ORSZAG (ORSZAG,LAKOSSAG,TERULET,FOLDRESZ,FOVAROS) values ('India','1385779000','3287263','Ázsia','75');
Insert into S_ORSZAG (ORSZAG,LAKOSSAG,TERULET,FOLDRESZ,FOVAROS) values ('Indonézia','271350000','1919931','Ázsia','76');
Insert into S_ORSZAG (ORSZAG,LAKOSSAG,TERULET,FOLDRESZ,FOVAROS) values ('Irak','41190700','435244','Ázsia','77');
Insert into S_ORSZAG (ORSZAG,LAKOSSAG,TERULET,FOLDRESZ,FOVAROS) values ('Irán','85041645','1648195','Ázsia','78');
Insert into S_ORSZAG (ORSZAG,LAKOSSAG,TERULET,FOLDRESZ,FOVAROS) values ('Írország','5011500','70273','Európa','79');
Insert into S_ORSZAG (ORSZAG,LAKOSSAG,TERULET,FOLDRESZ,FOVAROS) values ('Izland','37483','103000','Európa','80');
Insert into S_ORSZAG (ORSZAG,LAKOSSAG,TERULET,FOLDRESZ,FOVAROS) values ('Izrael','9446780','20770','Ázsia','81');
Insert into S_ORSZAG (ORSZAG,LAKOSSAG,TERULET,FOLDRESZ,FOVAROS) values ('Jamaica','2734093','10991','Észak- és Közép-Amerika','82');
Insert into S_ORSZAG (ORSZAG,LAKOSSAG,TERULET,FOLDRESZ,FOVAROS) values ('Japán','125070000','377930','Ázsia','83');
Insert into S_ORSZAG (ORSZAG,LAKOSSAG,TERULET,FOLDRESZ,FOVAROS) values ('Jemen','30491000','527968','Ázsia','84');
Insert into S_ORSZAG (ORSZAG,LAKOSSAG,TERULET,FOLDRESZ,FOVAROS) values ('Jordánia','11103340','89342','Ázsia','85');
Insert into S_ORSZAG (ORSZAG,LAKOSSAG,TERULET,FOLDRESZ,FOVAROS) values ('Kambodzsa','15552210','181035','Ázsia','86');
Insert into S_ORSZAG (ORSZAG,LAKOSSAG,TERULET,FOLDRESZ,FOVAROS) values ('Kamerun','24348250','475442','Afrika','87');
Insert into S_ORSZAG (ORSZAG,LAKOSSAG,TERULET,FOLDRESZ,FOVAROS) values ('Kanada','38516648','9984670','Észak- és Közép-Amerika','88');
Insert into S_ORSZAG (ORSZAG,LAKOSSAG,TERULET,FOLDRESZ,FOVAROS) values ('Katar','2504910','11586','Ázsia','89');
Insert into S_ORSZAG (ORSZAG,LAKOSSAG,TERULET,FOLDRESZ,FOVAROS) values ('Kazahsztán','19122420','2724900','Ázsia','90');
Insert into S_ORSZAG (ORSZAG,LAKOSSAG,TERULET,FOLDRESZ,FOVAROS) values ('Kelet-Timor','1317780','14274','Ázsia','91');
Insert into S_ORSZAG (ORSZAG,LAKOSSAG,TERULET,FOLDRESZ,FOVAROS) values ('Kenya','47564296','580367','Afrika','92');
Insert into S_ORSZAG (ORSZAG,LAKOSSAG,TERULET,FOLDRESZ,FOVAROS) values ('Kína','1411778000','9677009','Ázsia','93');
Insert into S_ORSZAG (ORSZAG,LAKOSSAG,TERULET,FOLDRESZ,FOVAROS) values ('Kínai Köztársaság','23413880',null,null,'94');
Insert into S_ORSZAG (ORSZAG,LAKOSSAG,TERULET,FOLDRESZ,FOVAROS) values ('Kirgizisztán','6663600','199951','Ázsia','95');
Insert into S_ORSZAG (ORSZAG,LAKOSSAG,TERULET,FOLDRESZ,FOVAROS) values ('Kiribati','12074','726','Ausztrália és Óceánia','96');
Insert into S_ORSZAG (ORSZAG,LAKOSSAG,TERULET,FOLDRESZ,FOVAROS) values ('Kolumbia','51049500','1141748','Dél-Amerika','97');
Insert into S_ORSZAG (ORSZAG,LAKOSSAG,TERULET,FOLDRESZ,FOVAROS) values ('Kongói Demokratikus Köztársaság','105044640','2344858','Afrika','98');
Insert into S_ORSZAG (ORSZAG,LAKOSSAG,TERULET,FOLDRESZ,FOVAROS) values ('Kongói Köztársaság','5657000','342000','Afrika','99');
Insert into S_ORSZAG (ORSZAG,LAKOSSAG,TERULET,FOLDRESZ,FOVAROS) values ('Koszovó','1782115','10908',null,'100');
Insert into S_ORSZAG (ORSZAG,LAKOSSAG,TERULET,FOLDRESZ,FOVAROS) values ('Közép-afrikai Köztársaság','5633412','622984','Afrika','101');
Insert into S_ORSZAG (ORSZAG,LAKOSSAG,TERULET,FOLDRESZ,FOVAROS) values ('Kuba','11181595','109884','Észak- és Közép-Amerika','102');
Insert into S_ORSZAG (ORSZAG,LAKOSSAG,TERULET,FOLDRESZ,FOVAROS) values ('Kuvait','4670713','17818','Ázsia','103');
Insert into S_ORSZAG (ORSZAG,LAKOSSAG,TERULET,FOLDRESZ,FOVAROS) values ('Laosz','7337783','236800','Ázsia','104');
Insert into S_ORSZAG (ORSZAG,LAKOSSAG,TERULET,FOLDRESZ,FOVAROS) values ('Lengyelország','38153000','312658','Európa','105');
Insert into S_ORSZAG (ORSZAG,LAKOSSAG,TERULET,FOLDRESZ,FOVAROS) values ('Lesotho','2159000','30355','Afrika','106');
Insert into S_ORSZAG (ORSZAG,LAKOSSAG,TERULET,FOLDRESZ,FOVAROS) values ('Lettország','1879700','64559','Európa','107');
Insert into S_ORSZAG (ORSZAG,LAKOSSAG,TERULET,FOLDRESZ,FOVAROS) values ('Libanon','6769000','10452','Ázsia','108');
Insert into S_ORSZAG (ORSZAG,LAKOSSAG,TERULET,FOLDRESZ,FOVAROS) values ('Libéria','4661000','111370','Afrika','109');
Insert into S_ORSZAG (ORSZAG,LAKOSSAG,TERULET,FOLDRESZ,FOVAROS) values ('Líbia','6959000','1759540','Afrika','110');
Insert into S_ORSZAG (ORSZAG,LAKOSSAG,TERULET,FOLDRESZ,FOVAROS) values ('Liechtenstein','39062','160','Európa','111');
Insert into S_ORSZAG (ORSZAG,LAKOSSAG,TERULET,FOLDRESZ,FOVAROS) values ('Litvánia','2777991','65300','Európa','112');
Insert into S_ORSZAG (ORSZAG,LAKOSSAG,TERULET,FOLDRESZ,FOVAROS) values ('Luxemburg','63473','2586','Európa','113');
Insert into S_ORSZAG (ORSZAG,LAKOSSAG,TERULET,FOLDRESZ,FOVAROS) values ('Madagaszkár','26923350','587041','Afrika','114');
Insert into S_ORSZAG (ORSZAG,LAKOSSAG,TERULET,FOLDRESZ,FOVAROS) values ('Magyarország','9730772','93030','Európa','115');
Insert into S_ORSZAG (ORSZAG,LAKOSSAG,TERULET,FOLDRESZ,FOVAROS) values ('Malajzia','32686200','330803','Ázsia','116');
Insert into S_ORSZAG (ORSZAG,LAKOSSAG,TERULET,FOLDRESZ,FOVAROS) values ('Malawi','18898441','118484','Afrika','117');
Insert into S_ORSZAG (ORSZAG,LAKOSSAG,TERULET,FOLDRESZ,FOVAROS) values ('Maldív-szigetek','383135','300','Ázsia','118');
Insert into S_ORSZAG (ORSZAG,LAKOSSAG,TERULET,FOLDRESZ,FOVAROS) values ('Mali','20856000','1240192','Afrika','119');
Insert into S_ORSZAG (ORSZAG,LAKOSSAG,TERULET,FOLDRESZ,FOVAROS) values ('Málta','5161','316','Európa','120');
Insert into S_ORSZAG (ORSZAG,LAKOSSAG,TERULET,FOLDRESZ,FOVAROS) values ('Marokkó','36461320','446550','Afrika','121');
Insert into S_ORSZAG (ORSZAG,LAKOSSAG,TERULET,FOLDRESZ,FOVAROS) values ('Marshall-szigetek','54516','181','Ausztrália és Óceánia','122');
Insert into S_ORSZAG (ORSZAG,LAKOSSAG,TERULET,FOLDRESZ,FOVAROS) values ('Mauritánia','4271194','1025520','Afrika','123');
Insert into S_ORSZAG (ORSZAG,LAKOSSAG,TERULET,FOLDRESZ,FOVAROS) values ('Mauritius','1266334','1969','Afrika','124');
Insert into S_ORSZAG (ORSZAG,LAKOSSAG,TERULET,FOLDRESZ,FOVAROS) values ('Mexikó','126014020','1972550','Észak- és Közép-Amerika','125');
Insert into S_ORSZAG (ORSZAG,LAKOSSAG,TERULET,FOLDRESZ,FOVAROS) values ('Mikronézia','105754','702','Ausztrália és Óceánia','127');
Insert into S_ORSZAG (ORSZAG,LAKOSSAG,TERULET,FOLDRESZ,FOVAROS) values ('Moldova','2597100','33846','Európa','128');
Insert into S_ORSZAG (ORSZAG,LAKOSSAG,TERULET,FOLDRESZ,FOVAROS) values ('Monaco','3835','1,95','Európa','129');
Insert into S_ORSZAG (ORSZAG,LAKOSSAG,TERULET,FOLDRESZ,FOVAROS) values ('Mongólia','3413356','1564116','Ázsia','130');
Insert into S_ORSZAG (ORSZAG,LAKOSSAG,TERULET,FOLDRESZ,FOVAROS) values ('Montenegró','621306','13812','Európa','131');
Insert into S_ORSZAG (ORSZAG,LAKOSSAG,TERULET,FOLDRESZ,FOVAROS) values ('Namíbia','2550226','824268','Afrika','133');
Insert into S_ORSZAG (ORSZAG,LAKOSSAG,TERULET,FOLDRESZ,FOVAROS) values ('Nauru','11832','21','Ausztrália és Óceánia','134');
Insert into S_ORSZAG (ORSZAG,LAKOSSAG,TERULET,FOLDRESZ,FOVAROS) values ('Németország','83129285','357340','Európa','135');
Insert into S_ORSZAG (ORSZAG,LAKOSSAG,TERULET,FOLDRESZ,FOVAROS) values ('Nepál','30378055','147181','Ázsia','136');
Insert into S_ORSZAG (ORSZAG,LAKOSSAG,TERULET,FOLDRESZ,FOVAROS) values ('Nicaragua','6595674','130373','Észak- és Közép-Amerika','137');
Insert into S_ORSZAG (ORSZAG,LAKOSSAG,TERULET,FOLDRESZ,FOVAROS) values ('Niger','24112753','1267000','Afrika','138');
Insert into S_ORSZAG (ORSZAG,LAKOSSAG,TERULET,FOLDRESZ,FOVAROS) values ('Norvégia','5415166','323782','Európa','140');
Insert into S_ORSZAG (ORSZAG,LAKOSSAG,TERULET,FOLDRESZ,FOVAROS) values ('Nyugat-Szahara','612','266000',null,'141');
Insert into S_ORSZAG (ORSZAG,LAKOSSAG,TERULET,FOLDRESZ,FOVAROS) values ('Olaszország','59097204','301336','Európa','142');
Insert into S_ORSZAG (ORSZAG,LAKOSSAG,TERULET,FOLDRESZ,FOVAROS) values ('Omán','4447408','309500','Ázsia','143');
Insert into S_ORSZAG (ORSZAG,LAKOSSAG,TERULET,FOLDRESZ,FOVAROS) values ('Oroszország','146171015','17075480',null,'144');
Insert into S_ORSZAG (ORSZAG,LAKOSSAG,TERULET,FOLDRESZ,FOVAROS) values ('Pakisztán','225200000','796095','Ázsia','146');
Insert into S_ORSZAG (ORSZAG,LAKOSSAG,TERULET,FOLDRESZ,FOVAROS) values ('Palau','17957','459','Ausztrália és Óceánia','147');
Insert into S_ORSZAG (ORSZAG,LAKOSSAG,TERULET,FOLDRESZ,FOVAROS) values ('Palesztina','5227193','6020',null,null);
Insert into S_ORSZAG (ORSZAG,LAKOSSAG,TERULET,FOLDRESZ,FOVAROS) values ('Panama','4278500','75417','Észak- és Közép-Amerika','149');
Insert into S_ORSZAG (ORSZAG,LAKOSSAG,TERULET,FOLDRESZ,FOVAROS) values ('Pápua Új-Guinea','9122995','462840','Ausztrália és Óceánia','150');
Insert into S_ORSZAG (ORSZAG,LAKOSSAG,TERULET,FOLDRESZ,FOVAROS) values ('Paraguay','7353040','406752','Dél-Amerika','151');
Insert into S_ORSZAG (ORSZAG,LAKOSSAG,TERULET,FOLDRESZ,FOVAROS) values ('Peru','33035300','1285216','Dél-Amerika','152');
Insert into S_ORSZAG (ORSZAG,LAKOSSAG,TERULET,FOLDRESZ,FOVAROS) values ('Románia','19186200','238391','Európa','154');
Insert into S_ORSZAG (ORSZAG,LAKOSSAG,TERULET,FOLDRESZ,FOVAROS) values ('Ruanda','12955768','26338','Afrika','155');
Insert into S_ORSZAG (ORSZAG,LAKOSSAG,TERULET,FOLDRESZ,FOVAROS) values ('Sao Tomé és Príncipe','21461','964','Afrika','156');
Insert into S_ORSZAG (ORSZAG,LAKOSSAG,TERULET,FOLDRESZ,FOVAROS) values ('Saint Kitts és Nevis','54','261','Észak- és Közép-Amerika','157');
Insert into S_ORSZAG (ORSZAG,LAKOSSAG,TERULET,FOLDRESZ,FOVAROS) values ('Saint Lucia','178696','539','Észak- és Közép-Amerika','158');
Insert into S_ORSZAG (ORSZAG,LAKOSSAG,TERULET,FOLDRESZ,FOVAROS) values ('Saint Vincent és a Grenadine-szigetek','110696','389','Észak- és Közép-Amerika','159');
Insert into S_ORSZAG (ORSZAG,LAKOSSAG,TERULET,FOLDRESZ,FOVAROS) values ('Salamon-szigetek','72804','28868','Ausztrália és Óceánia','160');
Insert into S_ORSZAG (ORSZAG,LAKOSSAG,TERULET,FOLDRESZ,FOVAROS) values ('San Marino','33668','61','Európa','162');
Insert into S_ORSZAG (ORSZAG,LAKOSSAG,TERULET,FOLDRESZ,FOVAROS) values ('Seychelle-szigetek','99202','452','Afrika','163');
Insert into S_ORSZAG (ORSZAG,LAKOSSAG,TERULET,FOLDRESZ,FOVAROS) values ('Sierra Leone','8297882','71740','Afrika','164');
Insert into S_ORSZAG (ORSZAG,LAKOSSAG,TERULET,FOLDRESZ,FOVAROS) values ('Spanyolország','47394323','505992','Európa','165');
Insert into S_ORSZAG (ORSZAG,LAKOSSAG,TERULET,FOLDRESZ,FOVAROS) values ('Srí Lanka','22156000','65610','Ázsia','166');
Insert into S_ORSZAG (ORSZAG,LAKOSSAG,TERULET,FOLDRESZ,FOVAROS) values ('Suriname','598','163820','Dél-Amerika','167');
Insert into S_ORSZAG (ORSZAG,LAKOSSAG,TERULET,FOLDRESZ,FOVAROS) values ('Svájc','8717105','41277','Európa','168');
Insert into S_ORSZAG (ORSZAG,LAKOSSAG,TERULET,FOLDRESZ,FOVAROS) values ('Svédország','10443153','450295','Európa','169');
Insert into S_ORSZAG (ORSZAG,LAKOSSAG,TERULET,FOLDRESZ,FOVAROS) values ('Szamoa','199853','2842','Ausztrália és Óceánia','170');
Insert into S_ORSZAG (ORSZAG,LAKOSSAG,TERULET,FOLDRESZ,FOVAROS) values ('Szaúd-Arábia','35013414','2149690','Ázsia','171');
Insert into S_ORSZAG (ORSZAG,LAKOSSAG,TERULET,FOLDRESZ,FOVAROS) values ('Szenegál','17223500','196722','Afrika','172');
Insert into S_ORSZAG (ORSZAG,LAKOSSAG,TERULET,FOLDRESZ,FOVAROS) values ('Szerbia','6871547','88361','Európa','173');
Insert into S_ORSZAG (ORSZAG,LAKOSSAG,TERULET,FOLDRESZ,FOVAROS) values ('Szíria','18276000','185180','Ázsia','175');
Insert into S_ORSZAG (ORSZAG,LAKOSSAG,TERULET,FOLDRESZ,FOVAROS) values ('Szlovákia','5459780','49037','Európa','176');
Insert into S_ORSZAG (ORSZAG,LAKOSSAG,TERULET,FOLDRESZ,FOVAROS) values ('Szlovénia','2108977','20273','Európa','177');
Insert into S_ORSZAG (ORSZAG,LAKOSSAG,TERULET,FOLDRESZ,FOVAROS) values ('Szomália','16360000','637657','Afrika','178');
Insert into S_ORSZAG (ORSZAG,LAKOSSAG,TERULET,FOLDRESZ,FOVAROS) values ('Szudán','44045285','1861484','Afrika','179');
Insert into S_ORSZAG (ORSZAG,LAKOSSAG,TERULET,FOLDRESZ,FOVAROS) values ('Tádzsikisztán','9504000','143100','Ázsia','181');
Insert into S_ORSZAG (ORSZAG,LAKOSSAG,TERULET,FOLDRESZ,FOVAROS) values ('Tanzánia','59441988','945087','Afrika','182');
Insert into S_ORSZAG (ORSZAG,LAKOSSAG,TERULET,FOLDRESZ,FOVAROS) values ('Thaiföld','66731567','513120','Ázsia','183');
Insert into S_ORSZAG (ORSZAG,LAKOSSAG,TERULET,FOLDRESZ,FOVAROS) values ('Togo','7886000','56785','Afrika','184');
Insert into S_ORSZAG (ORSZAG,LAKOSSAG,TERULET,FOLDRESZ,FOVAROS) values ('Tonga','99532','747','Ausztrália és Óceánia','185');
Insert into S_ORSZAG (ORSZAG,LAKOSSAG,TERULET,FOLDRESZ,FOVAROS) values ('Törökország','83614362','783562','Ázsia','186');
Insert into S_ORSZAG (ORSZAG,LAKOSSAG,TERULET,FOLDRESZ,FOVAROS) values ('Trinidad és Tobago','1367558','5130','Észak- és Közép-Amerika','187');
Insert into S_ORSZAG (ORSZAG,LAKOSSAG,TERULET,FOLDRESZ,FOVAROS) values ('Tuvalu','10679','26','Ausztrália és Óceánia','189');
Insert into S_ORSZAG (ORSZAG,LAKOSSAG,TERULET,FOLDRESZ,FOVAROS) values ('Türkmenisztán','6118000','488100','Ázsia','190');
Insert into S_ORSZAG (ORSZAG,LAKOSSAG,TERULET,FOLDRESZ,FOVAROS) values ('Uganda','42885900','241550','Afrika','191');
Insert into S_ORSZAG (ORSZAG,LAKOSSAG,TERULET,FOLDRESZ,FOVAROS) values ('Új-Zéland','5134080','270467','Ausztrália és Óceánia','192');
Insert into S_ORSZAG (ORSZAG,LAKOSSAG,TERULET,FOLDRESZ,FOVAROS) values ('Ukrajna','41319838','577600','Európa','193');
Insert into S_ORSZAG (ORSZAG,LAKOSSAG,TERULET,FOLDRESZ,FOVAROS) values ('Uruguay','3554915','176215','Dél-Amerika','194');
Insert into S_ORSZAG (ORSZAG,LAKOSSAG,TERULET,FOLDRESZ,FOVAROS) values ('Vanuatu','301295','12189','Ausztrália és Óceánia','196');
Insert into S_ORSZAG (ORSZAG,LAKOSSAG,TERULET,FOLDRESZ,FOVAROS) values ('Vatikán','825','0,44','Európa','197');
Insert into S_ORSZAG (ORSZAG,LAKOSSAG,TERULET,FOLDRESZ,FOVAROS) values ('Venezuela','28705000','912050','Dél-Amerika','198');
Insert into S_ORSZAG (ORSZAG,LAKOSSAG,TERULET,FOLDRESZ,FOVAROS) values ('Vietnám','102789600','331212','Ázsia','199');
Insert into S_ORSZAG (ORSZAG,LAKOSSAG,TERULET,FOLDRESZ,FOVAROS) values ('Zambia','18400556','752612','Afrika','200');
Insert into S_ORSZAG (ORSZAG,LAKOSSAG,TERULET,FOLDRESZ,FOVAROS) values ('Zimbabwe','15790720','390757','Afrika','201');
Insert into S_ORSZAG (ORSZAG,LAKOSSAG,TERULET,FOLDRESZ,FOVAROS) values ('Zöld-foki Köztársaság','563198','4033','Afrika','202');
Insert into S_ORSZAG (ORSZAG,LAKOSSAG,TERULET,FOLDRESZ,FOVAROS) values ('Mianmar','55294980','676578','Ázsia','126');
Insert into S_ORSZAG (ORSZAG,LAKOSSAG,TERULET,FOLDRESZ,FOVAROS) values ('Mozambik','30832244','801590','Afrika','132');
Insert into S_ORSZAG (ORSZAG,LAKOSSAG,TERULET,FOLDRESZ,FOVAROS) values ('Nigéria','211401000','923768','Afrika','139');
Insert into S_ORSZAG (ORSZAG,LAKOSSAG,TERULET,FOLDRESZ,FOVAROS) values ('Örményország','2963900','29743','Ázsia','145');
Insert into S_ORSZAG (ORSZAG,LAKOSSAG,TERULET,FOLDRESZ,FOVAROS) values ('Portugália','10347892','92090','Európa','153');
Insert into S_ORSZAG (ORSZAG,LAKOSSAG,TERULET,FOLDRESZ,FOVAROS) values ('Salvador','6825936','21041','Észak- és Közép-Amerika','161');
Insert into S_ORSZAG (ORSZAG,LAKOSSAG,TERULET,FOLDRESZ,FOVAROS) values ('Szingapúr','5453600','710','Ázsia','174');
Insert into S_ORSZAG (ORSZAG,LAKOSSAG,TERULET,FOLDRESZ,FOVAROS) values ('Szváziföld','1172000','17364','Afrika','180');
Insert into S_ORSZAG (ORSZAG,LAKOSSAG,TERULET,FOLDRESZ,FOVAROS) values ('Tunézia','11746695','163610','Afrika','188');
Insert into S_ORSZAG (ORSZAG,LAKOSSAG,TERULET,FOLDRESZ,FOVAROS) values ('Üzbegisztán','35269395','447400','Ázsia','195');
commit;


Insert into S_HELYSEG (HELYSEG_ID,ORSZAG,HELYSEGNEV,LAKOSSAG) values ('1','Abházia','Szuhumi','65439');
Insert into S_HELYSEG (HELYSEG_ID,ORSZAG,HELYSEGNEV,LAKOSSAG) values ('2','Afganisztán','Kabul','4273156');
Insert into S_HELYSEG (HELYSEG_ID,ORSZAG,HELYSEGNEV,LAKOSSAG) values ('3','Albánia','Tirana','418496');
Insert into S_HELYSEG (HELYSEG_ID,ORSZAG,HELYSEGNEV,LAKOSSAG) values ('4','Algéria','Algír','7896923');
Insert into S_HELYSEG (HELYSEG_ID,ORSZAG,HELYSEGNEV,LAKOSSAG) values ('5','Andorra','Andorra la Vella','22256');
Insert into S_HELYSEG (HELYSEG_ID,ORSZAG,HELYSEGNEV,LAKOSSAG) values ('6','Angola','Luanda','2572345');
Insert into S_HELYSEG (HELYSEG_ID,ORSZAG,HELYSEGNEV,LAKOSSAG) values ('7','Antigua és Barbuda','St. John''s',null);
Insert into S_HELYSEG (HELYSEG_ID,ORSZAG,HELYSEGNEV,LAKOSSAG) values ('8','Argentína','Buenos Aires','12801364');
Insert into S_HELYSEG (HELYSEG_ID,ORSZAG,HELYSEGNEV,LAKOSSAG) values ('9','Ausztrália','Canberra','395790');
Insert into S_HELYSEG (HELYSEG_ID,ORSZAG,HELYSEGNEV,LAKOSSAG) values ('10','Ausztria','Bécs','1911191');
Insert into S_HELYSEG (HELYSEG_ID,ORSZAG,HELYSEGNEV,LAKOSSAG) values ('11','Azerbajdzsán','Baku','2181800');
Insert into S_HELYSEG (HELYSEG_ID,ORSZAG,HELYSEGNEV,LAKOSSAG) values ('12','Bahama-szigetek','Nassau','266100');
Insert into S_HELYSEG (HELYSEG_ID,ORSZAG,HELYSEGNEV,LAKOSSAG) values ('13','Bahrein','Manáma','157474');
Insert into S_HELYSEG (HELYSEG_ID,ORSZAG,HELYSEGNEV,LAKOSSAG) values ('14','Banglades','Dakka','21741090');
Insert into S_HELYSEG (HELYSEG_ID,ORSZAG,HELYSEGNEV,LAKOSSAG) values ('15','Barbados','Bridgetown','110000');
Insert into S_HELYSEG (HELYSEG_ID,ORSZAG,HELYSEGNEV,LAKOSSAG) values ('17','Belize','Belmopan','16451');
Insert into S_HELYSEG (HELYSEG_ID,ORSZAG,HELYSEGNEV,LAKOSSAG) values ('18','Benin','Porto Novo','264320');
Insert into S_HELYSEG (HELYSEG_ID,ORSZAG,HELYSEGNEV,LAKOSSAG) values ('19','Bhután','Timpu','114551');
Insert into S_HELYSEG (HELYSEG_ID,ORSZAG,HELYSEGNEV,LAKOSSAG) values ('20','Bissau-Guinea','Bissau','492004');
Insert into S_HELYSEG (HELYSEG_ID,ORSZAG,HELYSEGNEV,LAKOSSAG) values ('21','Bolívia','Sucre','300000');
Insert into S_HELYSEG (HELYSEG_ID,ORSZAG,HELYSEGNEV,LAKOSSAG) values ('22','Bosznia-Hercegovina','Szarajevó','275524');
Insert into S_HELYSEG (HELYSEG_ID,ORSZAG,HELYSEGNEV,LAKOSSAG) values ('23','Botswana','Gaborone',null);
Insert into S_HELYSEG (HELYSEG_ID,ORSZAG,HELYSEGNEV,LAKOSSAG) values ('24','Brazília','Brazíliaváros','2383784');
Insert into S_HELYSEG (HELYSEG_ID,ORSZAG,HELYSEGNEV,LAKOSSAG) values ('25','Brunei','Bandar Seri Begawan',null);
Insert into S_HELYSEG (HELYSEG_ID,ORSZAG,HELYSEGNEV,LAKOSSAG) values ('27','Burkina Faso','Ouagadougou',null);
Insert into S_HELYSEG (HELYSEG_ID,ORSZAG,HELYSEGNEV,LAKOSSAG) values ('28','Burundi','Gitega','135464');
Insert into S_HELYSEG (HELYSEG_ID,ORSZAG,HELYSEGNEV,LAKOSSAG) values ('29','Chile','Santiago de Chile','5614000');
Insert into S_HELYSEG (HELYSEG_ID,ORSZAG,HELYSEGNEV,LAKOSSAG) values ('30','Ciprus','Nicosia','330000');
Insert into S_HELYSEG (HELYSEG_ID,ORSZAG,HELYSEGNEV,LAKOSSAG) values ('31','Comore-szigetek','Moroni','60200');
Insert into S_HELYSEG (HELYSEG_ID,ORSZAG,HELYSEGNEV,LAKOSSAG) values ('32','Costa Rica','San José','339581');
Insert into S_HELYSEG (HELYSEG_ID,ORSZAG,HELYSEGNEV,LAKOSSAG) values ('33','Csád','N''Djamena',null);
Insert into S_HELYSEG (HELYSEG_ID,ORSZAG,HELYSEGNEV,LAKOSSAG) values ('35','Dánia','Koppenhága','602481');
Insert into S_HELYSEG (HELYSEG_ID,ORSZAG,HELYSEGNEV,LAKOSSAG) values ('36','Dél-afrikai Köztársaság','Pretoria',null);
Insert into S_HELYSEG (HELYSEG_ID,ORSZAG,HELYSEGNEV,LAKOSSAG) values ('37','Dél-Korea','Szöul','9776000');
Insert into S_HELYSEG (HELYSEG_ID,ORSZAG,HELYSEGNEV,LAKOSSAG) values ('38','Dél-Oszétia','Chinvali',null);
Insert into S_HELYSEG (HELYSEG_ID,ORSZAG,HELYSEGNEV,LAKOSSAG) values ('39','Dél-Szudán','Juba','525953');
Insert into S_HELYSEG (HELYSEG_ID,ORSZAG,HELYSEGNEV,LAKOSSAG) values ('40','Dnyeszter Menti Köztársaság','Tiraspol','133807');
Insert into S_HELYSEG (HELYSEG_ID,ORSZAG,HELYSEGNEV,LAKOSSAG) values ('42','Dominikai Köztársaság','Santo Domingo','2581827');
Insert into S_HELYSEG (HELYSEG_ID,ORSZAG,HELYSEGNEV,LAKOSSAG) values ('44','Ecuador','Quito',null);
Insert into S_HELYSEG (HELYSEG_ID,ORSZAG,HELYSEGNEV,LAKOSSAG) values ('45','Egyenlítõi-Guinea','Malabo','297000');
Insert into S_HELYSEG (HELYSEG_ID,ORSZAG,HELYSEGNEV,LAKOSSAG) values ('46','Amerikai Egyesült Államok','Washington','692683');
Insert into S_HELYSEG (HELYSEG_ID,ORSZAG,HELYSEGNEV,LAKOSSAG) values ('47','Egyesült Arab Emírségek','Abu-Dzabi',null);
Insert into S_HELYSEG (HELYSEG_ID,ORSZAG,HELYSEGNEV,LAKOSSAG) values ('48','Egyesült Királyság','London','9002488');
Insert into S_HELYSEG (HELYSEG_ID,ORSZAG,HELYSEGNEV,LAKOSSAG) values ('49','Egyiptom','Kairó','9293612');
Insert into S_HELYSEG (HELYSEG_ID,ORSZAG,HELYSEGNEV,LAKOSSAG) values ('50','Elefántcsontpart','Yamoussoukro',null);
Insert into S_HELYSEG (HELYSEG_ID,ORSZAG,HELYSEGNEV,LAKOSSAG) values ('51','Eritrea','Aszmara','963000');
Insert into S_HELYSEG (HELYSEG_ID,ORSZAG,HELYSEGNEV,LAKOSSAG) values ('53','Észak-Macedónia','Szkopje','546824');
Insert into S_HELYSEG (HELYSEG_ID,ORSZAG,HELYSEGNEV,LAKOSSAG) values ('54','Észtország','Tallinn','426538');
Insert into S_HELYSEG (HELYSEG_ID,ORSZAG,HELYSEGNEV,LAKOSSAG) values ('55','Etiópia','Addisz-Abeba',null);
Insert into S_HELYSEG (HELYSEG_ID,ORSZAG,HELYSEGNEV,LAKOSSAG) values ('56','Fehéroroszország','Minszk','1975000');
Insert into S_HELYSEG (HELYSEG_ID,ORSZAG,HELYSEGNEV,LAKOSSAG) values ('57','Fidzsi-szigetek','Suva','93970');
Insert into S_HELYSEG (HELYSEG_ID,ORSZAG,HELYSEGNEV,LAKOSSAG) values ('58','Finnország','Helsinki','631695');
Insert into S_HELYSEG (HELYSEG_ID,ORSZAG,HELYSEGNEV,LAKOSSAG) values ('59','Franciaország','Párizs','2161000');
Insert into S_HELYSEG (HELYSEG_ID,ORSZAG,HELYSEGNEV,LAKOSSAG) values ('60','Fülöp-szigetek','Manila','1780000');
Insert into S_HELYSEG (HELYSEG_ID,ORSZAG,HELYSEGNEV,LAKOSSAG) values ('61','Gabon','Libreville',null);
Insert into S_HELYSEG (HELYSEG_ID,ORSZAG,HELYSEGNEV,LAKOSSAG) values ('64','Görögország','Athén','3167000');
Insert into S_HELYSEG (HELYSEG_ID,ORSZAG,HELYSEGNEV,LAKOSSAG) values ('65','Grenada','St. George''s',null);
Insert into S_HELYSEG (HELYSEG_ID,ORSZAG,HELYSEGNEV,LAKOSSAG) values ('66','Grúzia','Tbiliszi','1114000');
Insert into S_HELYSEG (HELYSEG_ID,ORSZAG,HELYSEGNEV,LAKOSSAG) values ('67','Guatemala','Guatemalaváros','17263239');
Insert into S_HELYSEG (HELYSEG_ID,ORSZAG,HELYSEGNEV,LAKOSSAG) values ('68','Guinea','Conakry',null);
Insert into S_HELYSEG (HELYSEG_ID,ORSZAG,HELYSEGNEV,LAKOSSAG) values ('69','Guyana','Georgetown',null);
Insert into S_HELYSEG (HELYSEG_ID,ORSZAG,HELYSEGNEV,LAKOSSAG) values ('70','Haiti','Port-au-Prince','987310');
Insert into S_HELYSEG (HELYSEG_ID,ORSZAG,HELYSEGNEV,LAKOSSAG) values ('71','Hegyi-Karabah Köztársaság','Sztepanakert','55200');
Insert into S_HELYSEG (HELYSEG_ID,ORSZAG,HELYSEGNEV,LAKOSSAG) values ('72','Hollandia','Amszterdam','821752');
Insert into S_HELYSEG (HELYSEG_ID,ORSZAG,HELYSEGNEV,LAKOSSAG) values ('73','Honduras','Tegucigalpa',null);
Insert into S_HELYSEG (HELYSEG_ID,ORSZAG,HELYSEGNEV,LAKOSSAG) values ('74','Horvátország','Zágráb','806371');
Insert into S_HELYSEG (HELYSEG_ID,ORSZAG,HELYSEGNEV,LAKOSSAG) values ('75','India','Delhi','26495000');
Insert into S_HELYSEG (HELYSEG_ID,ORSZAG,HELYSEGNEV,LAKOSSAG) values ('76','Indonézia','Jakarta','10570000');
Insert into S_HELYSEG (HELYSEG_ID,ORSZAG,HELYSEGNEV,LAKOSSAG) values ('77','Irak','Bagdad','7665000');
Insert into S_HELYSEG (HELYSEG_ID,ORSZAG,HELYSEGNEV,LAKOSSAG) values ('78','Irán','Teherán','8693706');
Insert into S_HELYSEG (HELYSEG_ID,ORSZAG,HELYSEGNEV,LAKOSSAG) values ('79','Írország','Dublin','544107');
Insert into S_HELYSEG (HELYSEG_ID,ORSZAG,HELYSEGNEV,LAKOSSAG) values ('80','Izland','Reykjavík','122853');
Insert into S_HELYSEG (HELYSEG_ID,ORSZAG,HELYSEGNEV,LAKOSSAG) values ('81','Izrael','Jeruzsálem','874186');
Insert into S_HELYSEG (HELYSEG_ID,ORSZAG,HELYSEGNEV,LAKOSSAG) values ('82','Jamaica','Kingston','1243000');
Insert into S_HELYSEG (HELYSEG_ID,ORSZAG,HELYSEGNEV,LAKOSSAG) values ('83','Japán','Tokió','13960000');
Insert into S_HELYSEG (HELYSEG_ID,ORSZAG,HELYSEGNEV,LAKOSSAG) values ('84','Jemen','Szanaa','2545000');
Insert into S_HELYSEG (HELYSEG_ID,ORSZAG,HELYSEGNEV,LAKOSSAG) values ('85','Jordánia','Ammán','4007526');
Insert into S_HELYSEG (HELYSEG_ID,ORSZAG,HELYSEGNEV,LAKOSSAG) values ('87','Kamerun','Yaoundé','2440462');
Insert into S_HELYSEG (HELYSEG_ID,ORSZAG,HELYSEGNEV,LAKOSSAG) values ('88','Kanada','Ottawa','994837');
Insert into S_HELYSEG (HELYSEG_ID,ORSZAG,HELYSEGNEV,LAKOSSAG) values ('89','Katar','Doha','1186023');
Insert into S_HELYSEG (HELYSEG_ID,ORSZAG,HELYSEGNEV,LAKOSSAG) values ('90','Kazahsztán','Nur-Szultan','1000002');
Insert into S_HELYSEG (HELYSEG_ID,ORSZAG,HELYSEGNEV,LAKOSSAG) values ('92','Kenya','Nairobi','4397000');
Insert into S_HELYSEG (HELYSEG_ID,ORSZAG,HELYSEGNEV,LAKOSSAG) values ('93','Kína','Peking','21893095');
Insert into S_HELYSEG (HELYSEG_ID,ORSZAG,HELYSEGNEV,LAKOSSAG) values ('95','Kirgizisztán','Biskek','976734');
Insert into S_HELYSEG (HELYSEG_ID,ORSZAG,HELYSEGNEV,LAKOSSAG) values ('96','Kiribati','South Tarawa',null);
Insert into S_HELYSEG (HELYSEG_ID,ORSZAG,HELYSEGNEV,LAKOSSAG) values ('97','Kolumbia','Bogotá','7743955');
Insert into S_HELYSEG (HELYSEG_ID,ORSZAG,HELYSEGNEV,LAKOSSAG) values ('98','Kongói Demokratikus Köztársaság','Kinshasa','11855000');
Insert into S_HELYSEG (HELYSEG_ID,ORSZAG,HELYSEGNEV,LAKOSSAG) values ('99','Kongói Köztársaság','Brazzaville','1696000');
Insert into S_HELYSEG (HELYSEG_ID,ORSZAG,HELYSEGNEV,LAKOSSAG) values ('100','Koszovó','Pristina','207477');
Insert into S_HELYSEG (HELYSEG_ID,ORSZAG,HELYSEGNEV,LAKOSSAG) values ('101','Közép-afrikai Köztársaság','Bangui','889231');
Insert into S_HELYSEG (HELYSEG_ID,ORSZAG,HELYSEGNEV,LAKOSSAG) values ('102','Kuba','Havanna','2130000');
Insert into S_HELYSEG (HELYSEG_ID,ORSZAG,HELYSEGNEV,LAKOSSAG) values ('105','Lengyelország','Varsó','1765000');
Insert into S_HELYSEG (HELYSEG_ID,ORSZAG,HELYSEGNEV,LAKOSSAG) values ('106','Lesotho','Maseru','330760');
Insert into S_HELYSEG (HELYSEG_ID,ORSZAG,HELYSEGNEV,LAKOSSAG) values ('107','Lettország','Riga','632614');
Insert into S_HELYSEG (HELYSEG_ID,ORSZAG,HELYSEGNEV,LAKOSSAG) values ('108','Libanon','Bejrút','361366');
Insert into S_HELYSEG (HELYSEG_ID,ORSZAG,HELYSEGNEV,LAKOSSAG) values ('109','Libéria','Monrovia','572000');
Insert into S_HELYSEG (HELYSEG_ID,ORSZAG,HELYSEGNEV,LAKOSSAG) values ('111','Liechtenstein','Vaduz','5450');
Insert into S_HELYSEG (HELYSEG_ID,ORSZAG,HELYSEGNEV,LAKOSSAG) values ('113','Luxemburg','Luxembourg','119215');
Insert into S_HELYSEG (HELYSEG_ID,ORSZAG,HELYSEGNEV,LAKOSSAG) values ('114','Madagaszkár','Antananarivo',null);
Insert into S_HELYSEG (HELYSEG_ID,ORSZAG,HELYSEGNEV,LAKOSSAG) values ('115','Magyarország','Budapest','1756000');
Insert into S_HELYSEG (HELYSEG_ID,ORSZAG,HELYSEGNEV,LAKOSSAG) values ('116','Malajzia','Kuala Lumpur',null);
Insert into S_HELYSEG (HELYSEG_ID,ORSZAG,HELYSEGNEV,LAKOSSAG) values ('117','Malawi','Lilongwe',null);
Insert into S_HELYSEG (HELYSEG_ID,ORSZAG,HELYSEGNEV,LAKOSSAG) values ('118','Maldív-szigetek','Malé','142909');
Insert into S_HELYSEG (HELYSEG_ID,ORSZAG,HELYSEGNEV,LAKOSSAG) values ('119','Mali','Bamako','1690471');
Insert into S_HELYSEG (HELYSEG_ID,ORSZAG,HELYSEGNEV,LAKOSSAG) values ('120','Málta','Valletta','5730');
Insert into S_HELYSEG (HELYSEG_ID,ORSZAG,HELYSEGNEV,LAKOSSAG) values ('121','Marokkó','Rabat','577827');
Insert into S_HELYSEG (HELYSEG_ID,ORSZAG,HELYSEGNEV,LAKOSSAG) values ('122','Marshall-szigetek','Majuro','27797');
Insert into S_HELYSEG (HELYSEG_ID,ORSZAG,HELYSEGNEV,LAKOSSAG) values ('123','Mauritánia','Nouakchott',null);
Insert into S_HELYSEG (HELYSEG_ID,ORSZAG,HELYSEGNEV,LAKOSSAG) values ('124','Mauritius','Port Louis',null);
Insert into S_HELYSEG (HELYSEG_ID,ORSZAG,HELYSEGNEV,LAKOSSAG) values ('126','Mianmar','Nepjida',null);
Insert into S_HELYSEG (HELYSEG_ID,ORSZAG,HELYSEGNEV,LAKOSSAG) values ('127','Mikronézia','Palikir','6647');
Insert into S_HELYSEG (HELYSEG_ID,ORSZAG,HELYSEGNEV,LAKOSSAG) values ('128','Moldova','Chisinãu',null);
Insert into S_HELYSEG (HELYSEG_ID,ORSZAG,HELYSEGNEV,LAKOSSAG) values ('129','Monaco','Monaco','38350');
Insert into S_HELYSEG (HELYSEG_ID,ORSZAG,HELYSEGNEV,LAKOSSAG) values ('131','Montenegró','Podgorica','174515');
Insert into S_HELYSEG (HELYSEG_ID,ORSZAG,HELYSEGNEV,LAKOSSAG) values ('132','Mozambik','Maputo','1880000');
Insert into S_HELYSEG (HELYSEG_ID,ORSZAG,HELYSEGNEV,LAKOSSAG) values ('133','Namíbia','Windhoek',null);
Insert into S_HELYSEG (HELYSEG_ID,ORSZAG,HELYSEGNEV,LAKOSSAG) values ('134','Nauru','Yaren','747');
Insert into S_HELYSEG (HELYSEG_ID,ORSZAG,HELYSEGNEV,LAKOSSAG) values ('135','Németország','Berlin','3664088');
Insert into S_HELYSEG (HELYSEG_ID,ORSZAG,HELYSEGNEV,LAKOSSAG) values ('137','Nicaragua','Managua','1520000');
Insert into S_HELYSEG (HELYSEG_ID,ORSZAG,HELYSEGNEV,LAKOSSAG) values ('138','Niger','Niamey',null);
Insert into S_HELYSEG (HELYSEG_ID,ORSZAG,HELYSEGNEV,LAKOSSAG) values ('139','Nigéria','Abuja',null);
Insert into S_HELYSEG (HELYSEG_ID,ORSZAG,HELYSEGNEV,LAKOSSAG) values ('140','Norvégia','Oslo','634293');
Insert into S_HELYSEG (HELYSEG_ID,ORSZAG,HELYSEGNEV,LAKOSSAG) values ('141','Nyugat-Szahara','El-Ajún',null);
Insert into S_HELYSEG (HELYSEG_ID,ORSZAG,HELYSEGNEV,LAKOSSAG) values ('142','Olaszország','Róma','2873000');
Insert into S_HELYSEG (HELYSEG_ID,ORSZAG,HELYSEGNEV,LAKOSSAG) values ('144','Oroszország','Moszkva','12632409');
Insert into S_HELYSEG (HELYSEG_ID,ORSZAG,HELYSEGNEV,LAKOSSAG) values ('145','Örményország','Jereván','1750000');
Insert into S_HELYSEG (HELYSEG_ID,ORSZAG,HELYSEGNEV,LAKOSSAG) values ('146','Pakisztán','Iszlámábád',null);
Insert into S_HELYSEG (HELYSEG_ID,ORSZAG,HELYSEGNEV,LAKOSSAG) values ('147','Palau','Ngerulmud',null);
Insert into S_HELYSEG (HELYSEG_ID,ORSZAG,HELYSEGNEV,LAKOSSAG) values ('149','Panama','Panamaváros',null);
Insert into S_HELYSEG (HELYSEG_ID,ORSZAG,HELYSEGNEV,LAKOSSAG) values ('150','Pápua Új-Guinea','Port Moresby',null);
Insert into S_HELYSEG (HELYSEG_ID,ORSZAG,HELYSEGNEV,LAKOSSAG) values ('151','Paraguay','Asunción',null);
Insert into S_HELYSEG (HELYSEG_ID,ORSZAG,HELYSEGNEV,LAKOSSAG) values ('152','Peru','Lima','9500000');
Insert into S_HELYSEG (HELYSEG_ID,ORSZAG,HELYSEGNEV,LAKOSSAG) values ('153','Portugália','Lisszabon','504718');
Insert into S_HELYSEG (HELYSEG_ID,ORSZAG,HELYSEGNEV,LAKOSSAG) values ('154','Románia','Bukarest','1830000');
Insert into S_HELYSEG (HELYSEG_ID,ORSZAG,HELYSEGNEV,LAKOSSAG) values ('156','Sao Tomé és Príncipe','Sao Tomé','219161');
Insert into S_HELYSEG (HELYSEG_ID,ORSZAG,HELYSEGNEV,LAKOSSAG) values ('157','Saint Kitts és Nevis','Basseterre',null);
Insert into S_HELYSEG (HELYSEG_ID,ORSZAG,HELYSEGNEV,LAKOSSAG) values ('158','Saint Lucia','Castries','20000');
Insert into S_HELYSEG (HELYSEG_ID,ORSZAG,HELYSEGNEV,LAKOSSAG) values ('159','Saint Vincent és a Grenadine-szigetek','Kingstown',null);
Insert into S_HELYSEG (HELYSEG_ID,ORSZAG,HELYSEGNEV,LAKOSSAG) values ('160','Salamon-szigetek','Honiara',null);
Insert into S_HELYSEG (HELYSEG_ID,ORSZAG,HELYSEGNEV,LAKOSSAG) values ('161','Salvador','San Salvador',null);
Insert into S_HELYSEG (HELYSEG_ID,ORSZAG,HELYSEGNEV,LAKOSSAG) values ('162','San Marino','San Marino','33938');
Insert into S_HELYSEG (HELYSEG_ID,ORSZAG,HELYSEGNEV,LAKOSSAG) values ('163','Seychelle-szigetek','Victoria','26450');
Insert into S_HELYSEG (HELYSEG_ID,ORSZAG,HELYSEGNEV,LAKOSSAG) values ('165','Spanyolország','Madrid','3305408');
Insert into S_HELYSEG (HELYSEG_ID,ORSZAG,HELYSEGNEV,LAKOSSAG) values ('166','Srí Lanka','Szrí Dzsajavardhanapura Kótté',null);
Insert into S_HELYSEG (HELYSEG_ID,ORSZAG,HELYSEGNEV,LAKOSSAG) values ('167','Suriname','Paramaribo',null);
Insert into S_HELYSEG (HELYSEG_ID,ORSZAG,HELYSEGNEV,LAKOSSAG) values ('168','Svájc','Bern','133115');
Insert into S_HELYSEG (HELYSEG_ID,ORSZAG,HELYSEGNEV,LAKOSSAG) values ('169','Svédország','Stockholm','975571');
Insert into S_HELYSEG (HELYSEG_ID,ORSZAG,HELYSEGNEV,LAKOSSAG) values ('170','Szamoa','Apia','37708');
Insert into S_HELYSEG (HELYSEG_ID,ORSZAG,HELYSEGNEV,LAKOSSAG) values ('171','Szaúd-Arábia','Rijád','7677000');
Insert into S_HELYSEG (HELYSEG_ID,ORSZAG,HELYSEGNEV,LAKOSSAG) values ('172','Szenegál','Dakar','11460053');
Insert into S_HELYSEG (HELYSEG_ID,ORSZAG,HELYSEGNEV,LAKOSSAG) values ('174','Szingapúr','Szingapúr','5686000');
Insert into S_HELYSEG (HELYSEG_ID,ORSZAG,HELYSEGNEV,LAKOSSAG) values ('175','Szíria','Damaszkusz','2790000');
Insert into S_HELYSEG (HELYSEG_ID,ORSZAG,HELYSEGNEV,LAKOSSAG) values ('177','Szlovénia','Ljubljana',null);
Insert into S_HELYSEG (HELYSEG_ID,ORSZAG,HELYSEGNEV,LAKOSSAG) values ('178','Szomália','Mogadishu',null);
Insert into S_HELYSEG (HELYSEG_ID,ORSZAG,HELYSEGNEV,LAKOSSAG) values ('179','Szudán','Kartúm','639598');
Insert into S_HELYSEG (HELYSEG_ID,ORSZAG,HELYSEGNEV,LAKOSSAG) values ('180','Szváziföld','Mbabane',null);
Insert into S_HELYSEG (HELYSEG_ID,ORSZAG,HELYSEGNEV,LAKOSSAG) values ('182','Tanzánia','Dodoma',null);
Insert into S_HELYSEG (HELYSEG_ID,ORSZAG,HELYSEGNEV,LAKOSSAG) values ('183','Thaiföld','Bangkok',null);
Insert into S_HELYSEG (HELYSEG_ID,ORSZAG,HELYSEGNEV,LAKOSSAG) values ('184','Togo','Lomé','1477660');
Insert into S_HELYSEG (HELYSEG_ID,ORSZAG,HELYSEGNEV,LAKOSSAG) values ('185','Tonga','Nuku''alofa',null);
Insert into S_HELYSEG (HELYSEG_ID,ORSZAG,HELYSEGNEV,LAKOSSAG) values ('186','Törökország','Ankara','5663000');
Insert into S_HELYSEG (HELYSEG_ID,ORSZAG,HELYSEGNEV,LAKOSSAG) values ('187','Trinidad és Tobago','Port of Spain',null);
Insert into S_HELYSEG (HELYSEG_ID,ORSZAG,HELYSEGNEV,LAKOSSAG) values ('189','Tuvalu','Vaiaku',null);
Insert into S_HELYSEG (HELYSEG_ID,ORSZAG,HELYSEGNEV,LAKOSSAG) values ('190','Türkmenisztán','Asgabat',null);
Insert into S_HELYSEG (HELYSEG_ID,ORSZAG,HELYSEGNEV,LAKOSSAG) values ('191','Uganda','Kampala','1507000');
Insert into S_HELYSEG (HELYSEG_ID,ORSZAG,HELYSEGNEV,LAKOSSAG) values ('192','Új-Zéland','Wellington',null);
Insert into S_HELYSEG (HELYSEG_ID,ORSZAG,HELYSEGNEV,LAKOSSAG) values ('193','Ukrajna','Kijev','2920873');
Insert into S_HELYSEG (HELYSEG_ID,ORSZAG,HELYSEGNEV,LAKOSSAG) values ('194','Uruguay','Montevideo',null);
Insert into S_HELYSEG (HELYSEG_ID,ORSZAG,HELYSEGNEV,LAKOSSAG) values ('195','Üzbegisztán','Taskent','2393000');
Insert into S_HELYSEG (HELYSEG_ID,ORSZAG,HELYSEGNEV,LAKOSSAG) values ('196','Vanuatu','Port Vila',null);
Insert into S_HELYSEG (HELYSEG_ID,ORSZAG,HELYSEGNEV,LAKOSSAG) values ('197','Vatikán','Vatikánváros','825');
Insert into S_HELYSEG (HELYSEG_ID,ORSZAG,HELYSEGNEV,LAKOSSAG) values ('198','Venezuela','Caracas','2820000');
Insert into S_HELYSEG (HELYSEG_ID,ORSZAG,HELYSEGNEV,LAKOSSAG) values ('199','Vietnám','Hanoi','7670000');
Insert into S_HELYSEG (HELYSEG_ID,ORSZAG,HELYSEGNEV,LAKOSSAG) values ('200','Zambia','Lusaka',null);
Insert into S_HELYSEG (HELYSEG_ID,ORSZAG,HELYSEGNEV,LAKOSSAG) values ('201','Zimbabwe','Harare',null);
Insert into S_HELYSEG (HELYSEG_ID,ORSZAG,HELYSEGNEV,LAKOSSAG) values ('202','Zöld-foki Köztársaság','Praia','159050');
Insert into S_HELYSEG (HELYSEG_ID,ORSZAG,HELYSEGNEV,LAKOSSAG) values ('301','Szíria','Latakia',null);
Insert into S_HELYSEG (HELYSEG_ID,ORSZAG,HELYSEGNEV,LAKOSSAG) values ('302','Szíria','Tartus',null);
Insert into S_HELYSEG (HELYSEG_ID,ORSZAG,HELYSEGNEV,LAKOSSAG) values ('303','Törökország','Iskenderun',null);
Insert into S_HELYSEG (HELYSEG_ID,ORSZAG,HELYSEGNEV,LAKOSSAG) values ('304','Törökország','Mersin','955106');
Insert into S_HELYSEG (HELYSEG_ID,ORSZAG,HELYSEGNEV,LAKOSSAG) values ('305','Törökország','Antalya',null);
Insert into S_HELYSEG (HELYSEG_ID,ORSZAG,HELYSEGNEV,LAKOSSAG) values ('306','Törökország','Aliaga',null);
Insert into S_HELYSEG (HELYSEG_ID,ORSZAG,HELYSEGNEV,LAKOSSAG) values ('307','Törökország','Tekirdag',null);
Insert into S_HELYSEG (HELYSEG_ID,ORSZAG,HELYSEGNEV,LAKOSSAG) values ('308','Törökország','Kumport',null);
Insert into S_HELYSEG (HELYSEG_ID,ORSZAG,HELYSEGNEV,LAKOSSAG) values ('309','Törökország','Istanbul','15462452');
Insert into S_HELYSEG (HELYSEG_ID,ORSZAG,HELYSEGNEV,LAKOSSAG) values ('310','Törökország','Haydarpasa',null);
Insert into S_HELYSEG (HELYSEG_ID,ORSZAG,HELYSEGNEV,LAKOSSAG) values ('311','Törökország','Izmit','1111789');
Insert into S_HELYSEG (HELYSEG_ID,ORSZAG,HELYSEGNEV,LAKOSSAG) values ('312','Törökország','Gemlik',null);
Insert into S_HELYSEG (HELYSEG_ID,ORSZAG,HELYSEGNEV,LAKOSSAG) values ('313','Törökország','Samsun','605319');
Insert into S_HELYSEG (HELYSEG_ID,ORSZAG,HELYSEGNEV,LAKOSSAG) values ('314','Törökország','Trabzon',null);
Insert into S_HELYSEG (HELYSEG_ID,ORSZAG,HELYSEGNEV,LAKOSSAG) values ('315','Grúzia','Poti','41465');
Insert into S_HELYSEG (HELYSEG_ID,ORSZAG,HELYSEGNEV,LAKOSSAG) values ('316','Grúzia','Batumi','155000');
Insert into S_HELYSEG (HELYSEG_ID,ORSZAG,HELYSEGNEV,LAKOSSAG) values ('317','Oroszország','Novorossiysk','248857');
Insert into S_HELYSEG (HELYSEG_ID,ORSZAG,HELYSEGNEV,LAKOSSAG) values ('318','Ukrajna','Chornomorsk',null);
Insert into S_HELYSEG (HELYSEG_ID,ORSZAG,HELYSEGNEV,LAKOSSAG) values ('319','Ukrajna','Odessza ',null);
Insert into S_HELYSEG (HELYSEG_ID,ORSZAG,HELYSEGNEV,LAKOSSAG) values ('321','Ciprus','Limassol','239842');
Insert into S_HELYSEG (HELYSEG_ID,ORSZAG,HELYSEGNEV,LAKOSSAG) values ('322','Bulgária','Várna','335177');
Insert into S_HELYSEG (HELYSEG_ID,ORSZAG,HELYSEGNEV,LAKOSSAG) values ('323','Bulgária','Burgasz','202766');
Insert into S_HELYSEG (HELYSEG_ID,ORSZAG,HELYSEGNEV,LAKOSSAG) values ('324','Románia','Konstanca',null);
Insert into S_HELYSEG (HELYSEG_ID,ORSZAG,HELYSEGNEV,LAKOSSAG) values ('325','Málta','Marsaxlokk',null);
Insert into S_HELYSEG (HELYSEG_ID,ORSZAG,HELYSEGNEV,LAKOSSAG) values ('328','Görögország','Pireusz','163688');
Insert into S_HELYSEG (HELYSEG_ID,ORSZAG,HELYSEGNEV,LAKOSSAG) values ('329','Görögország','Szaloniki ',null);
Insert into S_HELYSEG (HELYSEG_ID,ORSZAG,HELYSEGNEV,LAKOSSAG) values ('330','Franciaország','Fos Sur Mer',null);
Insert into S_HELYSEG (HELYSEG_ID,ORSZAG,HELYSEGNEV,LAKOSSAG) values ('331','Franciaország','Marseille','861635');
Insert into S_HELYSEG (HELYSEG_ID,ORSZAG,HELYSEGNEV,LAKOSSAG) values ('332','Olaszország','Cagliari ',null);
Insert into S_HELYSEG (HELYSEG_ID,ORSZAG,HELYSEGNEV,LAKOSSAG) values ('333','Olaszország','Genova','583601');
Insert into S_HELYSEG (HELYSEG_ID,ORSZAG,HELYSEGNEV,LAKOSSAG) values ('334','Olaszország','Vado Ligure',null);
Insert into S_HELYSEG (HELYSEG_ID,ORSZAG,HELYSEGNEV,LAKOSSAG) values ('336','Olaszország','Livorno','158916');
Insert into S_HELYSEG (HELYSEG_ID,ORSZAG,HELYSEGNEV,LAKOSSAG) values ('337','Olaszország','Civitavecchia',null);
Insert into S_HELYSEG (HELYSEG_ID,ORSZAG,HELYSEGNEV,LAKOSSAG) values ('338','Olaszország','Nápoly',null);
Insert into S_HELYSEG (HELYSEG_ID,ORSZAG,HELYSEGNEV,LAKOSSAG) values ('339','Olaszország','Salerno','134850');
Insert into S_HELYSEG (HELYSEG_ID,ORSZAG,HELYSEGNEV,LAKOSSAG) values ('340','Olaszország','Gioia Tauro',null);
Insert into S_HELYSEG (HELYSEG_ID,ORSZAG,HELYSEGNEV,LAKOSSAG) values ('341','Olaszország','Palermo','673735');
Insert into S_HELYSEG (HELYSEG_ID,ORSZAG,HELYSEGNEV,LAKOSSAG) values ('342','Olaszország','Catania ',null);
Insert into S_HELYSEG (HELYSEG_ID,ORSZAG,HELYSEGNEV,LAKOSSAG) values ('343','Olaszország','Bari','324198');
Insert into S_HELYSEG (HELYSEG_ID,ORSZAG,HELYSEGNEV,LAKOSSAG) values ('344','Olaszország','Ancona','100696');
Insert into S_HELYSEG (HELYSEG_ID,ORSZAG,HELYSEGNEV,LAKOSSAG) values ('345','Olaszország','Ravenna',null);
Insert into S_HELYSEG (HELYSEG_ID,ORSZAG,HELYSEGNEV,LAKOSSAG) values ('346','Olaszország','Trieszt','204234');
Insert into S_HELYSEG (HELYSEG_ID,ORSZAG,HELYSEGNEV,LAKOSSAG) values ('347','Olaszország','Velence','261905');
Insert into S_HELYSEG (HELYSEG_ID,ORSZAG,HELYSEGNEV,LAKOSSAG) values ('348','Montenegró','Bar','13719');
Insert into S_HELYSEG (HELYSEG_ID,ORSZAG,HELYSEGNEV,LAKOSSAG) values ('349','Albánia','Durres',null);
Insert into S_HELYSEG (HELYSEG_ID,ORSZAG,HELYSEGNEV,LAKOSSAG) values ('350','Szlovénia','Koper','25753');
Insert into S_HELYSEG (HELYSEG_ID,ORSZAG,HELYSEGNEV,LAKOSSAG) values ('351','Horvátország','Dubrovnik','42615');
Insert into S_HELYSEG (HELYSEG_ID,ORSZAG,HELYSEGNEV,LAKOSSAG) values ('352','Horvátország','Split','342729');
Insert into S_HELYSEG (HELYSEG_ID,ORSZAG,HELYSEGNEV,LAKOSSAG) values ('353','Horvátország','Rijeka Bakar',null);
Insert into S_HELYSEG (HELYSEG_ID,ORSZAG,HELYSEGNEV,LAKOSSAG) values ('354','Spanyolország','Barcelona','1636732');
Insert into S_HELYSEG (HELYSEG_ID,ORSZAG,HELYSEGNEV,LAKOSSAG) values ('355','Spanyolország','Valencia','791413');
Insert into S_HELYSEG (HELYSEG_ID,ORSZAG,HELYSEGNEV,LAKOSSAG) values ('356','Spanyolország','Algeciras',null);
Insert into S_HELYSEG (HELYSEG_ID,ORSZAG,HELYSEGNEV,LAKOSSAG) values ('357','Marokkó','Tanger',null);
Insert into S_HELYSEG (HELYSEG_ID,ORSZAG,HELYSEGNEV,LAKOSSAG) values ('360','Libanon','Tripoli','1126000');
Insert into S_HELYSEG (HELYSEG_ID,ORSZAG,HELYSEGNEV,LAKOSSAG) values ('361','Líbia','Bengázi',null);
Insert into S_HELYSEG (HELYSEG_ID,ORSZAG,HELYSEGNEV,LAKOSSAG) values ('362','Líbia','Tobruk','135832');
Insert into S_HELYSEG (HELYSEG_ID,ORSZAG,HELYSEGNEV,LAKOSSAG) values ('363','Egyiptom','Alexandria','4870000');
Insert into S_HELYSEG (HELYSEG_ID,ORSZAG,HELYSEGNEV,LAKOSSAG) values ('364','Egyiptom','Port Said',null);
Insert into S_HELYSEG (HELYSEG_ID,ORSZAG,HELYSEGNEV,LAKOSSAG) values ('365','Izrael','Haifa','279247');
Insert into S_HELYSEG (HELYSEG_ID,ORSZAG,HELYSEGNEV,LAKOSSAG) values ('366','Izrael','Ashdod','220883');
Insert into S_HELYSEG (HELYSEG_ID,ORSZAG,HELYSEGNEV,LAKOSSAG) values ('370','Oroszország','Szentpétervár','5376672');
Insert into S_HELYSEG (HELYSEG_ID,ORSZAG,HELYSEGNEV,LAKOSSAG) values ('86','Kambodzsa','Phnompen','2282000');
Insert into S_HELYSEG (HELYSEG_ID,ORSZAG,HELYSEGNEV,LAKOSSAG) values ('91','Kelet-Timor','Dili','222323');
Insert into S_HELYSEG (HELYSEG_ID,ORSZAG,HELYSEGNEV,LAKOSSAG) values ('94','Kínai Köztársaság','Tajpej','2603150');
Insert into S_HELYSEG (HELYSEG_ID,ORSZAG,HELYSEGNEV,LAKOSSAG) values ('103','Kuvait','Kuvaitváros','2989000');
Insert into S_HELYSEG (HELYSEG_ID,ORSZAG,HELYSEGNEV,LAKOSSAG) values ('110','Líbia','Tripoli','1126000');
Insert into S_HELYSEG (HELYSEG_ID,ORSZAG,HELYSEGNEV,LAKOSSAG) values ('16','Belgium','Brüsszel','185103');
Insert into S_HELYSEG (HELYSEG_ID,ORSZAG,HELYSEGNEV,LAKOSSAG) values ('26','Bulgária','Szófia','1236000');
Insert into S_HELYSEG (HELYSEG_ID,ORSZAG,HELYSEGNEV,LAKOSSAG) values ('34','Csehország','Prága','1335084');
Insert into S_HELYSEG (HELYSEG_ID,ORSZAG,HELYSEGNEV,LAKOSSAG) values ('41','Dominikai Közösség','Roseau','14725');
Insert into S_HELYSEG (HELYSEG_ID,ORSZAG,HELYSEGNEV,LAKOSSAG) values ('43','Dzsibuti','Dzsibuti','988002');
Insert into S_HELYSEG (HELYSEG_ID,ORSZAG,HELYSEGNEV,LAKOSSAG) values ('52','Észak-Korea','Phenjan','2870000');
Insert into S_HELYSEG (HELYSEG_ID,ORSZAG,HELYSEGNEV,LAKOSSAG) values ('63','Ghána','Accra','2291352');
Insert into S_HELYSEG (HELYSEG_ID,ORSZAG,HELYSEGNEV,LAKOSSAG) values ('104','Laosz','Vientián','948477');
Insert into S_HELYSEG (HELYSEG_ID,ORSZAG,HELYSEGNEV,LAKOSSAG) values ('112','Litvánia','Vilnius','544386');
Insert into S_HELYSEG (HELYSEG_ID,ORSZAG,HELYSEGNEV,LAKOSSAG) values ('125','Mexikó','Mexikóváros','8851080');
Insert into S_HELYSEG (HELYSEG_ID,ORSZAG,HELYSEGNEV,LAKOSSAG) values ('136','Nepál','Katmandu','1442000');
Insert into S_HELYSEG (HELYSEG_ID,ORSZAG,HELYSEGNEV,LAKOSSAG) values ('143','Omán','Maszkat','1421409');
Insert into S_HELYSEG (HELYSEG_ID,ORSZAG,HELYSEGNEV,LAKOSSAG) values ('155','Ruanda','Kigali','859332');
Insert into S_HELYSEG (HELYSEG_ID,ORSZAG,HELYSEGNEV,LAKOSSAG) values ('164','Sierra Leone','Freetown','1560000');
Insert into S_HELYSEG (HELYSEG_ID,ORSZAG,HELYSEGNEV,LAKOSSAG) values ('173','Szerbia','Belgrád','1374000');
Insert into S_HELYSEG (HELYSEG_ID,ORSZAG,HELYSEGNEV,LAKOSSAG) values ('176','Szlovákia','Pozsony','424428');
Insert into S_HELYSEG (HELYSEG_ID,ORSZAG,HELYSEGNEV,LAKOSSAG) values ('62','Gambia','Banjul','31301');
Insert into S_HELYSEG (HELYSEG_ID,ORSZAG,HELYSEGNEV,LAKOSSAG) values ('130','Mongólia','Ulánbátor','1452000');
Insert into S_HELYSEG (HELYSEG_ID,ORSZAG,HELYSEGNEV,LAKOSSAG) values ('181','Tádzsikisztán','Dusanbe','777027');
Insert into S_HELYSEG (HELYSEG_ID,ORSZAG,HELYSEGNEV,LAKOSSAG) values ('188','Tunézia','Tunisz','638875');
Insert into S_HELYSEG (HELYSEG_ID,ORSZAG,HELYSEGNEV,LAKOSSAG) values ('335','Olaszország','La Spezia','93678');
Insert into S_HELYSEG (HELYSEG_ID,ORSZAG,HELYSEGNEV,LAKOSSAG) values ('320','Moldova','Giurgiulesti',null);
Insert into S_HELYSEG (HELYSEG_ID,ORSZAG,HELYSEGNEV,LAKOSSAG) values ('401','Egyiptom','Szuez','744189');
Insert into S_HELYSEG (HELYSEG_ID,ORSZAG,HELYSEGNEV,LAKOSSAG) values ('402','Franciaország','Toulouse','471941');
Insert into S_HELYSEG (HELYSEG_ID,ORSZAG,HELYSEGNEV,LAKOSSAG) values ('403','Grúzia','Kutaiszi',null);
Insert into S_HELYSEG (HELYSEG_ID,ORSZAG,HELYSEGNEV,LAKOSSAG) values ('404','Líbia','Jalu','7963');
Insert into S_HELYSEG (HELYSEG_ID,ORSZAG,HELYSEGNEV,LAKOSSAG) values ('405','Líbia','Waddan','27590');
Insert into S_HELYSEG (HELYSEG_ID,ORSZAG,HELYSEGNEV,LAKOSSAG) values ('406','Marokkó','Casablanca','4370000');
Insert into S_HELYSEG (HELYSEG_ID,ORSZAG,HELYSEGNEV,LAKOSSAG) values ('408','Tunézia','Szfaksz','330440');
Insert into S_HELYSEG (HELYSEG_ID,ORSZAG,HELYSEGNEV,LAKOSSAG) values ('409','Magyarország','Debrecen','200974');
Insert into S_HELYSEG (HELYSEG_ID,ORSZAG,HELYSEGNEV,LAKOSSAG) values ('410','Svájc','Lausanne','137810');
commit;

ALTER TABLE s_orszag
    ADD CONSTRAINT s_osz_hs_fk FOREIGN KEY ( fovaros )
        REFERENCES s_helyseg ( helyseg_id );
        

Insert into S_KIKOTO (KIKOTO_ID,HELYSEG,LEIRAS) values ('Syr_Lat','301','terminálterület: közepes, kikötõméret: kicsi, védelem: közepes, vízmélység: 12 m, emelõk: 100+ t, fix daruk, mobil daruk, hajójavítás: korlátozott, vasúti kapcsolat: közepes');
Insert into S_KIKOTO (KIKOTO_ID,HELYSEG,LEIRAS) values ('Syr_Tar','302',null);
Insert into S_KIKOTO (KIKOTO_ID,HELYSEG,LEIRAS) values ('Tur_Isk','303','terminálterület: kicsi, kikötõméret: kicsi, védelem: közepes, vízmélység: 10 m, emelõk: 50 t, fix daruk, mobil daruk, hajójavítás: közepes');
Insert into S_KIKOTO (KIKOTO_ID,HELYSEG,LEIRAS) values ('Tur_Mer','304','terminálterület: közepes, kikötõméret: közepes, védelem: közepes, vízmélység: 6 m, emelõk: 100 t, fix daruk, mobil daruk, hajójavítás: korlátozott');
Insert into S_KIKOTO (KIKOTO_ID,HELYSEG,LEIRAS) values ('Tur_Ant','305',null);
Insert into S_KIKOTO (KIKOTO_ID,HELYSEG,LEIRAS) values ('Tur_Ali','306','terminálterület: közepes');
Insert into S_KIKOTO (KIKOTO_ID,HELYSEG,LEIRAS) values ('Tur_Teki','307','terminálterület: kicsi');
Insert into S_KIKOTO (KIKOTO_ID,HELYSEG,LEIRAS) values ('Tur_Kum','308',null);
Insert into S_KIKOTO (KIKOTO_ID,HELYSEG,LEIRAS) values ('Tur_Ist','309','terminálterület: nagyon nagy, kikötõméret: közepes, védelem: közepes, vízmélység: 8 m, emelõk: 100 t, mobil daruk, hajójavítás: közepes, szárazdokk: kicsi');
Insert into S_KIKOTO (KIKOTO_ID,HELYSEG,LEIRAS) values ('Tur_Hay','310','terminálterület: közepes, kikötõméret: kicsi, védelem: jó, vízmélység: 6 m, emelõk: 100+ t, mobil daruk, hajójavítás: közepes');
Insert into S_KIKOTO (KIKOTO_ID,HELYSEG,LEIRAS) values ('Tur_Izm','311','terminálterület: kicsi, kikötõméret: nagyon kicsi, védelem: közepes, vízmélység: 8 m, emelõk: 25 t, mobil daruk, vasúti kapcsolat: kicsi');
Insert into S_KIKOTO (KIKOTO_ID,HELYSEG,LEIRAS) values ('Tur_Gem','312','terminálterület: közepes, kikötõméret: nagyon kicsi, védelem: közepes, vízmélység: 8 m, emelõk: 100 t, mobil daruk, hajójavítás: korlátozott');
Insert into S_KIKOTO (KIKOTO_ID,HELYSEG,LEIRAS) values ('Tur_Sam','313','terminálterület: kicsi, kikötõméret: nagyon kicsi, védelem: közepes, vízmélység: 6 m, emelõk: 50 t, mobil daruk, hajójavítás: korlátozott, vasúti kapcsolat: kicsi');
Insert into S_KIKOTO (KIKOTO_ID,HELYSEG,LEIRAS) values ('Tur_Tra','314','terminálterület: kicsi, kikötõméret: nagyon kicsi, védelem: közepes, vízmélység: 10 m, emelõk: 50 t, mobil daruk');
Insert into S_KIKOTO (KIKOTO_ID,HELYSEG,LEIRAS) values ('Geo_Pot','315','terminálterület: közepes, kikötõméret: kicsi, védelem: közepes, vízmélység: 9 m, emelõk: 100+ t, hajójavítás: korlátozott, vasúti kapcsolat: kicsi, szárazdokk: kicsi');
Insert into S_KIKOTO (KIKOTO_ID,HELYSEG,LEIRAS) values ('Geo_Bat','316','terminálterület: közepes, kikötõméret: kicsi, védelem: jó, vízmélység: 8 m, emelõk: 50+ t, mobil daruk, hajójavítás: korlátozott');
Insert into S_KIKOTO (KIKOTO_ID,HELYSEG,LEIRAS) values ('Rus_Nov','317','terminálterület: nagy, kikötõméret: kicsi, védelem: jó, vízmélység: 6 m, emelõk: 100+ t, fix daruk, mobil daruk, hajójavítás: erõs, vasúti kapcsolat: közepes, szárazdokk: közepes');
Insert into S_KIKOTO (KIKOTO_ID,HELYSEG,LEIRAS) values ('Ukr_Chor','318','terminálterület: közepes, kikötõméret: kicsi, védelem: közepes, vízmélység: 10 m, emelõk: 100+ t, fix daruk, mobil daruk, hajójavítás: közepes, vasúti kapcsolat: kicsi, szárazdokk: közepes');
Insert into S_KIKOTO (KIKOTO_ID,HELYSEG,LEIRAS) values ('Ukr_Ode','319','terminálterület: közepes, kikötõméret: közepes, védelem: jó, vízmélység: 10 m, emelõk: 100+ t, mobil daruk, hajójavítás: erõs, vasúti kapcsolat: kicsi, szárazdokk: közepes');
Insert into S_KIKOTO (KIKOTO_ID,HELYSEG,LEIRAS) values ('Mol_Giu','320',null);
Insert into S_KIKOTO (KIKOTO_ID,HELYSEG,LEIRAS) values ('Cyp_Lim','321','terminálterület: közepes, kikötõméret: kicsi, védelem: közepes, vízmélység: 10 m, emelõk: 100+ t, fix daruk, mobil daruk, hajójavítás: korlátozott, vasúti kapcsolat: kicsi, szárazdokk: kicsi');
Insert into S_KIKOTO (KIKOTO_ID,HELYSEG,LEIRAS) values ('Bul_Var','322','terminálterület: közepes, kikötõméret: kicsi, védelem: jó, vízmélység: 6 m, emelõk: 100+ t, fix daruk, mobil daruk, hajójavítás: közepes, vasúti kapcsolat: közepes, szárazdokk: kicsi');
Insert into S_KIKOTO (KIKOTO_ID,HELYSEG,LEIRAS) values ('Bul_Bur','323',null);
Insert into S_KIKOTO (KIKOTO_ID,HELYSEG,LEIRAS) values ('Rom_Con','324',null);
Insert into S_KIKOTO (KIKOTO_ID,HELYSEG,LEIRAS) values ('Mal_Mar','325','terminálterület: közepes, kikötõméret: kicsi, védelem: jó, vízmélység: 16 m, mobil daruk');
Insert into S_KIKOTO (KIKOTO_ID,HELYSEG,LEIRAS) values ('Mal_Val','120',null);
Insert into S_KIKOTO (KIKOTO_ID,HELYSEG,LEIRAS) values ('Gre_Pir','328','terminálterület: nagy, kikötõméret: nagy, védelem: kiváló, vízmélység: 10 m, emelõk: 100+ t, hajójavítás: erõs, szárazdokk: közepes');
Insert into S_KIKOTO (KIKOTO_ID,HELYSEG,LEIRAS) values ('Gre_The','329','terminálterület: közepes, kikötõméret: közepes, védelem: jó, vízmélység: 9 m, emelõk: 100+ t, fix daruk, mobil daruk, hajójavítás: korlátozott, szárazdokk: közepes');
Insert into S_KIKOTO (KIKOTO_ID,HELYSEG,LEIRAS) values ('Fra_Fos','330','terminálterület: közepes, kikötõméret: nagyon kicsi, védelem: közepes, vízmélység: 15 m, mobil daruk, hajójavítás: korlátozott, vasúti kapcsolat: kicsi, szárazdokk: közepes');
Insert into S_KIKOTO (KIKOTO_ID,HELYSEG,LEIRAS) values ('Fra_Mar','331','terminálterület: nagy, kikötõméret: nagy, védelem: kiváló, vízmélység: 8 m, fix daruk, mobil daruk, hajójavítás: erõs, vasúti kapcsolat: nagy, szárazdokk: nagy');
Insert into S_KIKOTO (KIKOTO_ID,HELYSEG,LEIRAS) values ('It_Cag','332','terminálterület: közepes, kikötõméret: kicsi, védelem: közepes, vízmélység: 8 m, fix daruk, mobil daruk, hajójavítás: korlátozott, vasúti kapcsolat: kicsi');
Insert into S_KIKOTO (KIKOTO_ID,HELYSEG,LEIRAS) values ('It_Gen','333','terminálterület: nagy, kikötõméret: nagy, védelem: kiváló, vízmélység: 6 m, fix daruk, mobil daruk, hajójavítás: erõs, vasúti kapcsolat: nagy, szárazdokk: nagy');
Insert into S_KIKOTO (KIKOTO_ID,HELYSEG,LEIRAS) values ('It_VL','334','terminálterület: kicsi, kikötõméret: kicsi, védelem: közepes, vízmélység: 9 m, fix daruk, hajójavítás: közepes, vasúti kapcsolat: kicsi');
Insert into S_KIKOTO (KIKOTO_ID,HELYSEG,LEIRAS) values ('It_LS','335','terminálterület: nagy, kikötõméret: közepes, védelem: jó, vízmélység: 12 m, fix daruk, mobil daruk, hajójavítás: erõs, vasúti kapcsolat: nagy, szárazdokk: nagy');
Insert into S_KIKOTO (KIKOTO_ID,HELYSEG,LEIRAS) values ('It_Liv','336','terminálterület: közepes, kikötõméret: közepes, védelem: jó, vízmélység: 14 m, fix daruk, mobil daruk, hajójavítás: erõs, vasúti kapcsolat: nagy, szárazdokk: nagy');
Insert into S_KIKOTO (KIKOTO_ID,HELYSEG,LEIRAS) values ('It_Civ','337','terminálterület: közepes, kikötõméret: közepes, védelem: jó, vízmélység: 6 m, fix daruk, mobil daruk, hajójavítás: korlátozott');
Insert into S_KIKOTO (KIKOTO_ID,HELYSEG,LEIRAS) values ('It_Nap','338','terminálterület: nagy, kikötõméret: nagy, védelem: kiváló, vízmélység: 9 m, fix daruk, mobil daruk, hajójavítás: erõs, vasúti kapcsolat: nagy, szárazdokk: nagy');
Insert into S_KIKOTO (KIKOTO_ID,HELYSEG,LEIRAS) values ('It_Sal','339','terminálterület: közepes, kikötõméret: nagyon kicsi, védelem: közepes, vízmélység: 8 m, fix daruk, mobil daruk, hajójavítás: korlátozott, vasúti kapcsolat: közepes');
Insert into S_KIKOTO (KIKOTO_ID,HELYSEG,LEIRAS) values ('It_GT','340','terminálterület: közepes, kikötõméret: kicsi, védelem: kiváló, vízmélység: 14 m, fix daruk, mobil daruk, hajójavítás: erõs, vasúti kapcsolat: kicsi, szárazdokk: közepes');
Insert into S_KIKOTO (KIKOTO_ID,HELYSEG,LEIRAS) values ('It_Pal','341','terminálterület: közepes, kikötõméret: nagy, védelem: jó, vízmélység: 9 m, fix daruk, mobil daruk, hajójavítás: erõs, vasúti kapcsolat: közepes, szárazdokk: közepes');
Insert into S_KIKOTO (KIKOTO_ID,HELYSEG,LEIRAS) values ('It_Cat','342','terminálterület: kicsi, kikötõméret: kicsi, védelem: közepes, vízmélység: 6 m, fix daruk, mobil daruk, hajójavítás: korlátozott, vasúti kapcsolat: kicsi, szárazdokk: kicsi');
Insert into S_KIKOTO (KIKOTO_ID,HELYSEG,LEIRAS) values ('It_Bari','343','terminálterület: kicsi, kikötõméret: közepes, védelem: jó, vízmélység: 6 m, mobil daruk, hajójavítás: korlátozott, vasúti kapcsolat: közepes');
Insert into S_KIKOTO (KIKOTO_ID,HELYSEG,LEIRAS) values ('It_Anc','344','terminálterület: kicsi, kikötõméret: közepes, védelem: jó, vízmélység: 9 m, fix daruk, mobil daruk, hajójavítás: közepes, vasúti kapcsolat: közepes, szárazdokk: kicsi');
Insert into S_KIKOTO (KIKOTO_ID,HELYSEG,LEIRAS) values ('It_Rav','345','terminálterület: közepes, kikötõméret: kicsi, védelem: jó, vízmélység: 6 m, mobil daruk, hajójavítás: korlátozott, vasúti kapcsolat: közepes, szárazdokk: közepes');
Insert into S_KIKOTO (KIKOTO_ID,HELYSEG,LEIRAS) values ('It_Tri','346','terminálterület: közepes, kikötõméret: nagy, védelem: jó, vízmélység: 12 m, fix daruk, mobil daruk, hajójavítás: erõs, vasúti kapcsolat: kicsi, szárazdokk: közepes');
Insert into S_KIKOTO (KIKOTO_ID,HELYSEG,LEIRAS) values ('It_Ven','347','terminálterület: nagy, kikötõméret: nagy, védelem: jó, vízmélység: 9 m, fix daruk, mobil daruk, hajójavítás: erõs, szárazdokk: nagy');
Insert into S_KIKOTO (KIKOTO_ID,HELYSEG,LEIRAS) values ('Mon_Bar','348',null);
Insert into S_KIKOTO (KIKOTO_ID,HELYSEG,LEIRAS) values ('Alb_Dur','349','terminálterület: kicsi, kikötõméret: közepes, védelem: jó, vízmélység: 8 m, fix daruk, hajójavítás: korlátozott, vasúti kapcsolat: kicsi');
Insert into S_KIKOTO (KIKOTO_ID,HELYSEG,LEIRAS) values ('Slo_Kop','350','terminálterület: közepes, kikötõméret: nagyon kicsi, védelem: közepes, vízmélység: 6 m, fix daruk, mobil daruk, hajójavítás: korlátozott, vasúti kapcsolat: kicsi, szárazdokk: kicsi');
Insert into S_KIKOTO (KIKOTO_ID,HELYSEG,LEIRAS) values ('Cro_Dub','351','terminálterület: kicsi, kikötõméret: közepes, védelem: közepes, vízmélység: 5 m, fix daruk, hajójavítás: korlátozott');
Insert into S_KIKOTO (KIKOTO_ID,HELYSEG,LEIRAS) values ('Mor_Tgm','357',null);
Insert into S_KIKOTO (KIKOTO_ID,HELYSEG,LEIRAS) values ('Tun','188',null);
Insert into S_KIKOTO (KIKOTO_ID,HELYSEG,LEIRAS) values ('Liby_Ben','361',null);
Insert into S_KIKOTO (KIKOTO_ID,HELYSEG,LEIRAS) values ('Liby_Tob','362',null);
Insert into S_KIKOTO (KIKOTO_ID,HELYSEG,LEIRAS) values ('Egy_Alex','363',null);
Insert into S_KIKOTO (KIKOTO_ID,HELYSEG,LEIRAS) values ('Cro_Spl','352','terminálterület: közepes, kikötõméret: közepes, védelem: közepes, vízmélység: 9 m, fix daruk, mobil daruk, hajójavítás: erõs, vasúti kapcsolat: közepes, szárazdokk: kicsi');
Insert into S_KIKOTO (KIKOTO_ID,HELYSEG,LEIRAS) values ('Cro_RB','353','terminálterület: közepes, kikötõméret: nagy, védelem: jó, vízmélység: 6 m, fix daruk, mobil daruk, hajójavítás: erõs, vasúti kapcsolat: közepes, szárazdokk: közepes');
Insert into S_KIKOTO (KIKOTO_ID,HELYSEG,LEIRAS) values ('Sp_Barc','354','terminálterület: nagy, kikötõméret: nagy, védelem: jó, vízmélység: 8 m, fix daruk, mobil daruk, hajójavítás: közepes, vasúti kapcsolat: kicsi, szárazdokk: közepes');
Insert into S_KIKOTO (KIKOTO_ID,HELYSEG,LEIRAS) values ('Sp_Val','355','terminálterület: közepes, kikötõméret: közepes, védelem: közepes, vízmélység: 6 m, fix daruk, mobil daruk, hajójavítás: erõs, vasúti kapcsolat: közepes, szárazdokk: kicsi');
Insert into S_KIKOTO (KIKOTO_ID,HELYSEG,LEIRAS) values ('Sp_Alg','356','terminálterület: közepes, kikötõméret: kicsi, védelem: közepes, vízmélység: 12 m, fix daruk, mobil daruk, hajójavítás: közepes, vasúti kapcsolat: kicsi, szárazdokk: nagy');
Insert into S_KIKOTO (KIKOTO_ID,HELYSEG,LEIRAS) values ('Alg','4','terminálterület: nagy, kikötõméret: nagy, védelem: jó, vízmélység: 8 m, fix daruk, hajójavítás: erõs, vasúti kapcsolat: közepes, szárazdokk: kicsi');
Insert into S_KIKOTO (KIKOTO_ID,HELYSEG,LEIRAS) values ('Leb_Tri','360','terminálterület: kicsi, kikötõméret: kicsi, védelem: közepes, vízmélység: 8 m, hajójavítás: korlátozott, vasúti kapcsolat: kicsi');
Insert into S_KIKOTO (KIKOTO_ID,HELYSEG,LEIRAS) values ('Is_Hai','365','terminálterület: közepes, kikötõméret: kicsi, védelem: közepes, vízmélység: 5 m, fix daruk, mobil daruk, hajójavítás: erõs, szárazdokk: közepes');
Insert into S_KIKOTO (KIKOTO_ID,HELYSEG,LEIRAS) values ('Is_Ash','366','terminálterület: közepes, kikötõméret: kicsi, védelem: közepes, vízmélység: 6 m, fix daruk, mobil daruk, hajójavítás: korlátozott, vasúti kapcsolat: közepes');
Insert into S_KIKOTO (KIKOTO_ID,HELYSEG,LEIRAS) values ('Leb_Bei','108','terminálterület: nagy, kikötõméret: közepes, védelem: közepes, vízmélység: 9 m, hajójavítás: korlátozott');
Insert into S_KIKOTO (KIKOTO_ID,HELYSEG,LEIRAS) values ('Liby_Tri','110','terminálterület: közepes, kikötõméret: közepes, védelem: közepes, vízmélység: 5 m, fix daruk, mobil daruk, hajójavítás: korlátozott, vasúti kapcsolat: kicsi, szárazdokk: közepes');
Insert into S_KIKOTO (KIKOTO_ID,HELYSEG,LEIRAS) values ('Egy_PS','364','terminálterület: közepes, kikötõméret: nagy, védelem: jó, vízmélység: 10 m, fix daruk, mobil daruk, hajójavítás: erõs, vasúti kapcsolat: közepes, szárazdokk: nagy');
commit;       



Insert into S_KIKOTO_TELEFON (KIKOTO_ID,TELEFON) values ('Bul_Bur','359485060');
Insert into S_KIKOTO_TELEFON (KIKOTO_ID,TELEFON) values ('Bul_Bur','359877407');
Insert into S_KIKOTO_TELEFON (KIKOTO_ID,TELEFON) values ('Bul_Bur','359877735');
Insert into S_KIKOTO_TELEFON (KIKOTO_ID,TELEFON) values ('Bul_Bur','359883292');
Insert into S_KIKOTO_TELEFON (KIKOTO_ID,TELEFON) values ('Bul_Var','359871384');
Insert into S_KIKOTO_TELEFON (KIKOTO_ID,TELEFON) values ('Bul_Var','359875298');
Insert into S_KIKOTO_TELEFON (KIKOTO_ID,TELEFON) values ('Bul_Var','359891843');
Insert into S_KIKOTO_TELEFON (KIKOTO_ID,TELEFON) values ('Cro_Dub','385953139');
Insert into S_KIKOTO_TELEFON (KIKOTO_ID,TELEFON) values ('Cro_Dub','385974148');
Insert into S_KIKOTO_TELEFON (KIKOTO_ID,TELEFON) values ('Cro_Dub','385979884');
Insert into S_KIKOTO_TELEFON (KIKOTO_ID,TELEFON) values ('Cro_RB','385924593');
Insert into S_KIKOTO_TELEFON (KIKOTO_ID,TELEFON) values ('Cro_RB','385925558');
Insert into S_KIKOTO_TELEFON (KIKOTO_ID,TELEFON) values ('Cro_Spl','385916712');
Insert into S_KIKOTO_TELEFON (KIKOTO_ID,TELEFON) values ('Cro_Spl','385974322');
Insert into S_KIKOTO_TELEFON (KIKOTO_ID,TELEFON) values ('Cro_Spl','385985541');
Insert into S_KIKOTO_TELEFON (KIKOTO_ID,TELEFON) values ('Cro_Spl','385986659');
Insert into S_KIKOTO_TELEFON (KIKOTO_ID,TELEFON) values ('Cyp_Lim','35795528');
Insert into S_KIKOTO_TELEFON (KIKOTO_ID,TELEFON) values ('Cyp_Lim','35795563');
Insert into S_KIKOTO_TELEFON (KIKOTO_ID,TELEFON) values ('Cyp_Lim','35796516');
Insert into S_KIKOTO_TELEFON (KIKOTO_ID,TELEFON) values ('Cyp_Lim','35796909');
Insert into S_KIKOTO_TELEFON (KIKOTO_ID,TELEFON) values ('Cyp_Lim','35796952');
Insert into S_KIKOTO_TELEFON (KIKOTO_ID,TELEFON) values ('Egy_Alex','2010297583');
Insert into S_KIKOTO_TELEFON (KIKOTO_ID,TELEFON) values ('Egy_Alex','2010750177');
Insert into S_KIKOTO_TELEFON (KIKOTO_ID,TELEFON) values ('Egy_Alex','2012453295');
Insert into S_KIKOTO_TELEFON (KIKOTO_ID,TELEFON) values ('Egy_Alex','2015507324');
Insert into S_KIKOTO_TELEFON (KIKOTO_ID,TELEFON) values ('Egy_Alex','2015616756');
Insert into S_KIKOTO_TELEFON (KIKOTO_ID,TELEFON) values ('Egy_PS','2011117720');
Insert into S_KIKOTO_TELEFON (KIKOTO_ID,TELEFON) values ('Egy_PS','2011499979');
Insert into S_KIKOTO_TELEFON (KIKOTO_ID,TELEFON) values ('Egy_PS','2015641936');
Insert into S_KIKOTO_TELEFON (KIKOTO_ID,TELEFON) values ('Geo_Bat','90504945775');
Insert into S_KIKOTO_TELEFON (KIKOTO_ID,TELEFON) values ('Geo_Bat','90534225050');
Insert into S_KIKOTO_TELEFON (KIKOTO_ID,TELEFON) values ('Geo_Bat','90539291429');
Insert into S_KIKOTO_TELEFON (KIKOTO_ID,TELEFON) values ('Geo_Bat','90543615969');
Insert into S_KIKOTO_TELEFON (KIKOTO_ID,TELEFON) values ('Geo_Bat','90547622422');
Insert into S_KIKOTO_TELEFON (KIKOTO_ID,TELEFON) values ('Geo_Pot','995551771');
Insert into S_KIKOTO_TELEFON (KIKOTO_ID,TELEFON) values ('Geo_Pot','995570729');
Insert into S_KIKOTO_TELEFON (KIKOTO_ID,TELEFON) values ('Geo_Pot','995596802');
Insert into S_KIKOTO_TELEFON (KIKOTO_ID,TELEFON) values ('Gre_Pir','3069445939');
Insert into S_KIKOTO_TELEFON (KIKOTO_ID,TELEFON) values ('Gre_Pir','3069474943');
Insert into S_KIKOTO_TELEFON (KIKOTO_ID,TELEFON) values ('Gre_The','3069036198');
Insert into S_KIKOTO_TELEFON (KIKOTO_ID,TELEFON) values ('Gre_The','3069078304');
Insert into S_KIKOTO_TELEFON (KIKOTO_ID,TELEFON) values ('Gre_The','3069411185');
Insert into S_KIKOTO_TELEFON (KIKOTO_ID,TELEFON) values ('Is_Ash','972548721');
Insert into S_KIKOTO_TELEFON (KIKOTO_ID,TELEFON) values ('Is_Hai','972537604');
Insert into S_KIKOTO_TELEFON (KIKOTO_ID,TELEFON) values ('Is_Hai','972539718');
Insert into S_KIKOTO_TELEFON (KIKOTO_ID,TELEFON) values ('Is_Hai','972545690');
Insert into S_KIKOTO_TELEFON (KIKOTO_ID,TELEFON) values ('Is_Hai','972552258');
Insert into S_KIKOTO_TELEFON (KIKOTO_ID,TELEFON) values ('It_Anc','3931100415317');
Insert into S_KIKOTO_TELEFON (KIKOTO_ID,TELEFON) values ('It_Anc','3932393582432');
Insert into S_KIKOTO_TELEFON (KIKOTO_ID,TELEFON) values ('It_Anc','3934223475157');
Insert into S_KIKOTO_TELEFON (KIKOTO_ID,TELEFON) values ('It_Anc','3934359035455');
Insert into S_KIKOTO_TELEFON (KIKOTO_ID,TELEFON) values ('It_Anc','3935051380831');
Insert into S_KIKOTO_TELEFON (KIKOTO_ID,TELEFON) values ('It_Bari','3932338782657');
Insert into S_KIKOTO_TELEFON (KIKOTO_ID,TELEFON) values ('It_Bari','3933918585561');
Insert into S_KIKOTO_TELEFON (KIKOTO_ID,TELEFON) values ('It_Bari','3936354256748');
Insert into S_KIKOTO_TELEFON (KIKOTO_ID,TELEFON) values ('It_Cag','3931101457174');
Insert into S_KIKOTO_TELEFON (KIKOTO_ID,TELEFON) values ('It_Cat','3932856794087');
Insert into S_KIKOTO_TELEFON (KIKOTO_ID,TELEFON) values ('It_Cat','3935121487168');
Insert into S_KIKOTO_TELEFON (KIKOTO_ID,TELEFON) values ('It_Civ','3931101600620');
Insert into S_KIKOTO_TELEFON (KIKOTO_ID,TELEFON) values ('It_Civ','3932495836873');
Insert into S_KIKOTO_TELEFON (KIKOTO_ID,TELEFON) values ('It_Civ','3937798923267');
Insert into S_KIKOTO_TELEFON (KIKOTO_ID,TELEFON) values ('It_Civ','3938971901369');
Insert into S_KIKOTO_TELEFON (KIKOTO_ID,TELEFON) values ('It_GT','3934029861510');
Insert into S_KIKOTO_TELEFON (KIKOTO_ID,TELEFON) values ('It_GT','3938056904830');
Insert into S_KIKOTO_TELEFON (KIKOTO_ID,TELEFON) values ('It_GT','3938815365023');
Insert into S_KIKOTO_TELEFON (KIKOTO_ID,TELEFON) values ('It_GT','3939126094471');
Insert into S_KIKOTO_TELEFON (KIKOTO_ID,TELEFON) values ('It_Gen','3933320849356');
Insert into S_KIKOTO_TELEFON (KIKOTO_ID,TELEFON) values ('It_Gen','3934310069666');
Insert into S_KIKOTO_TELEFON (KIKOTO_ID,TELEFON) values ('It_Gen','3934652301803');
Insert into S_KIKOTO_TELEFON (KIKOTO_ID,TELEFON) values ('It_Gen','3934767575129');
Insert into S_KIKOTO_TELEFON (KIKOTO_ID,TELEFON) values ('It_LS','3931969437872');
Insert into S_KIKOTO_TELEFON (KIKOTO_ID,TELEFON) values ('It_LS','3933063886573');
Insert into S_KIKOTO_TELEFON (KIKOTO_ID,TELEFON) values ('It_LS','3936674679595');
Insert into S_KIKOTO_TELEFON (KIKOTO_ID,TELEFON) values ('It_LS','3938062158524');
Insert into S_KIKOTO_TELEFON (KIKOTO_ID,TELEFON) values ('It_Liv','3932431979214');
Insert into S_KIKOTO_TELEFON (KIKOTO_ID,TELEFON) values ('It_Liv','3938833197719');
Insert into S_KIKOTO_TELEFON (KIKOTO_ID,TELEFON) values ('It_Nap','3931068531444');
Insert into S_KIKOTO_TELEFON (KIKOTO_ID,TELEFON) values ('It_Nap','3932255074097');
Insert into S_KIKOTO_TELEFON (KIKOTO_ID,TELEFON) values ('It_Nap','3937028842741');
Insert into S_KIKOTO_TELEFON (KIKOTO_ID,TELEFON) values ('It_Pal','3933764008693');
Insert into S_KIKOTO_TELEFON (KIKOTO_ID,TELEFON) values ('It_Pal','3933827638284');
Insert into S_KIKOTO_TELEFON (KIKOTO_ID,TELEFON) values ('It_Pal','3934129120205');
Insert into S_KIKOTO_TELEFON (KIKOTO_ID,TELEFON) values ('It_Pal','3934264358322');
Insert into S_KIKOTO_TELEFON (KIKOTO_ID,TELEFON) values ('It_Pal','3936650819174');
Insert into S_KIKOTO_TELEFON (KIKOTO_ID,TELEFON) values ('It_Rav','3931954595405');
Insert into S_KIKOTO_TELEFON (KIKOTO_ID,TELEFON) values ('It_Rav','3932345423859');
Insert into S_KIKOTO_TELEFON (KIKOTO_ID,TELEFON) values ('It_Rav','3933325985500');
Insert into S_KIKOTO_TELEFON (KIKOTO_ID,TELEFON) values ('It_Rav','3935122342799');
Insert into S_KIKOTO_TELEFON (KIKOTO_ID,TELEFON) values ('It_Sal','3934678489508');
Insert into S_KIKOTO_TELEFON (KIKOTO_ID,TELEFON) values ('It_Sal','3938932643643');
Insert into S_KIKOTO_TELEFON (KIKOTO_ID,TELEFON) values ('It_Tri','3933074516645');
Insert into S_KIKOTO_TELEFON (KIKOTO_ID,TELEFON) values ('It_Tri','3934859577928');
Insert into S_KIKOTO_TELEFON (KIKOTO_ID,TELEFON) values ('It_Tri','3937723887131');
Insert into S_KIKOTO_TELEFON (KIKOTO_ID,TELEFON) values ('It_Tri','3937786983870');
Insert into S_KIKOTO_TELEFON (KIKOTO_ID,TELEFON) values ('It_VL','3934214758367');
Insert into S_KIKOTO_TELEFON (KIKOTO_ID,TELEFON) values ('It_VL','3937795572645');
Insert into S_KIKOTO_TELEFON (KIKOTO_ID,TELEFON) values ('It_Ven','3932717888358');
Insert into S_KIKOTO_TELEFON (KIKOTO_ID,TELEFON) values ('It_Ven','3934371952295');
Insert into S_KIKOTO_TELEFON (KIKOTO_ID,TELEFON) values ('It_Ven','3934655734925');
Insert into S_KIKOTO_TELEFON (KIKOTO_ID,TELEFON) values ('Leb_Bei','96170722');
Insert into S_KIKOTO_TELEFON (KIKOTO_ID,TELEFON) values ('Leb_Bei','96170819');
Insert into S_KIKOTO_TELEFON (KIKOTO_ID,TELEFON) values ('Leb_Tri','96170587');
Insert into S_KIKOTO_TELEFON (KIKOTO_ID,TELEFON) values ('Leb_Tri','96170877');
Insert into S_KIKOTO_TELEFON (KIKOTO_ID,TELEFON) values ('Leb_Tri','96171786');
Insert into S_KIKOTO_TELEFON (KIKOTO_ID,TELEFON) values ('Leb_Tri','96176153');
Insert into S_KIKOTO_TELEFON (KIKOTO_ID,TELEFON) values ('Leb_Tri','96176917');
Insert into S_KIKOTO_TELEFON (KIKOTO_ID,TELEFON) values ('Liby_Ben','2189432473');
Insert into S_KIKOTO_TELEFON (KIKOTO_ID,TELEFON) values ('Liby_Ben','2189432876');
Insert into S_KIKOTO_TELEFON (KIKOTO_ID,TELEFON) values ('Liby_Tob','2189248189');
Insert into S_KIKOTO_TELEFON (KIKOTO_ID,TELEFON) values ('Liby_Tob','2189427556');
Insert into S_KIKOTO_TELEFON (KIKOTO_ID,TELEFON) values ('Liby_Tob','2189471544');
Insert into S_KIKOTO_TELEFON (KIKOTO_ID,TELEFON) values ('Liby_Tri','2189210699');
Insert into S_KIKOTO_TELEFON (KIKOTO_ID,TELEFON) values ('Liby_Tri','2189239973');
Insert into S_KIKOTO_TELEFON (KIKOTO_ID,TELEFON) values ('Liby_Tri','2189428846');
Insert into S_KIKOTO_TELEFON (KIKOTO_ID,TELEFON) values ('Liby_Tri','2189450222');
Insert into S_KIKOTO_TELEFON (KIKOTO_ID,TELEFON) values ('Mal_Mar','35679162');
Insert into S_KIKOTO_TELEFON (KIKOTO_ID,TELEFON) values ('Mal_Mar','35679169');
Insert into S_KIKOTO_TELEFON (KIKOTO_ID,TELEFON) values ('Mal_Mar','35679610');
Insert into S_KIKOTO_TELEFON (KIKOTO_ID,TELEFON) values ('Mal_Mar','35679710');
Insert into S_KIKOTO_TELEFON (KIKOTO_ID,TELEFON) values ('Mal_Mar','35679729');
Insert into S_KIKOTO_TELEFON (KIKOTO_ID,TELEFON) values ('Mol_Giu','37365242');
Insert into S_KIKOTO_TELEFON (KIKOTO_ID,TELEFON) values ('Mol_Giu','37365653');
Insert into S_KIKOTO_TELEFON (KIKOTO_ID,TELEFON) values ('Mol_Giu','37369967');
Insert into S_KIKOTO_TELEFON (KIKOTO_ID,TELEFON) values ('Mol_Giu','37379182');
Insert into S_KIKOTO_TELEFON (KIKOTO_ID,TELEFON) values ('Mol_Giu','37379451');
Insert into S_KIKOTO_TELEFON (KIKOTO_ID,TELEFON) values ('Mon_Bar','38263352');
Insert into S_KIKOTO_TELEFON (KIKOTO_ID,TELEFON) values ('Mon_Bar','38263820');
Insert into S_KIKOTO_TELEFON (KIKOTO_ID,TELEFON) values ('Rom_Con','4071191414');
Insert into S_KIKOTO_TELEFON (KIKOTO_ID,TELEFON) values ('Rom_Con','4076252838');
Insert into S_KIKOTO_TELEFON (KIKOTO_ID,TELEFON) values ('Rus_Nov','7912635588');
Insert into S_KIKOTO_TELEFON (KIKOTO_ID,TELEFON) values ('Rus_Nov','7912769597');
Insert into S_KIKOTO_TELEFON (KIKOTO_ID,TELEFON) values ('Rus_Nov','7938809717');
Insert into S_KIKOTO_TELEFON (KIKOTO_ID,TELEFON) values ('Slo_Kop','38660874');
Insert into S_KIKOTO_TELEFON (KIKOTO_ID,TELEFON) values ('Sp_Barc','346104746');
Insert into S_KIKOTO_TELEFON (KIKOTO_ID,TELEFON) values ('Sp_Barc','346404083');
Insert into S_KIKOTO_TELEFON (KIKOTO_ID,TELEFON) values ('Sp_Barc','346513004');
Insert into S_KIKOTO_TELEFON (KIKOTO_ID,TELEFON) values ('Sp_Val','346164041');
Insert into S_KIKOTO_TELEFON (KIKOTO_ID,TELEFON) values ('Sp_Val','346452817');
Insert into S_KIKOTO_TELEFON (KIKOTO_ID,TELEFON) values ('Syr_Lat','963933556');
Insert into S_KIKOTO_TELEFON (KIKOTO_ID,TELEFON) values ('Syr_Tar','963932297');
Insert into S_KIKOTO_TELEFON (KIKOTO_ID,TELEFON) values ('Syr_Tar','963937298');
Insert into S_KIKOTO_TELEFON (KIKOTO_ID,TELEFON) values ('Syr_Tar','963985743');
Insert into S_KIKOTO_TELEFON (KIKOTO_ID,TELEFON) values ('Syr_Tar','963987452');
Insert into S_KIKOTO_TELEFON (KIKOTO_ID,TELEFON) values ('Tun','21635119');
Insert into S_KIKOTO_TELEFON (KIKOTO_ID,TELEFON) values ('Tun','21637962');
Insert into S_KIKOTO_TELEFON (KIKOTO_ID,TELEFON) values ('Tun','21649765');
Insert into S_KIKOTO_TELEFON (KIKOTO_ID,TELEFON) values ('Tun','21652707');
Insert into S_KIKOTO_TELEFON (KIKOTO_ID,TELEFON) values ('Tun','21656406');
Insert into S_KIKOTO_TELEFON (KIKOTO_ID,TELEFON) values ('Tur_Ali','90542715403');
Insert into S_KIKOTO_TELEFON (KIKOTO_ID,TELEFON) values ('Tur_Ant','90536539478');
Insert into S_KIKOTO_TELEFON (KIKOTO_ID,TELEFON) values ('Tur_Ant','90543091379');
Insert into S_KIKOTO_TELEFON (KIKOTO_ID,TELEFON) values ('Tur_Ant','90549427535');
Insert into S_KIKOTO_TELEFON (KIKOTO_ID,TELEFON) values ('Tur_Gem','90502401590');
Insert into S_KIKOTO_TELEFON (KIKOTO_ID,TELEFON) values ('Tur_Gem','90504398289');
Insert into S_KIKOTO_TELEFON (KIKOTO_ID,TELEFON) values ('Tur_Gem','90505171371');
Insert into S_KIKOTO_TELEFON (KIKOTO_ID,TELEFON) values ('Tur_Gem','90506182937');
Insert into S_KIKOTO_TELEFON (KIKOTO_ID,TELEFON) values ('Tur_Gem','90507465044');
Insert into S_KIKOTO_TELEFON (KIKOTO_ID,TELEFON) values ('Tur_Hay','90507670392');
Insert into S_KIKOTO_TELEFON (KIKOTO_ID,TELEFON) values ('Tur_Hay','90536903853');
Insert into S_KIKOTO_TELEFON (KIKOTO_ID,TELEFON) values ('Tur_Hay','90537594754');
Insert into S_KIKOTO_TELEFON (KIKOTO_ID,TELEFON) values ('Tur_Isk','90501893287');
Insert into S_KIKOTO_TELEFON (KIKOTO_ID,TELEFON) values ('Tur_Isk','90506709695');
Insert into S_KIKOTO_TELEFON (KIKOTO_ID,TELEFON) values ('Tur_Isk','90508555442');
Insert into S_KIKOTO_TELEFON (KIKOTO_ID,TELEFON) values ('Tur_Isk','90534327928');
Insert into S_KIKOTO_TELEFON (KIKOTO_ID,TELEFON) values ('Tur_Isk','90541124644');
Insert into S_KIKOTO_TELEFON (KIKOTO_ID,TELEFON) values ('Tur_Ist','90539390146');
Insert into S_KIKOTO_TELEFON (KIKOTO_ID,TELEFON) values ('Tur_Ist','90539463368');
Insert into S_KIKOTO_TELEFON (KIKOTO_ID,TELEFON) values ('Tur_Izm','90504123141');
Insert into S_KIKOTO_TELEFON (KIKOTO_ID,TELEFON) values ('Tur_Kum','90504862827');
Insert into S_KIKOTO_TELEFON (KIKOTO_ID,TELEFON) values ('Tur_Sam','90533418271');
Insert into S_KIKOTO_TELEFON (KIKOTO_ID,TELEFON) values ('Tur_Sam','90534640774');
Insert into S_KIKOTO_TELEFON (KIKOTO_ID,TELEFON) values ('Tur_Sam','90539130585');
Insert into S_KIKOTO_TELEFON (KIKOTO_ID,TELEFON) values ('Tur_Teki','90505554949');
Insert into S_KIKOTO_TELEFON (KIKOTO_ID,TELEFON) values ('Tur_Teki','90509650047');
Insert into S_KIKOTO_TELEFON (KIKOTO_ID,TELEFON) values ('Tur_Teki','90539595772');
Insert into S_KIKOTO_TELEFON (KIKOTO_ID,TELEFON) values ('Tur_Tra','90505995723');
Insert into S_KIKOTO_TELEFON (KIKOTO_ID,TELEFON) values ('Ukr_Chor','380666337');
Insert into S_KIKOTO_TELEFON (KIKOTO_ID,TELEFON) values ('Ukr_Ode','380398841');
Insert into S_KIKOTO_TELEFON (KIKOTO_ID,TELEFON) values ('Ukr_Ode','380666560');
Insert into S_KIKOTO_TELEFON (KIKOTO_ID,TELEFON) values ('Ukr_Ode','380683666');
Insert into S_KIKOTO_TELEFON (KIKOTO_ID,TELEFON) values ('Ukr_Ode','380918641');
commit;



insert into s_ugyfel (ugyfel_id, vezeteknev, keresztnev, telefon, email, szul_dat, helyseg, utca_hsz)
 values (1400, 'Pasha', 'Emre', '90505090079', '', to_date('19950325000000','yyyymmddhh24miss'), '308', 'Liman Cd., 2');
insert into s_ugyfel (ugyfel_id, vezeteknev, keresztnev, telefon, email, szul_dat, helyseg, utca_hsz)
 values (2400, 'Polat', 'Fatma', '90535044356', '', to_date('19581020000000','yyyymmddhh24miss'), '307', 'Ayten Sk. 8-12');
insert into s_ugyfel (ugyfel_id, vezeteknev, keresztnev, telefon, email, szul_dat, helyseg, utca_hsz)
 values (3400, 'Smith', 'John', '4474181208', '', to_date('19930221000000','yyyymmddhh24miss'), '', '');
insert into s_ugyfel (ugyfel_id, vezeteknev, keresztnev, telefon, email, szul_dat, helyseg, utca_hsz)
 values (4400, 'Smith', 'John', '4472989740', '', to_date('19600421000000','yyyymmddhh24miss'), '48', '18-17 Willow Walk');
insert into s_ugyfel (ugyfel_id, vezeteknev, keresztnev, telefon, email, szul_dat, helyseg, utca_hsz)
 values (5400, 'Smith', 'John', '35679693', '', to_date('19470225000000','yyyymmddhh24miss'), '120', '72-79 Old Bakery Street');
insert into s_ugyfel (ugyfel_id, vezeteknev, keresztnev, telefon, email, szul_dat, helyseg, utca_hsz)
 values (6400, 'Kovalenko', 'Aleksandr', '380937640', '', to_date('19930804000000','yyyymmddhh24miss'), '318', 'Serednya St, 39-31');
insert into s_ugyfel (ugyfel_id, vezeteknev, keresztnev, telefon, email, szul_dat, helyseg, utca_hsz)
 values (7400, 'Boyko', 'Anna', '380929660', '', to_date('19460402000000','yyyymmddhh24miss'), '318', 'Parkova St, 11');
insert into s_ugyfel (ugyfel_id, vezeteknev, keresztnev, telefon, email, szul_dat, helyseg, utca_hsz)
 values (8400, 'Melnik', 'Nikolay', '380922155', '', to_date('19620220000000','yyyymmddhh24miss'), '193', 'Parkovo-Syretska St, 13');
insert into s_ugyfel (ugyfel_id, vezeteknev, keresztnev, telefon, email, szul_dat, helyseg, utca_hsz)
 values (9400, 'Melnik', 'Nikolay', '7903198354', '', to_date('19910908000000','yyyymmddhh24miss'), '347', 'Via Lorenzo Marcello, 12-20');
insert into s_ugyfel (ugyfel_id, vezeteknev, keresztnev, telefon, email, szul_dat, helyseg, utca_hsz)
 values (10400, 'Boyko', 'Sergey', '7905868307', '', to_date('19481015000000','yyyymmddhh24miss'), '345', 'Via Nervesa, 13');
insert into s_ugyfel (ugyfel_id, vezeteknev, keresztnev, telefon, email, szul_dat, helyseg, utca_hsz)
 values (11400, 'Dridi', 'Mohamed', '21634774', '', to_date('19740708000000','yyyymmddhh24miss'), '188', '51 Rue Ali Darghouth');
insert into s_ugyfel (ugyfel_id, vezeteknev, keresztnev, telefon, email, szul_dat, helyseg, utca_hsz)
 values (12400, 'Hammami', 'Ali', '21638813', '', to_date('19700104000000','yyyymmddhh24miss'), '188', '14 Av. de Paris');
insert into s_ugyfel (ugyfel_id, vezeteknev, keresztnev, telefon, email, szul_dat, helyseg, utca_hsz)
 values (13400, 'Cherif', 'Ahmed', '21642183', '', to_date('19790213000000','yyyymmddhh24miss'), '', '');
insert into s_ugyfel (ugyfel_id, vezeteknev, keresztnev, telefon, email, szul_dat, helyseg, utca_hsz)
 values (14400, 'Tal El Farah', 'Mohamed', '963942670', '', to_date('19630125000000','yyyymmddhh24miss'), '301', 'Qatar St, 60');
insert into s_ugyfel (ugyfel_id, vezeteknev, keresztnev, telefon, email, szul_dat, helyseg, utca_hsz)
 values (15400, 'Qaleh El', 'Hassan', '963999740', '', to_date('19730727000000','yyyymmddhh24miss'), '302', 'Al-Thawra Ave, 121');
insert into s_ugyfel (ugyfel_id, vezeteknev, keresztnev, telefon, email, szul_dat, helyseg, utca_hsz)
 values (16400, 'Lopez', 'Daniel', '', 'daniellop@gmail.comezai', to_date('19501021000000','yyyymmddhh24miss'), '354', 'C/ de Provença, 35');
insert into s_ugyfel (ugyfel_id, vezeteknev, keresztnev, telefon, email, szul_dat, helyseg, utca_hsz)
 values (17400, 'Garcia', 'Pablo', '346255565', '', to_date('19650818000000','yyyymmddhh24miss'), '355', 'Carrer de Martí, 4');
insert into s_ugyfel (ugyfel_id, vezeteknev, keresztnev, telefon, email, szul_dat, helyseg, utca_hsz)
 values (18400, 'Morales', 'Alex', '', 'moralesalex@yandex.com', to_date('19610708000000','yyyymmddhh24miss'), '', '');
insert into s_ugyfel (ugyfel_id, vezeteknev, keresztnev, telefon, email, szul_dat, helyseg, utca_hsz)
 values (19400, 'Fieraru', 'David', '4075779091', '', to_date('19750928000000','yyyymmddhh24miss'), '', '');
insert into s_ugyfel (ugyfel_id, vezeteknev, keresztnev, telefon, email, szul_dat, helyseg, utca_hsz)
 values (20400, 'Elmaleh', 'Hassan', '', 'haselmaleh999@mor_gov.ma', to_date('19420619000000','yyyymmddhh24miss'), '121', 'Secteur 3');
insert into s_ugyfel (ugyfel_id, vezeteknev, keresztnev, telefon, email, szul_dat, helyseg, utca_hsz)
 values (21400, 'Taarabt', 'Kamal', '', 'ktaarabt123@gmail.com', to_date('19470521000000','yyyymmddhh24miss'), '357', '27 Rue Saad Ibn Joubair');
insert into s_ugyfel (ugyfel_id, vezeteknev, keresztnev, telefon, email, szul_dat, helyseg, utca_hsz)
 values (22400, 'Popovic', 'Goran', '', 'pg@pg.com', to_date('19951011000000','yyyymmddhh24miss'), '131', '30 Skadarska');
insert into s_ugyfel (ugyfel_id, vezeteknev, keresztnev, telefon, email, szul_dat, helyseg, utca_hsz)
 values (23400, 'Markovic', 'Gordana', '38268711', '', to_date('19890905000000','yyyymmddhh24miss'), '131', '10 Princa Mihaila Petroviæa');
insert into s_ugyfel (ugyfel_id, vezeteknev, keresztnev, telefon, email, szul_dat, helyseg, utca_hsz)
 values (24400, 'Popovici', 'Elena', '37368138', '', to_date('19540422000000','yyyymmddhh24miss'), '320', 'Strada Mihai Eminescu 43');
insert into s_ugyfel (ugyfel_id, vezeteknev, keresztnev, telefon, email, szul_dat, helyseg, utca_hsz)
 values (25400, 'Borg', 'Joseph', '35677917', '', to_date('19950825000000','yyyymmddhh24miss'), '120', '91-140 West Street');
insert into s_ugyfel (ugyfel_id, vezeteknev, keresztnev, telefon, email, szul_dat, helyseg, utca_hsz)
 values (26400, 'as-Senussi', 'Ibrahim', '2189486893', '', to_date('19960730000000','yyyymmddhh24miss'), '110', 'Al Moedat St 78');
insert into s_ugyfel (ugyfel_id, vezeteknev, keresztnev, telefon, email, szul_dat, helyseg, utca_hsz)
 values (27400, 'ar-Rida', 'Tareq', '2189212419', '', to_date('19580311000000','yyyymmddhh24miss'), '362', 'Atiq Mosque St. 5');
insert into s_ugyfel (ugyfel_id, vezeteknev, keresztnev, telefon, email, szul_dat, helyseg, utca_hsz)
 values (28400, 'Chihab', 'Hamoud', '96170264', '', to_date('19900611000000','yyyymmddhh24miss'), '360', 'Shari an Nasr St. 56');
insert into s_ugyfel (ugyfel_id, vezeteknev, keresztnev, telefon, email, szul_dat, helyseg, utca_hsz)
 values (29400, 'Seikaly', 'Hassan', '96176681', '', to_date('19850208000000','yyyymmddhh24miss'), '360', 'Al Jamahirriyah St. 91');
insert into s_ugyfel (ugyfel_id, vezeteknev, keresztnev, telefon, email, szul_dat, helyseg, utca_hsz)
 values (30400, 'Saab', 'Ibrahim', '96170936', '', to_date('19490714000000','yyyymmddhh24miss'), '108', 'Al Zarif 2');
insert into s_ugyfel (ugyfel_id, vezeteknev, keresztnev, telefon, email, szul_dat, helyseg, utca_hsz)
 values (31400, 'Klein', 'Hila', '972506273', '', to_date('19840915000000','yyyymmddhh24miss'), '365', 'Uda Nada St. 7-5');
insert into s_ugyfel (ugyfel_id, vezeteknev, keresztnev, telefon, email, szul_dat, helyseg, utca_hsz)
 values (32400, 'Grobglas', 'David', '972536714', '', to_date('19440426000000','yyyymmddhh24miss'), '', '');
insert into s_ugyfel (ugyfel_id, vezeteknev, keresztnev, telefon, email, szul_dat, helyseg, utca_hsz)
 values (33400, 'Pappas', 'Yiorgos', '3021553500', '', to_date('19470408000000','yyyymmddhh24miss'), '64', 'Vourdoumpa 29');
insert into s_ugyfel (ugyfel_id, vezeteknev, keresztnev, telefon, email, szul_dat, helyseg, utca_hsz)
 values (34400, 'Ioannidis', 'Yiannis', '3069766075', '', to_date('19410503000000','yyyymmddhh24miss'), '329', 'Pindarou 25');
insert into s_ugyfel (ugyfel_id, vezeteknev, keresztnev, telefon, email, szul_dat, helyseg, utca_hsz)
 values (35400, 'Papadopoulos', 'Yiorgos', '3069722368', '', to_date('19630409000000','yyyymmddhh24miss'), '328', 'Geor. Theotoki 39');
insert into s_ugyfel (ugyfel_id, vezeteknev, keresztnev, telefon, email, szul_dat, helyseg, utca_hsz)
 values (36400, 'Marceau', 'Jean', '', 'marceaujean@abcd.fr', to_date('19640402000000','yyyymmddhh24miss'), '330', '315 Chem. de la Sonde');
insert into s_ugyfel (ugyfel_id, vezeteknev, keresztnev, telefon, email, szul_dat, helyseg, utca_hsz)
 values (37400, 'Binoche', 'Philippe', '', 'binoche_chief@binoche.fr', to_date('19531028000000','yyyymmddhh24miss'), '331', '41 Rue Dragon');
insert into s_ugyfel (ugyfel_id, vezeteknev, keresztnev, telefon, email, szul_dat, helyseg, utca_hsz)
 values (38400, 'Depardieu', 'Marie', '', 'marie.depardieu@yahoo.com', to_date('19541027000000','yyyymmddhh24miss'), '330', '250 Rue Bruno Arnaud');
insert into s_ugyfel (ugyfel_id, vezeteknev, keresztnev, telefon, email, szul_dat, helyseg, utca_hsz)
 values (39400, 'Sadat', 'Mohamed', '2011655636', '', to_date('19981016000000','yyyymmddhh24miss'), '49', '16-10 Salma');
insert into s_ugyfel (ugyfel_id, vezeteknev, keresztnev, telefon, email, szul_dat, helyseg, utca_hsz)
 values (40400, 'Elneny', 'Ahmed', '2012792596', '', to_date('19960111000000','yyyymmddhh24miss'), '49', '43 Momtaz');
insert into s_ugyfel (ugyfel_id, vezeteknev, keresztnev, telefon, email, szul_dat, helyseg, utca_hsz)
 values (41400, 'Marwan', 'Ali', '', 'alimarwan@gmail.com', to_date('19880715000000','yyyymmddhh24miss'), '364', 'El-Gomhoreya St. 105');
insert into s_ugyfel (ugyfel_id, vezeteknev, keresztnev, telefon, email, szul_dat, helyseg, utca_hsz)
 values (42400, 'Shafik', 'Hassan', '2012821913', '', to_date('19780416000000','yyyymmddhh24miss'), '364', 'Ketabawe St. 84');
insert into s_ugyfel (ugyfel_id, vezeteknev, keresztnev, telefon, email, szul_dat, helyseg, utca_hsz)
 values (43400, 'Visnjic', 'Goran', '385923644', '', to_date('19731229000000','yyyymmddhh24miss'), '', '');
insert into s_ugyfel (ugyfel_id, vezeteknev, keresztnev, telefon, email, szul_dat, helyseg, utca_hsz)
 values (44400, 'Novak', 'Adam', '385924936', 'novakadam@gmail.com', to_date('19441129000000','yyyymmddhh24miss'), '353', 'Veberova ul. 101/A');
insert into s_ugyfel (ugyfel_id, vezeteknev, keresztnev, telefon, email, szul_dat, helyseg, utca_hsz)
 values (45400, 'Kovac', 'Marko', '385973693', '', to_date('19420816000000','yyyymmddhh24miss'), '352', 'Ul. Tolstojeva 24');
insert into s_ugyfel (ugyfel_id, vezeteknev, keresztnev, telefon, email, szul_dat, helyseg, utca_hsz)
 values (46400, 'Ferrari', 'Marco', '3938226558297', '', to_date('19760322000000','yyyymmddhh24miss'), '347', 'Via Pirano, 8/A');
insert into s_ugyfel (ugyfel_id, vezeteknev, keresztnev, telefon, email, szul_dat, helyseg, utca_hsz)
 values (47400, 'Fontana', 'Roberto', '3933936002361', '', to_date('19631130000000','yyyymmddhh24miss'), '346', 'Via del Pozzo, 188');
insert into s_ugyfel (ugyfel_id, vezeteknev, keresztnev, telefon, email, szul_dat, helyseg, utca_hsz)
 values (48400, 'Ricci', 'Stefano', '3936273772157', '', to_date('19500512000000','yyyymmddhh24miss'), '', '');
insert into s_ugyfel (ugyfel_id, vezeteknev, keresztnev, telefon, email, szul_dat, helyseg, utca_hsz)
 values (49400, 'Jilani', 'Giuseppe', '3934887552477', '', to_date('19610818000000','yyyymmddhh24miss'), '332', 'Via Ugo Foscolo, 65');
insert into s_ugyfel (ugyfel_id, vezeteknev, keresztnev, telefon, email, szul_dat, helyseg, utca_hsz)
 values (50400, 'Lombardo', 'Anna', '3933685379174', '', to_date('20011210000000','yyyymmddhh24miss'), '343', 'Via Podgora, 71');
insert into s_ugyfel (ugyfel_id, vezeteknev, keresztnev, telefon, email, szul_dat, helyseg, utca_hsz)
 values (51400, 'Ferrari', 'Sara', '3931100330270', '', to_date('19501126000000','yyyymmddhh24miss'), '342', 'Via Giunta, 9');
insert into s_ugyfel (ugyfel_id, vezeteknev, keresztnev, telefon, email, szul_dat, helyseg, utca_hsz)
 values (52400, 'Martini', 'Claudio', '3934027647217', '', to_date('19850822000000','yyyymmddhh24miss'), '345', 'Via Col di Lana, 19');
insert into s_ugyfel (ugyfel_id, vezeteknev, keresztnev, telefon, email, szul_dat, helyseg, utca_hsz)
 values (53400, 'Lombardi', 'Giulia', '3936363397296', '', to_date('19761109000000','yyyymmddhh24miss'), '142', 'Via delle Carrozze, 85-93');
insert into s_ugyfel (ugyfel_id, vezeteknev, keresztnev, telefon, email, szul_dat, helyseg, utca_hsz)
 values (54400, 'Morelli', 'Giorgio', '3932251003178', '', to_date('19520606000000','yyyymmddhh24miss'), '', '');
insert into s_ugyfel (ugyfel_id, vezeteknev, keresztnev, telefon, email, szul_dat, helyseg, utca_hsz)
 values (56400, 'Benedetti', 'Roberto', '3939354271651', '', to_date('19661002000000','yyyymmddhh24miss'), '342', 'Via Oratorio, 8');
insert into s_ugyfel (ugyfel_id, vezeteknev, keresztnev, telefon, email, szul_dat, helyseg, utca_hsz)
 values (57400, 'Marini', 'Umberto', '3933440489441', '', to_date('19770424000000','yyyymmddhh24miss'), '347', 'Via Enrico Dandolo, 39');
insert into s_ugyfel (ugyfel_id, vezeteknev, keresztnev, telefon, email, szul_dat, helyseg, utca_hsz)
 values (58400, 'Russo', 'Maria', '3933312660650', 'maria.russo300@frconsh.com', to_date('19690214000000','yyyymmddhh24miss'), '142', 'Via Poli, 16');
insert into s_ugyfel (ugyfel_id, vezeteknev, keresztnev, telefon, email, szul_dat, helyseg, utca_hsz)
 values (59400, 'Bianco', 'Luca', '3939153122278', '', to_date('19820205000000','yyyymmddhh24miss'), '332', 'Via Francesco Petrarca, 15');
insert into s_ugyfel (ugyfel_id, vezeteknev, keresztnev, telefon, email, szul_dat, helyseg, utca_hsz)
 values (60400, 'D''angelo', 'Francesco', '3938566213348', '', to_date('19430809000000','yyyymmddhh24miss'), '', '');
insert into s_ugyfel (ugyfel_id, vezeteknev, keresztnev, telefon, email, szul_dat, helyseg, utca_hsz)
 values (61400, 'Moretti', 'Sofia', '3938094670500', '', to_date('19910928000000','yyyymmddhh24miss'), '343', 'Via Monte Grappa, 87');
insert into s_ugyfel (ugyfel_id, vezeteknev, keresztnev, telefon, email, szul_dat, helyseg, utca_hsz)
 values (62400, 'Leone', 'Alessandro', '3937113831343', '', to_date('19871017000000','yyyymmddhh24miss'), '342', 'Via Tripoli, 47');
commit;

insert into s_megrendeles (megrendeles_id, indulasi_kikoto, erkezesi_kikoto, megrendeles_datuma, ugyfel, fizetett_osszeg, igenyelt_kontenerszam)
 values ('020701', 'Mor_Tgm', 'Ukr_Ode', to_date('20210228123000','yyyymmddhh24miss'), 7400, 850000, 10);
insert into s_megrendeles (megrendeles_id, indulasi_kikoto, erkezesi_kikoto, megrendeles_datuma, ugyfel, fizetett_osszeg, igenyelt_kontenerszam)
 values ('020702', 'Mor_Tgm', 'Rom_Con', to_date('20210228123100','yyyymmddhh24miss'), 7400, 150000, 1);
insert into s_megrendeles (megrendeles_id, indulasi_kikoto, erkezesi_kikoto, megrendeles_datuma, ugyfel, fizetett_osszeg, igenyelt_kontenerszam)
 values ('020703', 'Tun', 'Ukr_Ode', to_date('20210228123200','yyyymmddhh24miss'), 7400, 450000, 5);
insert into s_megrendeles (megrendeles_id, indulasi_kikoto, erkezesi_kikoto, megrendeles_datuma, ugyfel, fizetett_osszeg, igenyelt_kontenerszam)
 values ('020704', 'Gre_Pir', 'Ukr_Ode', to_date('20210228123300','yyyymmddhh24miss'), 7400, 400000, 4);
insert into s_megrendeles (megrendeles_id, indulasi_kikoto, erkezesi_kikoto, megrendeles_datuma, ugyfel, fizetett_osszeg, igenyelt_kontenerszam)
 values ('020705', 'Ukr_Ode', 'Alb_Dur', to_date('20210228123400','yyyymmddhh24miss'), 7400, 500000, 5);
insert into s_megrendeles (megrendeles_id, indulasi_kikoto, erkezesi_kikoto, megrendeles_datuma, ugyfel, fizetett_osszeg, igenyelt_kontenerszam)
 values ('035701', 'Alg', 'It_Ven', to_date('20210301142300','yyyymmddhh24miss'), 57400, 220000, 2);
insert into s_megrendeles (megrendeles_id, indulasi_kikoto, erkezesi_kikoto, megrendeles_datuma, ugyfel, fizetett_osszeg, igenyelt_kontenerszam)
 values ('033501', 'Gre_Pir', 'Tur_Ist', to_date('20210305083500','yyyymmddhh24miss'), 35400, 220000, 2);
insert into s_megrendeles (megrendeles_id, indulasi_kikoto, erkezesi_kikoto, megrendeles_datuma, ugyfel, fizetett_osszeg, igenyelt_kontenerszam)
 values ('033502', 'Rom_Con', 'Gre_Pir', to_date('20210305083600','yyyymmddhh24miss'), 35400, 100000, 1);
insert into s_megrendeles (megrendeles_id, indulasi_kikoto, erkezesi_kikoto, megrendeles_datuma, ugyfel, fizetett_osszeg, igenyelt_kontenerszam)
 values ('046101', 'Bul_Var', 'It_Anc', to_date('20210401092300','yyyymmddhh24miss'), 61400, 230000, 2);
insert into s_megrendeles (megrendeles_id, indulasi_kikoto, erkezesi_kikoto, megrendeles_datuma, ugyfel, fizetett_osszeg, igenyelt_kontenerszam)
 values ('043401', 'Tur_Teki', 'Gre_The', to_date('20210403111500','yyyymmddhh24miss'), 34400, 270000, 3);
insert into s_megrendeles (megrendeles_id, indulasi_kikoto, erkezesi_kikoto, megrendeles_datuma, ugyfel, fizetett_osszeg, igenyelt_kontenerszam)
 values ('035001', 'Mon_Bar', 'It_Bari', to_date('20210315080300','yyyymmddhh24miss'), 50400, 100000, 1);
insert into s_megrendeles (megrendeles_id, indulasi_kikoto, erkezesi_kikoto, megrendeles_datuma, ugyfel, fizetett_osszeg, igenyelt_kontenerszam)
 values ('035002', 'Cro_Spl', 'It_Bari', to_date('20210315080400','yyyymmddhh24miss'), 50400, 100000, 1);
insert into s_megrendeles (megrendeles_id, indulasi_kikoto, erkezesi_kikoto, megrendeles_datuma, ugyfel, fizetett_osszeg, igenyelt_kontenerszam)
 values ('066001', 'It_Cat', 'Tur_Mer', to_date('20210616150300','yyyymmddhh24miss'), 60400, 1000000, 10);
insert into s_megrendeles (megrendeles_id, indulasi_kikoto, erkezesi_kikoto, megrendeles_datuma, ugyfel, fizetett_osszeg, igenyelt_kontenerszam)
 values ('066002', 'It_Cat', 'Egy_Alex', to_date('20210616150400','yyyymmddhh24miss'), 60400, 400000, 4);
insert into s_megrendeles (megrendeles_id, indulasi_kikoto, erkezesi_kikoto, megrendeles_datuma, ugyfel, fizetett_osszeg, igenyelt_kontenerszam)
 values ('080101', 'Tur_Ant', 'Tur_Isk', to_date('20210820102000','yyyymmddhh24miss'), 1400, 570000, 6);
insert into s_megrendeles (megrendeles_id, indulasi_kikoto, erkezesi_kikoto, megrendeles_datuma, ugyfel, fizetett_osszeg, igenyelt_kontenerszam)
 values ('070201', 'Tur_Mer', 'Mal_Mar', to_date('20210725080500','yyyymmddhh24miss'), 2400, 100000, 1);
insert into s_megrendeles (megrendeles_id, indulasi_kikoto, erkezesi_kikoto, megrendeles_datuma, ugyfel, fizetett_osszeg, igenyelt_kontenerszam)
 values ('072601', 'Leb_Tri', 'Liby_Tri', to_date('20210704131100','yyyymmddhh24miss'), 26400, 420000, 4);
insert into s_megrendeles (megrendeles_id, indulasi_kikoto, erkezesi_kikoto, megrendeles_datuma, ugyfel, fizetett_osszeg, igenyelt_kontenerszam)
 values ('072602', 'Liby_Ben', 'It_Cat', to_date('20210704131200','yyyymmddhh24miss'), 26400, 1050000, 10);
insert into s_megrendeles (megrendeles_id, indulasi_kikoto, erkezesi_kikoto, megrendeles_datuma, ugyfel, fizetett_osszeg, igenyelt_kontenerszam)
 values ('082102', 'Sp_Barc', 'Mor_Tgm', to_date('20210801092000','yyyymmddhh24miss'), 21400, 893000, 4);
insert into s_megrendeles (megrendeles_id, indulasi_kikoto, erkezesi_kikoto, megrendeles_datuma, ugyfel, fizetett_osszeg, igenyelt_kontenerszam)
 values ('065605', 'Mor_Tgm', 'It_Cat', to_date('20210612190000','yyyymmddhh24miss'), 56400, 1200000, 5);
insert into s_megrendeles (megrendeles_id, indulasi_kikoto, erkezesi_kikoto, megrendeles_datuma, ugyfel, fizetett_osszeg, igenyelt_kontenerszam)
 values ('083401', 'Leb_Tri', 'Gre_The', to_date('20210803160500','yyyymmddhh24miss'), 34400, 720000, 2);
insert into s_megrendeles (megrendeles_id, indulasi_kikoto, erkezesi_kikoto, megrendeles_datuma, ugyfel, fizetett_osszeg, igenyelt_kontenerszam)
 values ('082901', 'It_Cat', 'Leb_Tri', to_date('20210816154000','yyyymmddhh24miss'), 29400, 1450000, 7);
insert into s_megrendeles (megrendeles_id, indulasi_kikoto, erkezesi_kikoto, megrendeles_datuma, ugyfel, fizetett_osszeg, igenyelt_kontenerszam)
 values ('063303', 'Gre_Pir', 'Fra_Mar', to_date('20210630154000','yyyymmddhh24miss'), 33400, 478000, 2);
insert into s_megrendeles (megrendeles_id, indulasi_kikoto, erkezesi_kikoto, megrendeles_datuma, ugyfel, fizetett_osszeg, igenyelt_kontenerszam)
 values ('086201', 'Gre_The', 'It_Cat', to_date('20210829114500','yyyymmddhh24miss'), 62400, 150000, 1);
insert into s_megrendeles (megrendeles_id, indulasi_kikoto, erkezesi_kikoto, megrendeles_datuma, ugyfel, fizetett_osszeg, igenyelt_kontenerszam)
 values ('025001', 'It_Cat', 'Gre_Pir', to_date('20210211115000','yyyymmddhh24miss'), 50400, 796000, 4);
insert into s_megrendeles (megrendeles_id, indulasi_kikoto, erkezesi_kikoto, megrendeles_datuma, ugyfel, fizetett_osszeg, igenyelt_kontenerszam)
 values ('065903', 'Fra_Mar', 'It_Cat', to_date('20210616131500','yyyymmddhh24miss'), 59400, 423000, 2);
insert into s_megrendeles (megrendeles_id, indulasi_kikoto, erkezesi_kikoto, megrendeles_datuma, ugyfel, fizetett_osszeg, igenyelt_kontenerszam)
 values ('062501', 'It_Cat', 'Egy_PS', to_date('20210627110000','yyyymmddhh24miss'), 25400, 3234000, 9);
insert into s_megrendeles (megrendeles_id, indulasi_kikoto, erkezesi_kikoto, megrendeles_datuma, ugyfel, fizetett_osszeg, igenyelt_kontenerszam)
 values ('074101', 'Egy_PS', 'It_Cat', to_date('20210703084500','yyyymmddhh24miss'), 41400, 944000, 2);
insert into s_megrendeles (megrendeles_id, indulasi_kikoto, erkezesi_kikoto, megrendeles_datuma, ugyfel, fizetett_osszeg, igenyelt_kontenerszam)
 values ('050901', 'It_Tri', 'It_Ven', to_date('20210522091622','yyyymmddhh24miss'), 9400, 200000, 5);
insert into s_megrendeles (megrendeles_id, indulasi_kikoto, erkezesi_kikoto, megrendeles_datuma, ugyfel, fizetett_osszeg, igenyelt_kontenerszam)
 values ('054502', 'It_Tri', 'Cro_Spl', to_date('20210526121145','yyyymmddhh24miss'), 45400, 520000, 5);
insert into s_megrendeles (megrendeles_id, indulasi_kikoto, erkezesi_kikoto, megrendeles_datuma, ugyfel, fizetett_osszeg, igenyelt_kontenerszam)
 values ('054503', 'It_Rav', 'Cro_Dub', to_date('20210526081041','yyyymmddhh24miss'), 45400, 320000, 3);
insert into s_megrendeles (megrendeles_id, indulasi_kikoto, erkezesi_kikoto, megrendeles_datuma, ugyfel, fizetett_osszeg, igenyelt_kontenerszam)
 values ('054804', 'It_Rav', 'Alb_Dur', to_date('20210519141444','yyyymmddhh24miss'), 48400, 900000, 4);
insert into s_megrendeles (megrendeles_id, indulasi_kikoto, erkezesi_kikoto, megrendeles_datuma, ugyfel, fizetett_osszeg, igenyelt_kontenerszam)
 values ('055005', 'Cro_Dub', 'It_Bari', to_date('20210520100430','yyyymmddhh24miss'), 50400, 1000000, 4);
insert into s_megrendeles (megrendeles_id, indulasi_kikoto, erkezesi_kikoto, megrendeles_datuma, ugyfel, fizetett_osszeg, igenyelt_kontenerszam)
 values ('054506', 'It_Bari', 'Cro_Spl', to_date('20210524102430','yyyymmddhh24miss'), 45400, 2000000, 2);
insert into s_megrendeles (megrendeles_id, indulasi_kikoto, erkezesi_kikoto, megrendeles_datuma, ugyfel, fizetett_osszeg, igenyelt_kontenerszam)
 values ('053207', 'It_Bari', 'It_Anc', to_date('20210522142050','yyyymmddhh24miss'), 32400, 1500000, 5);
insert into s_megrendeles (megrendeles_id, indulasi_kikoto, erkezesi_kikoto, megrendeles_datuma, ugyfel, fizetett_osszeg, igenyelt_kontenerszam)
 values ('054708', 'It_Bari', 'It_Tri', to_date('20210527100023','yyyymmddhh24miss'), 47400, 500000, 5);
insert into s_megrendeles (megrendeles_id, indulasi_kikoto, erkezesi_kikoto, megrendeles_datuma, ugyfel, fizetett_osszeg, igenyelt_kontenerszam)
 values ('045001', 'It_Cat', 'It_Bari', to_date('20210404121500','yyyymmddhh24miss'), 50400, 210000, 3);
insert into s_megrendeles (megrendeles_id, indulasi_kikoto, erkezesi_kikoto, megrendeles_datuma, ugyfel, fizetett_osszeg, igenyelt_kontenerszam)
 values ('051902', 'It_Bari', 'Alb_Dur', to_date('20210510140000','yyyymmddhh24miss'), 19400, 120000, 1);
insert into s_megrendeles (megrendeles_id, indulasi_kikoto, erkezesi_kikoto, megrendeles_datuma, ugyfel, fizetett_osszeg, igenyelt_kontenerszam)
 values ('051803', 'Alb_Dur', 'Mon_Bar', to_date('20210516200000','yyyymmddhh24miss'), 18400, 805000, 6);
insert into s_megrendeles (megrendeles_id, indulasi_kikoto, erkezesi_kikoto, megrendeles_datuma, ugyfel, fizetett_osszeg, igenyelt_kontenerszam)
 values ('055604', 'Mon_Bar', 'It_Cat', to_date('20210523160000','yyyymmddhh24miss'), 56400, 1650000, 10);
insert into s_megrendeles (megrendeles_id, indulasi_kikoto, erkezesi_kikoto, megrendeles_datuma, ugyfel, fizetett_osszeg, igenyelt_kontenerszam)
 values ('053605', 'It_Cat', 'Fra_Fos', to_date('20210525082000','yyyymmddhh24miss'), 36400, 1300000, 10);
insert into s_megrendeles (megrendeles_id, indulasi_kikoto, erkezesi_kikoto, megrendeles_datuma, ugyfel, fizetett_osszeg, igenyelt_kontenerszam)
 values ('054806', 'Fra_Fos', 'Alg', to_date('20210530082000','yyyymmddhh24miss'), 48400, 785000, 5);
insert into s_megrendeles (megrendeles_id, indulasi_kikoto, erkezesi_kikoto, megrendeles_datuma, ugyfel, fizetett_osszeg, igenyelt_kontenerszam)
 values ('056207', 'Alg', 'It_Cat', to_date('20210531180000','yyyymmddhh24miss'), 62400, 855000, 5);
insert into s_megrendeles (megrendeles_id, indulasi_kikoto, erkezesi_kikoto, megrendeles_datuma, ugyfel, fizetett_osszeg, igenyelt_kontenerszam)
 values ('053208', 'It_Cat', 'Cyp_Lim', to_date('20210512153000','yyyymmddhh24miss'), 32400, 674000, 7);
insert into s_megrendeles (megrendeles_id, indulasi_kikoto, erkezesi_kikoto, megrendeles_datuma, ugyfel, fizetett_osszeg, igenyelt_kontenerszam)
 values ('051309', 'Cyp_Lim', 'Tur_Ist', to_date('20210501083500','yyyymmddhh24miss'), 13400, 452000, 2);
insert into s_megrendeles (megrendeles_id, indulasi_kikoto, erkezesi_kikoto, megrendeles_datuma, ugyfel, fizetett_osszeg, igenyelt_kontenerszam)
 values ('055110', 'Tur_Ist', 'It_Cat', to_date('20210518194100','yyyymmddhh24miss'), 51400, 230000, 1);
insert into s_megrendeles (megrendeles_id, indulasi_kikoto, erkezesi_kikoto, megrendeles_datuma, ugyfel, fizetett_osszeg, igenyelt_kontenerszam)
 values ('081601', 'It_Cat', 'Sp_Barc', to_date('20210801084000','yyyymmddhh24miss'), 16400, 453000, 2);
insert into s_megrendeles (megrendeles_id, indulasi_kikoto, erkezesi_kikoto, megrendeles_datuma, ugyfel, fizetett_osszeg, igenyelt_kontenerszam)
 values ('041201', 'It_Cat', 'Tun', to_date('20210429101200','yyyymmddhh24miss'), 12400, 500000, 5);
insert into s_megrendeles (megrendeles_id, indulasi_kikoto, erkezesi_kikoto, megrendeles_datuma, ugyfel, fizetett_osszeg, igenyelt_kontenerszam)
 values ('044901', 'It_Cat', 'Tun', to_date('20210428161000','yyyymmddhh24miss'), 49400, 300000, 4);
insert into s_megrendeles (megrendeles_id, indulasi_kikoto, erkezesi_kikoto, megrendeles_datuma, ugyfel, fizetett_osszeg, igenyelt_kontenerszam)
 values ('066201', 'Liby_Tri', 'It_Cat', to_date('20210613113229','yyyymmddhh24miss'), 62400, 1200000, 6);
insert into s_megrendeles (megrendeles_id, indulasi_kikoto, erkezesi_kikoto, megrendeles_datuma, ugyfel, fizetett_osszeg, igenyelt_kontenerszam)
 values ('055603', 'Sp_Barc', 'It_Cat', to_date('20210505090034','yyyymmddhh24miss'), 56400, 2800000, 9);
insert into s_megrendeles (megrendeles_id, indulasi_kikoto, erkezesi_kikoto, megrendeles_datuma, ugyfel, fizetett_osszeg, igenyelt_kontenerszam)
 values ('041202', 'Tun', 'Sp_Barc', to_date('20210429145033','yyyymmddhh24miss'), 12400, 250000, 8);
insert into s_megrendeles (megrendeles_id, indulasi_kikoto, erkezesi_kikoto, megrendeles_datuma, ugyfel, fizetett_osszeg, igenyelt_kontenerszam)
 values ('055601', 'Gre_Pir', 'It_Cat', to_date('20210527172045','yyyymmddhh24miss'), 56400, 1750000, 8);
insert into s_megrendeles (megrendeles_id, indulasi_kikoto, erkezesi_kikoto, megrendeles_datuma, ugyfel, fizetett_osszeg, igenyelt_kontenerszam)
 values ('063702', 'Fra_Mar', 'Alg', to_date('20210614160132','yyyymmddhh24miss'), 37400, 6950000, 49);
insert into s_megrendeles (megrendeles_id, indulasi_kikoto, erkezesi_kikoto, megrendeles_datuma, ugyfel, fizetett_osszeg, igenyelt_kontenerszam)
 values ('063502', 'Liby_Tri', 'It_Cat', to_date('20210615143254','yyyymmddhh24miss'), 35400, 2999000, 12);
insert into s_megrendeles (megrendeles_id, indulasi_kikoto, erkezesi_kikoto, megrendeles_datuma, ugyfel, fizetett_osszeg, igenyelt_kontenerszam)
 values ('055602', 'It_Cat', 'Mor_Tgm', to_date('20210501101200','yyyymmddhh24miss'), 56400, 4300000, 10);
insert into s_megrendeles (megrendeles_id, indulasi_kikoto, erkezesi_kikoto, megrendeles_datuma, ugyfel, fizetett_osszeg, igenyelt_kontenerszam)
 values ('054201', 'Egy_Alex', 'Gre_Pir', to_date('20210501103223','yyyymmddhh24miss'), 42400, 9900000, 47);
insert into s_megrendeles (megrendeles_id, indulasi_kikoto, erkezesi_kikoto, megrendeles_datuma, ugyfel, fizetett_osszeg, igenyelt_kontenerszam)
 values ('053401', 'Gre_The', 'Gre_Pir', to_date('20210525121055','yyyymmddhh24miss'), 34400, 3100000, 46);
insert into s_megrendeles (megrendeles_id, indulasi_kikoto, erkezesi_kikoto, megrendeles_datuma, ugyfel, fizetett_osszeg, igenyelt_kontenerszam)
 values ('053502', 'Gre_Pir', 'It_Cat', to_date('20210528102745','yyyymmddhh24miss'), 35400, 3000000, 13);
insert into s_megrendeles (megrendeles_id, indulasi_kikoto, erkezesi_kikoto, megrendeles_datuma, ugyfel, fizetett_osszeg, igenyelt_kontenerszam)
 values ('052402', 'Tur_Ant', 'Mol_Giu', to_date('20210515130040','yyyymmddhh24miss'), 24400, 5100000, 10);
insert into s_megrendeles (megrendeles_id, indulasi_kikoto, erkezesi_kikoto, megrendeles_datuma, ugyfel, fizetett_osszeg, igenyelt_kontenerszam)
 values ('065601', 'It_Cat', 'Rus_Nov', to_date('20210601152311','yyyymmddhh24miss'), 56400, 30500000, 110);
insert into s_megrendeles (megrendeles_id, indulasi_kikoto, erkezesi_kikoto, megrendeles_datuma, ugyfel, fizetett_osszeg, igenyelt_kontenerszam)
 values ('060402', 'Liby_Tri', 'It_Cat', to_date('20210610161232','yyyymmddhh24miss'), 4400, 899900, 4);
insert into s_megrendeles (megrendeles_id, indulasi_kikoto, erkezesi_kikoto, megrendeles_datuma, ugyfel, fizetett_osszeg, igenyelt_kontenerszam)
 values ('065603', 'It_Cat', 'Sp_Barc', to_date('20210613170132','yyyymmddhh24miss'), 56400, 10505000, 43);
insert into s_megrendeles (megrendeles_id, indulasi_kikoto, erkezesi_kikoto, megrendeles_datuma, ugyfel, fizetett_osszeg, igenyelt_kontenerszam)
 values ('053501', 'Gre_Pir', 'It_Cat', to_date('20210525123010','yyyymmddhh24miss'), 35400, 9500000, 46);
insert into s_megrendeles (megrendeles_id, indulasi_kikoto, erkezesi_kikoto, megrendeles_datuma, ugyfel, fizetett_osszeg, igenyelt_kontenerszam)
 values ('042002', 'It_Cat', 'Mor_Tgm', to_date('20210430131500','yyyymmddhh24miss'), 20400, 10000000, 35);
insert into s_megrendeles (megrendeles_id, indulasi_kikoto, erkezesi_kikoto, megrendeles_datuma, ugyfel, fizetett_osszeg, igenyelt_kontenerszam)
 values ('052403', 'Cyp_Lim', 'Tur_Ant', to_date('20210513102012','yyyymmddhh24miss'), 2400, 350000, 10);
insert into s_megrendeles (megrendeles_id, indulasi_kikoto, erkezesi_kikoto, megrendeles_datuma, ugyfel, fizetett_osszeg, igenyelt_kontenerszam)
 values ('050101', 'It_Cat', 'Tur_Ist', to_date('20210520080034','yyyymmddhh24miss'), 1400, 200000, 49);
insert into s_megrendeles (megrendeles_id, indulasi_kikoto, erkezesi_kikoto, megrendeles_datuma, ugyfel, fizetett_osszeg, igenyelt_kontenerszam)
 values ('052401', 'Mol_Giu', 'Tur_Ist', to_date('20210520080245','yyyymmddhh24miss'), 24400, 1300000, 10);
insert into s_megrendeles (megrendeles_id, indulasi_kikoto, erkezesi_kikoto, megrendeles_datuma, ugyfel, fizetett_osszeg, igenyelt_kontenerszam)
 values ('062601', 'It_Cat', 'Liby_Tri', to_date('20210615154545','yyyymmddhh24miss'), 26400, 3950000, 59);
insert into s_megrendeles (megrendeles_id, indulasi_kikoto, erkezesi_kikoto, megrendeles_datuma, ugyfel, fizetett_osszeg, igenyelt_kontenerszam)
 values ('060102', 'Tur_Ist', 'Gre_Pir', to_date('20210608153410','yyyymmddhh24miss'), 1400, 3000000, 13);
insert into s_megrendeles (megrendeles_id, indulasi_kikoto, erkezesi_kikoto, megrendeles_datuma, ugyfel, fizetett_osszeg, igenyelt_kontenerszam)
 values ('060202', 'Tur_Ist', 'Gre_Pir', to_date('20210610103343','yyyymmddhh24miss'), 2400, 2110000, 10);
insert into s_megrendeles (megrendeles_id, indulasi_kikoto, erkezesi_kikoto, megrendeles_datuma, ugyfel, fizetett_osszeg, igenyelt_kontenerszam)
 values ('060901', 'Tur_Izm', 'It_Cat', to_date('20210612141134','yyyymmddhh24miss'), 9400, 2205000, 10);
insert into s_megrendeles (megrendeles_id, indulasi_kikoto, erkezesi_kikoto, megrendeles_datuma, ugyfel, fizetett_osszeg, igenyelt_kontenerszam)
 values ('061701', 'Sp_Barc', 'Fra_Mar', to_date('20210609115150','yyyymmddhh24miss'), 17400, 905000, 23);
insert into s_megrendeles (megrendeles_id, indulasi_kikoto, erkezesi_kikoto, megrendeles_datuma, ugyfel, fizetett_osszeg, igenyelt_kontenerszam)
 values ('050401', 'Tur_Ist', 'Gre_The', to_date('20210525120012','yyyymmddhh24miss'), 4400, 3000000, 59);
insert into s_megrendeles (megrendeles_id, indulasi_kikoto, erkezesi_kikoto, megrendeles_datuma, ugyfel, fizetett_osszeg, igenyelt_kontenerszam)
 values ('053402', 'Gre_The', 'It_Cat', to_date('20210525121201','yyyymmddhh24miss'), 34400, 3000000, 8);
insert into s_megrendeles (megrendeles_id, indulasi_kikoto, erkezesi_kikoto, megrendeles_datuma, ugyfel, fizetett_osszeg, igenyelt_kontenerszam)
 values ('065301', 'Alg', 'It_Cat', to_date('20210615154141','yyyymmddhh24miss'), 53400, 4500000, 50);
insert into s_megrendeles (megrendeles_id, indulasi_kikoto, erkezesi_kikoto, megrendeles_datuma, ugyfel, fizetett_osszeg, igenyelt_kontenerszam)
 values ('060401', 'Rus_Nov', 'Bul_Bur', to_date('20210605101234','yyyymmddhh24miss'), 4400, 2483000, 10);
insert into s_megrendeles (megrendeles_id, indulasi_kikoto, erkezesi_kikoto, megrendeles_datuma, ugyfel, fizetett_osszeg, igenyelt_kontenerszam)
 values ('060101', 'Rus_Nov', 'Tur_Ist', to_date('20210605102050','yyyymmddhh24miss'), 1400, 12000000, 50);
insert into s_megrendeles (megrendeles_id, indulasi_kikoto, erkezesi_kikoto, megrendeles_datuma, ugyfel, fizetett_osszeg, igenyelt_kontenerszam)
 values ('063701', 'Sp_Barc', 'Fra_Mar', to_date('20210610135151','yyyymmddhh24miss'), 37400, 501000, 12);
insert into s_megrendeles (megrendeles_id, indulasi_kikoto, erkezesi_kikoto, megrendeles_datuma, ugyfel, fizetett_osszeg, igenyelt_kontenerszam)
 values ('063501', 'Tur_Ist', 'Gre_Pir', to_date('20210607121527','yyyymmddhh24miss'), 35400, 2701000, 12);
insert into s_megrendeles (megrendeles_id, indulasi_kikoto, erkezesi_kikoto, megrendeles_datuma, ugyfel, fizetett_osszeg, igenyelt_kontenerszam)
 values ('063301', 'Tur_Ist', 'Gre_Pir', to_date('20210605080808','yyyymmddhh24miss'), 33400, 3499000, 15);
insert into s_megrendeles (megrendeles_id, indulasi_kikoto, erkezesi_kikoto, megrendeles_datuma, ugyfel, fizetett_osszeg, igenyelt_kontenerszam)
 values ('065602', 'Rus_Nov', 'It_Cat', to_date('20210605101537','yyyymmddhh24miss'), 56400, 20000000, 50);
insert into s_megrendeles (megrendeles_id, indulasi_kikoto, erkezesi_kikoto, megrendeles_datuma, ugyfel, fizetett_osszeg, igenyelt_kontenerszam)
 values ('061601', 'Sp_Barc', 'Fra_Mar', to_date('20210607122334','yyyymmddhh24miss'), 16400, 495000, 13);
insert into s_megrendeles (megrendeles_id, indulasi_kikoto, erkezesi_kikoto, megrendeles_datuma, ugyfel, fizetett_osszeg, igenyelt_kontenerszam)
 values ('065604', 'Liby_Tri', 'It_Cat', to_date('20210616115450','yyyymmddhh24miss'), 56400, 1100000, 8);
insert into s_megrendeles (megrendeles_id, indulasi_kikoto, erkezesi_kikoto, megrendeles_datuma, ugyfel, fizetett_osszeg, igenyelt_kontenerszam)
 values ('053901', 'It_Cat', 'Egy_Alex', to_date('20210502103545','yyyymmddhh24miss'), 39400, 14000000, 48);
insert into s_megrendeles (megrendeles_id, indulasi_kikoto, erkezesi_kikoto, megrendeles_datuma, ugyfel, fizetett_osszeg, igenyelt_kontenerszam)
 values ('053902', 'Liby_Tri', 'It_Cat', to_date('20210510130120','yyyymmddhh24miss'), 26400, 3000000, 48);
insert into s_megrendeles (megrendeles_id, indulasi_kikoto, erkezesi_kikoto, megrendeles_datuma, ugyfel, fizetett_osszeg, igenyelt_kontenerszam)
 values ('053302', 'Gre_Pir', 'It_Cat', to_date('20210530101144','yyyymmddhh24miss'), 33400, 10500000, 20);
insert into s_megrendeles (megrendeles_id, indulasi_kikoto, erkezesi_kikoto, megrendeles_datuma, ugyfel, fizetett_osszeg, igenyelt_kontenerszam)
 values ('056201', 'Gre_Pir', 'It_Cat', to_date('20210529101333','yyyymmddhh24miss'), 62400, 800000, 4);
insert into s_megrendeles (megrendeles_id, indulasi_kikoto, erkezesi_kikoto, megrendeles_datuma, ugyfel, fizetett_osszeg, igenyelt_kontenerszam)
 values ('054202', 'Egy_Alex', 'Liby_Tri', to_date('20210508073255','yyyymmddhh24miss'), 42400, 16500000, 41);
insert into s_megrendeles (megrendeles_id, indulasi_kikoto, erkezesi_kikoto, megrendeles_datuma, ugyfel, fizetett_osszeg, igenyelt_kontenerszam)
 values ('053903', 'It_Cat', 'Egy_Alex', to_date('20210510145543','yyyymmddhh24miss'), 39400, 15500000, 50);
insert into s_megrendeles (megrendeles_id, indulasi_kikoto, erkezesi_kikoto, megrendeles_datuma, ugyfel, fizetett_osszeg, igenyelt_kontenerszam)
 values ('053301', 'Gre_Pir', 'It_Cat', to_date('20210520080123','yyyymmddhh24miss'), 33400, 10000000, 48);
insert into s_megrendeles (megrendeles_id, indulasi_kikoto, erkezesi_kikoto, megrendeles_datuma, ugyfel, fizetett_osszeg, igenyelt_kontenerszam)
 values ('062602', 'Liby_Tri', 'It_Cat', to_date('20210630145311','yyyymmddhh24miss'), 26400, 8500000, 60);
insert into s_megrendeles (megrendeles_id, indulasi_kikoto, erkezesi_kikoto, megrendeles_datuma, ugyfel, fizetett_osszeg, igenyelt_kontenerszam)
 values ('060201', 'Bul_Bur', 'Tur_Izm', to_date('20210601101123','yyyymmddhh24miss'), 2400, 2450000, 10);
insert into s_megrendeles (megrendeles_id, indulasi_kikoto, erkezesi_kikoto, megrendeles_datuma, ugyfel, fizetett_osszeg, igenyelt_kontenerszam)
 values ('063302', 'Liby_Tri', 'It_Cat', to_date('20210618084316','yyyymmddhh24miss'), 33400, 2222000, 10);
insert into s_megrendeles (megrendeles_id, indulasi_kikoto, erkezesi_kikoto, megrendeles_datuma, ugyfel, fizetett_osszeg, igenyelt_kontenerszam)
 values ('055101', 'Gre_Pir', 'It_Cat', to_date('20210528162550','yyyymmddhh24miss'), 51400, 990000, 5);
insert into s_megrendeles (megrendeles_id, indulasi_kikoto, erkezesi_kikoto, megrendeles_datuma, ugyfel, fizetett_osszeg, igenyelt_kontenerszam)
 values ('052101', 'Mor_Tgm', 'It_Cat', to_date('20210507153321','yyyymmddhh24miss'), 21400, 15000000, 35);
insert into s_megrendeles (megrendeles_id, indulasi_kikoto, erkezesi_kikoto, megrendeles_datuma, ugyfel, fizetett_osszeg, igenyelt_kontenerszam)
 values ('043301', 'It_Cat', 'Cyp_Lim', to_date('20210428155503','yyyymmddhh24miss'), 33400, 4000000, 8);
insert into s_megrendeles (megrendeles_id, indulasi_kikoto, erkezesi_kikoto, megrendeles_datuma, ugyfel, fizetett_osszeg, igenyelt_kontenerszam)
 values ('065101', 'Liby_Tri', 'It_Cat', to_date('20210615102000','yyyymmddhh24miss'), 51400, 2100000, 10);
insert into s_megrendeles (megrendeles_id, indulasi_kikoto, erkezesi_kikoto, megrendeles_datuma, ugyfel, fizetett_osszeg, igenyelt_kontenerszam)
 values ('073901', 'It_Cat', 'Liby_Tri', to_date('20210701081010','yyyymmddhh24miss'), 39400, 15500000, 50);
insert into s_megrendeles (megrendeles_id, indulasi_kikoto, erkezesi_kikoto, megrendeles_datuma, ugyfel, fizetett_osszeg, igenyelt_kontenerszam)
 values ('071701', 'Sp_Val', 'Sp_Barc', to_date('20210701130420','yyyymmddhh24miss'), 17400, 5000000, 3);
insert into s_megrendeles (megrendeles_id, indulasi_kikoto, erkezesi_kikoto, megrendeles_datuma, ugyfel, fizetett_osszeg, igenyelt_kontenerszam)
 values ('073702', 'Sp_Val', 'Fra_Mar', to_date('20210703102023','yyyymmddhh24miss'), 37400, 4590000, 2);
insert into s_megrendeles (megrendeles_id, indulasi_kikoto, erkezesi_kikoto, megrendeles_datuma, ugyfel, fizetett_osszeg, igenyelt_kontenerszam)
 values ('076003', 'Fra_Mar', 'It_Gen', to_date('20210703170600','yyyymmddhh24miss'), 60400, 1900000, 2);
insert into s_megrendeles (megrendeles_id, indulasi_kikoto, erkezesi_kikoto, megrendeles_datuma, ugyfel, fizetett_osszeg, igenyelt_kontenerszam)
 values ('076004', 'Fra_Mar', 'It_Civ', to_date('20210701130054','yyyymmddhh24miss'), 60400, 9900000, 2);
insert into s_megrendeles (megrendeles_id, indulasi_kikoto, erkezesi_kikoto, megrendeles_datuma, ugyfel, fizetett_osszeg, igenyelt_kontenerszam)
 values ('075105', 'Fra_Mar', 'It_Cat', to_date('20210705091420','yyyymmddhh24miss'), 51400, 900000, 1);
insert into s_megrendeles (megrendeles_id, indulasi_kikoto, erkezesi_kikoto, megrendeles_datuma, ugyfel, fizetett_osszeg, igenyelt_kontenerszam)
 values ('065106', 'It_Sal', 'It_Cat', to_date('20210630080056','yyyymmddhh24miss'), 51400, 1900000, 4);
insert into s_megrendeles (megrendeles_id, indulasi_kikoto, erkezesi_kikoto, megrendeles_datuma, ugyfel, fizetett_osszeg, igenyelt_kontenerszam)
 values ('075407', 'It_Cat', 'It_Pal', to_date('20210710090001','yyyymmddhh24miss'), 54400, 5000000, 1);
insert into s_megrendeles (megrendeles_id, indulasi_kikoto, erkezesi_kikoto, megrendeles_datuma, ugyfel, fizetett_osszeg, igenyelt_kontenerszam)
 values ('075908', 'It_Cat', 'It_Cag', to_date('20210711085956','yyyymmddhh24miss'), 59400, 4500000, 1);
insert into s_megrendeles (megrendeles_id, indulasi_kikoto, erkezesi_kikoto, megrendeles_datuma, ugyfel, fizetett_osszeg, igenyelt_kontenerszam)
 values ('071109', 'It_Cat', 'Tun', to_date('20210703180056','yyyymmddhh24miss'), 11400, 12000000, 3);
insert into s_megrendeles (megrendeles_id, indulasi_kikoto, erkezesi_kikoto, megrendeles_datuma, ugyfel, fizetett_osszeg, igenyelt_kontenerszam)
 values ('0762010', 'Tun', 'It_Cat', to_date('20210715114307','yyyymmddhh24miss'), 62400, 32000000, 5);
insert into s_megrendeles (megrendeles_id, indulasi_kikoto, erkezesi_kikoto, megrendeles_datuma, ugyfel, fizetett_osszeg, igenyelt_kontenerszam) 
 values ('085601', 'It_Cat', 'Rus_Nov', to_date('20210813102345','yyyymmddhh24miss'), 56400, 100000, 8);
insert into s_megrendeles (megrendeles_id, indulasi_kikoto, erkezesi_kikoto, megrendeles_datuma, ugyfel, fizetett_osszeg, igenyelt_kontenerszam) 
 values ('085602', 'It_Cat', 'Rus_Nov', to_date('20210814110345','yyyymmddhh24miss'), 56400, 20000, 2);
commit;

insert into s_ut (ut_id,indulasi_ido,erkezesi_ido,indulasi_kikoto,erkezesi_kikoto,hajo) 
values ('0530001', to_date('20210501060000','yyyymmddhh24miss'), to_date('20210501183100','yyyymmddhh24miss'), 'It_Cat', 'Tun', '300');
insert into s_ut (ut_id,indulasi_ido,erkezesi_ido,indulasi_kikoto,erkezesi_kikoto,hajo) 
values ('0530002', to_date('20210503060000','yyyymmddhh24miss'), to_date('20210504183100','yyyymmddhh24miss'), 'Tun', 'Sp_Barc', '300');
insert into s_ut (ut_id,indulasi_ido,erkezesi_ido,indulasi_kikoto,erkezesi_kikoto,hajo) 
values ('0530003', to_date('20210507060000','yyyymmddhh24miss'), to_date('20210510132500','yyyymmddhh24miss'), 'Sp_Barc', 'It_Cat', '300');
insert into s_ut (ut_id,indulasi_ido,erkezesi_ido,indulasi_kikoto,erkezesi_kikoto,hajo) 
values ('0530004', to_date('20210514060000','yyyymmddhh24miss'), to_date('20210519101200','yyyymmddhh24miss'), 'It_Cat', 'Cyp_Lim', '300');
insert into s_ut (ut_id,indulasi_ido,erkezesi_ido,indulasi_kikoto,erkezesi_kikoto,hajo) 
values ('0530005', to_date('20210520060000','yyyymmddhh24miss'), to_date('20210520154500','yyyymmddhh24miss'), 'Cyp_Lim', 'Tur_Ant', '300');
insert into s_ut (ut_id,indulasi_ido,erkezesi_ido,indulasi_kikoto,erkezesi_kikoto,hajo) 
values ('0530006', to_date('20210522060000','yyyymmddhh24miss'), to_date('20210527110500','yyyymmddhh24miss'), 'Tur_Ant', 'Mol_Giu', '300');
insert into s_ut (ut_id,indulasi_ido,erkezesi_ido,indulasi_kikoto,erkezesi_kikoto,hajo) 
values ('0530007', to_date('20210528080000','yyyymmddhh24miss'), to_date('20210529114700','yyyymmddhh24miss'), 'Mol_Giu', 'Tur_Ist', '300');
insert into s_ut (ut_id,indulasi_ido,erkezesi_ido,indulasi_kikoto,erkezesi_kikoto,hajo) 
values ('0530008', to_date('20210529060000','yyyymmddhh24miss'), to_date('20210529201200','yyyymmddhh24miss'), 'Tur_Ist', 'Gre_The', '300');
insert into s_ut (ut_id,indulasi_ido,erkezesi_ido,indulasi_kikoto,erkezesi_kikoto,hajo) 
values ('0530009', to_date('20210531060000','yyyymmddhh24miss'), to_date('20210604121200','yyyymmddhh24miss'), 'Gre_The', 'It_Cat', '300');
insert into s_ut (ut_id,indulasi_ido,erkezesi_ido,indulasi_kikoto,erkezesi_kikoto,hajo) 
values ('0365001', to_date('20210312101520','yyyymmddhh24miss'), to_date('20210314204956','yyyymmddhh24miss'), 'It_Cat', 'Mor_Tgm', '650');
insert into s_ut (ut_id,indulasi_ido,erkezesi_ido,indulasi_kikoto,erkezesi_kikoto,hajo) 
values ('0365002', to_date('20210316070552','yyyymmddhh24miss'), to_date('20210317064340','yyyymmddhh24miss'), 'Mor_Tgm', 'Alg', '650');
insert into s_ut (ut_id,indulasi_ido,erkezesi_ido,indulasi_kikoto,erkezesi_kikoto,hajo) 
values ('0365003', to_date('20210318074111','yyyymmddhh24miss'), to_date('20210319043549','yyyymmddhh24miss'), 'Alg', 'Tun', '650');
insert into s_ut (ut_id,indulasi_ido,erkezesi_ido,indulasi_kikoto,erkezesi_kikoto,hajo) 
values ('0365004', to_date('20210321150546','yyyymmddhh24miss'), to_date('20210322035923','yyyymmddhh24miss'), 'Tun', 'Mal_Val', '650');
insert into s_ut (ut_id,indulasi_ido,erkezesi_ido,indulasi_kikoto,erkezesi_kikoto,hajo) 
values ('0365005', to_date('20210323193735','yyyymmddhh24miss'), to_date('20210325010318','yyyymmddhh24miss'), 'Mal_Val', 'Gre_Pir', '650');
insert into s_ut (ut_id,indulasi_ido,erkezesi_ido,indulasi_kikoto,erkezesi_kikoto,hajo) 
values ('0365006', to_date('20210327060800','yyyymmddhh24miss'), to_date('20210328055841','yyyymmddhh24miss'), 'Gre_Pir', 'Tur_Ist', '650');
insert into s_ut (ut_id,indulasi_ido,erkezesi_ido,indulasi_kikoto,erkezesi_kikoto,hajo) 
values ('0365007', to_date('20210329185132','yyyymmddhh24miss'), to_date('20210330045010','yyyymmddhh24miss'), 'Tur_Ist', 'Rom_Con', '650');
insert into s_ut (ut_id,indulasi_ido,erkezesi_ido,indulasi_kikoto,erkezesi_kikoto,hajo) 
values ('0365008', to_date('20210331082800','yyyymmddhh24miss'), to_date('20210331190546','yyyymmddhh24miss'), 'Rom_Con', 'Ukr_Ode', '650');
insert into s_ut (ut_id,indulasi_ido,erkezesi_ido,indulasi_kikoto,erkezesi_kikoto,hajo) 
values ('0465001', to_date('20210405070644','yyyymmddhh24miss'), to_date('20210405212420','yyyymmddhh24miss'), 'Ukr_Ode', 'Bul_Var', '650');
insert into s_ut (ut_id,indulasi_ido,erkezesi_ido,indulasi_kikoto,erkezesi_kikoto,hajo) 
values ('0465002', to_date('20210406204537','yyyymmddhh24miss'), to_date('20210407082955','yyyymmddhh24miss'), 'Bul_Var', 'Tur_Teki', '650');
insert into s_ut (ut_id,indulasi_ido,erkezesi_ido,indulasi_kikoto,erkezesi_kikoto,hajo) 
values ('0465003', to_date('20210407144153','yyyymmddhh24miss'), to_date('20210408062411','yyyymmddhh24miss'), 'Tur_Teki', 'Gre_The', '650');
insert into s_ut (ut_id,indulasi_ido,erkezesi_ido,indulasi_kikoto,erkezesi_kikoto,hajo) 
values ('0465004', to_date('20210409084027','yyyymmddhh24miss'), to_date('20210409230059','yyyymmddhh24miss'), 'Gre_The', 'Gre_Pir', '650');
insert into s_ut (ut_id,indulasi_ido,erkezesi_ido,indulasi_kikoto,erkezesi_kikoto,hajo) 
values ('0465005', to_date('20210411060500','yyyymmddhh24miss'), to_date('20210412112428','yyyymmddhh24miss'), 'Gre_Pir', 'Alb_Dur', '650');
insert into s_ut (ut_id,indulasi_ido,erkezesi_ido,indulasi_kikoto,erkezesi_kikoto,hajo) 
values ('0465006', to_date('20210412182730','yyyymmddhh24miss'), to_date('20210413213902','yyyymmddhh24miss'), 'Alb_Dur', 'Mon_Bar', '650');
insert into s_ut (ut_id,indulasi_ido,erkezesi_ido,indulasi_kikoto,erkezesi_kikoto,hajo) 
values ('0465007', to_date('20210414124032','yyyymmddhh24miss'), to_date('20210414223446','yyyymmddhh24miss'), 'Mon_Bar', 'Cro_Spl', '650');
insert into s_ut (ut_id,indulasi_ido,erkezesi_ido,indulasi_kikoto,erkezesi_kikoto,hajo) 
values ('0465008', to_date('20210416065400','yyyymmddhh24miss'), to_date('20210416190320','yyyymmddhh24miss'), 'Cro_Spl', 'It_Ven', '650');
insert into s_ut (ut_id,indulasi_ido,erkezesi_ido,indulasi_kikoto,erkezesi_kikoto,hajo) 
values ('0465009', to_date('20210418084300','yyyymmddhh24miss'), to_date('20210418153137','yyyymmddhh24miss'), 'It_Ven', 'It_Anc', '650');
insert into s_ut (ut_id,indulasi_ido,erkezesi_ido,indulasi_kikoto,erkezesi_kikoto,hajo) 
values ('0465010', to_date('20210419073509','yyyymmddhh24miss'), to_date('20210419195946','yyyymmddhh24miss'), 'It_Anc', 'It_Bari', '650');
insert into s_ut (ut_id,indulasi_ido,erkezesi_ido,indulasi_kikoto,erkezesi_kikoto,hajo) 
values ('0465011', to_date('20210421101043','yyyymmddhh24miss'), to_date('20210422062213','yyyymmddhh24miss'), 'It_Bari', 'It_Cat', '650');
insert into s_ut (ut_id,indulasi_ido,erkezesi_ido,indulasi_kikoto,erkezesi_kikoto,hajo) 
values ('0960001', to_date('20210920063024','yyyymmddhh24miss'), to_date('20210922025539','yyyymmddhh24miss'), 'It_Cat', 'Tur_Ant', '600');
insert into s_ut (ut_id,indulasi_ido,erkezesi_ido,indulasi_kikoto,erkezesi_kikoto,hajo) 
values ('0960002', to_date('20210923081523','yyyymmddhh24miss'), to_date('20210923210754','yyyymmddhh24miss'), 'Tur_Ant', 'Tur_Mer', '600');
insert into s_ut (ut_id,indulasi_ido,erkezesi_ido,indulasi_kikoto,erkezesi_kikoto,hajo) 
values ('0960003', to_date('20210925063030','yyyymmddhh24miss'), to_date('20210925111206','yyyymmddhh24miss'), 'Tur_Mer', 'Tur_Isk', '600');
insert into s_ut (ut_id,indulasi_ido,erkezesi_ido,indulasi_kikoto,erkezesi_kikoto,hajo) 
values ('0960004', to_date('20210925210248','yyyymmddhh24miss'), to_date('20210926045617','yyyymmddhh24miss'), 'Tur_Isk', 'Leb_Tri', '600');
insert into s_ut (ut_id,indulasi_ido,erkezesi_ido,indulasi_kikoto,erkezesi_kikoto,hajo) 
values ('0960005', to_date('20210926182924','yyyymmddhh24miss'), to_date('20210927152528','yyyymmddhh24miss'), 'Leb_Tri', 'Egy_Alex', '600');
insert into s_ut (ut_id,indulasi_ido,erkezesi_ido,indulasi_kikoto,erkezesi_kikoto,hajo) 
values ('0960006', to_date('20210928105316','yyyymmddhh24miss'), to_date('20210929182105','yyyymmddhh24miss'), 'Egy_Alex', 'Liby_Ben', '600');
insert into s_ut (ut_id,indulasi_ido,erkezesi_ido,indulasi_kikoto,erkezesi_kikoto,hajo) 
values ('1060001', to_date('20211001071738','yyyymmddhh24miss'), to_date('20211002023006','yyyymmddhh24miss'), 'Liby_Ben', 'Liby_Tri', '600');
insert into s_ut (ut_id,indulasi_ido,erkezesi_ido,indulasi_kikoto,erkezesi_kikoto,hajo) 
values ('1060002', to_date('20211002123550','yyyymmddhh24miss'), to_date('20211002224511','yyyymmddhh24miss'), 'Liby_Tri', 'Mal_Mar', '600');
insert into s_ut (ut_id,indulasi_ido,erkezesi_ido,indulasi_kikoto,erkezesi_kikoto,hajo) 
values ('1060003', to_date('20211004091300','yyyymmddhh24miss'), to_date('20211004160131','yyyymmddhh24miss'), 'Mal_Mar', 'It_Cat', '600');
insert into s_ut (ut_id,indulasi_ido,erkezesi_ido,indulasi_kikoto,erkezesi_kikoto,hajo) 
values ('0645002', to_date('20210606073000','yyyymmddhh24miss'), to_date('20210611133200','yyyymmddhh24miss'), 'It_Cat', 'Rus_Nov', '450');
insert into s_ut (ut_id,indulasi_ido,erkezesi_ido,indulasi_kikoto,erkezesi_kikoto,hajo) 
values ('0645001', to_date('20210602060500','yyyymmddhh24miss'), to_date('20210604152100','yyyymmddhh24miss'), 'Gre_Pir', 'It_Cat', '450');
insert into s_ut (ut_id,indulasi_ido,erkezesi_ido,indulasi_kikoto,erkezesi_kikoto,hajo) 
values ('0545001', to_date('20210506091200','yyyymmddhh24miss'), to_date('20210509162100','yyyymmddhh24miss'), 'It_Cat', 'Egy_Alex', '450');
insert into s_ut (ut_id,indulasi_ido,erkezesi_ido,indulasi_kikoto,erkezesi_kikoto,hajo) 
values ('0635005', to_date('20210628080500','yyyymmddhh24miss'), to_date('20210628181200','yyyymmddhh24miss'), 'Sp_Barc', 'Fra_Mar', '350');
insert into s_ut (ut_id,indulasi_ido,erkezesi_ido,indulasi_kikoto,erkezesi_kikoto,hajo) 
values ('0635003', to_date('20210613073000','yyyymmddhh24miss'), to_date('20210618140200','yyyymmddhh24miss'), 'Rus_Nov', 'It_Cat', '350');
insert into s_ut (ut_id,indulasi_ido,erkezesi_ido,indulasi_kikoto,erkezesi_kikoto,hajo) 
values ('0730001', to_date('20210702051500','yyyymmddhh24miss'), to_date('20210702215300','yyyymmddhh24miss'), 'Liby_Tri', 'It_Cat', '300');
insert into s_ut (ut_id,indulasi_ido,erkezesi_ido,indulasi_kikoto,erkezesi_kikoto,hajo) 
values ('0630003', to_date('20210617061400','yyyymmddhh24miss'), to_date('20210619195600','yyyymmddhh24miss'), 'Bul_Bur', 'Tur_Izm', '300');
insert into s_ut (ut_id,indulasi_ido,erkezesi_ido,indulasi_kikoto,erkezesi_kikoto,hajo) 
values ('0535004', to_date('20210522101300','yyyymmddhh24miss'), to_date('20210524144700','yyyymmddhh24miss'), 'Egy_Alex', 'Gre_Pir', '350');
insert into s_ut (ut_id,indulasi_ido,erkezesi_ido,indulasi_kikoto,erkezesi_kikoto,hajo) 
values ('0635006', to_date('20210630073500','yyyymmddhh24miss'), to_date('20210701194200','yyyymmddhh24miss'), 'Fra_Mar', 'Alg', '350');
insert into s_ut (ut_id,indulasi_ido,erkezesi_ido,indulasi_kikoto,erkezesi_kikoto,hajo) 
values ('0630005', to_date('20210630045000','yyyymmddhh24miss'), to_date('20210630213000','yyyymmddhh24miss'), 'It_Cat', 'Liby_Tri', '300');
insert into s_ut (ut_id,indulasi_ido,erkezesi_ido,indulasi_kikoto,erkezesi_kikoto,hajo) 
values ('0545006', to_date('20210531010500','yyyymmddhh24miss'), to_date('20210531224200','yyyymmddhh24miss'), 'Gre_The', 'Gre_Pir', '450');
insert into s_ut (ut_id,indulasi_ido,erkezesi_ido,indulasi_kikoto,erkezesi_kikoto,hajo) 
values ('0535003', to_date('20210516074300','yyyymmddhh24miss'), to_date('20210519163200','yyyymmddhh24miss'), 'It_Cat', 'Egy_Alex', '350');
insert into s_ut (ut_id,indulasi_ido,erkezesi_ido,indulasi_kikoto,erkezesi_kikoto,hajo) 
values ('0645006', to_date('20210630050500','yyyymmddhh24miss'), to_date('20210630220000','yyyymmddhh24miss'), 'It_Cat', 'Liby_Tri', '450');
insert into s_ut (ut_id,indulasi_ido,erkezesi_ido,indulasi_kikoto,erkezesi_kikoto,hajo) 
values ('0545004', to_date('20210523062000','yyyymmddhh24miss'), to_date('20210527200200','yyyymmddhh24miss'), 'It_Cat', 'Tur_Ist', '450');
insert into s_ut (ut_id,indulasi_ido,erkezesi_ido,indulasi_kikoto,erkezesi_kikoto,hajo) 
values ('0645005', to_date('20210621061200','yyyymmddhh24miss'), to_date('20210623141200','yyyymmddhh24miss'), 'Gre_Pir', 'It_Cat', '450');
insert into s_ut (ut_id,indulasi_ido,erkezesi_ido,indulasi_kikoto,erkezesi_kikoto,hajo) 
values ('0545005', to_date('20210529062000','yyyymmddhh24miss'), to_date('20210529180200','yyyymmddhh24miss'), 'Tur_Ist', 'Gre_The', '450');
insert into s_ut (ut_id,indulasi_ido,erkezesi_ido,indulasi_kikoto,erkezesi_kikoto,hajo) 
values ('0630001', to_date('20210606070500','yyyymmddhh24miss'), to_date('20210611102000','yyyymmddhh24miss'), 'It_Cat', 'Rus_Nov', '300');
insert into s_ut (ut_id,indulasi_ido,erkezesi_ido,indulasi_kikoto,erkezesi_kikoto,hajo) 
values ('0535002', to_date('20210509075300','yyyymmddhh24miss'), to_date('20210513183400','yyyymmddhh24miss'), 'Mor_Tgm', 'It_Cat', '350');
insert into s_ut (ut_id,indulasi_ido,erkezesi_ido,indulasi_kikoto,erkezesi_kikoto,hajo) 
values ('0645003', to_date('20210613072100','yyyymmddhh24miss'), to_date('20210615203100','yyyymmddhh24miss'), 'Rus_Nov', 'Tur_Ist', '450');
insert into s_ut (ut_id,indulasi_ido,erkezesi_ido,indulasi_kikoto,erkezesi_kikoto,hajo) 
values ('0635001', to_date('20210602114500','yyyymmddhh24miss'), to_date('20210603201100','yyyymmddhh24miss'), 'It_Pal', 'It_Cat', '350');
insert into s_ut (ut_id,indulasi_ido,erkezesi_ido,indulasi_kikoto,erkezesi_kikoto,hajo) 
values ('0745001', to_date('20210702050500','yyyymmddhh24miss'), to_date('20210702220000','yyyymmddhh24miss'), 'Liby_Tri', 'It_Cat', '450');
insert into s_ut (ut_id,indulasi_ido,erkezesi_ido,indulasi_kikoto,erkezesi_kikoto,hajo) 
values ('0545003', to_date('20210517142400','yyyymmddhh24miss'), to_date('20210519201500','yyyymmddhh24miss'), 'Liby_Tri', 'It_Cat', '450');
insert into s_ut (ut_id,indulasi_ido,erkezesi_ido,indulasi_kikoto,erkezesi_kikoto,hajo) 
values ('0535001', to_date('20210503081600','yyyymmddhh24miss'), to_date('20210507204500','yyyymmddhh24miss'), 'It_Cat', 'Mor_Tgm', '350');
insert into s_ut (ut_id,indulasi_ido,erkezesi_ido,indulasi_kikoto,erkezesi_kikoto,hajo) 
values ('0535005', to_date('20210525060700','yyyymmddhh24miss'), to_date('20210527201300','yyyymmddhh24miss'), 'Gre_Pir', 'It_Cat', '350');
insert into s_ut (ut_id,indulasi_ido,erkezesi_ido,indulasi_kikoto,erkezesi_kikoto,hajo) 
values ('0545002', to_date('20210511083500','yyyymmddhh24miss'), to_date('20210515145700','yyyymmddhh24miss'), 'Egy_Alex', 'Liby_Tri', '450');
insert into s_ut (ut_id,indulasi_ido,erkezesi_ido,indulasi_kikoto,erkezesi_kikoto,hajo) 
values ('0645004', to_date('20210617075400','yyyymmddhh24miss'), to_date('20210619190200','yyyymmddhh24miss'), 'Tur_Ist', 'Gre_Pir', '450');
insert into s_ut (ut_id,indulasi_ido,erkezesi_ido,indulasi_kikoto,erkezesi_kikoto,hajo) 
values ('0635004', to_date('20210623061300','yyyymmddhh24miss'), to_date('20210626152700','yyyymmddhh24miss'), 'It_Cat', 'Sp_Barc', '350');
insert into s_ut (ut_id,indulasi_ido,erkezesi_ido,indulasi_kikoto,erkezesi_kikoto,hajo) 
values ('0735001', to_date('20210703055300','yyyymmddhh24miss'), to_date('','yyyymmddhh24miss'), 'Alg', 'It_Cat', '350');
insert into s_ut (ut_id,indulasi_ido,erkezesi_ido,indulasi_kikoto,erkezesi_kikoto,hajo) 
values ('0630002', to_date('20210613073400','yyyymmddhh24miss'), to_date('20210615201000','yyyymmddhh24miss'), 'Rus_Nov', 'Bul_Bur', '300');
insert into s_ut (ut_id,indulasi_ido,erkezesi_ido,indulasi_kikoto,erkezesi_kikoto,hajo) 
values ('0535006', to_date('20210528101600','yyyymmddhh24miss'), to_date('20210530091300','yyyymmddhh24miss'), 'It_Cat', 'It_Pal', '350');
insert into s_ut (ut_id,indulasi_ido,erkezesi_ido,indulasi_kikoto,erkezesi_kikoto,hajo) 
values ('0630004', to_date('20210621054800','yyyymmddhh24miss'), to_date('20210623153500','yyyymmddhh24miss'), 'Tur_Izm', 'It_Cat', '300');
insert into s_ut (ut_id,indulasi_ido,erkezesi_ido,indulasi_kikoto,erkezesi_kikoto,hajo) 
values ('0635002', to_date('20210606070000','yyyymmddhh24miss'), to_date('20210611122300','yyyymmddhh24miss'), 'It_Cat', 'Rus_Nov', '350');
insert into s_ut (ut_id,indulasi_ido,erkezesi_ido,indulasi_kikoto,erkezesi_kikoto,hajo) 
values ('0640003', to_date('20210603153000','yyyymmddhh24miss'), to_date('20210603183100','yyyymmddhh24miss'), 'Alb_Dur', 'Mon_Bar', '400');
insert into s_ut (ut_id,indulasi_ido,erkezesi_ido,indulasi_kikoto,erkezesi_kikoto,hajo) 
values ('1050002', to_date('20211005133800','yyyymmddhh24miss'), to_date('20211008102000','yyyymmddhh24miss'), 'Sp_Barc', 'Mor_Tgm', '500');
insert into s_ut (ut_id,indulasi_ido,erkezesi_ido,indulasi_kikoto,erkezesi_kikoto,hajo) 
values ('1050003', to_date('20211008133000','yyyymmddhh24miss'), to_date('20211014103700','yyyymmddhh24miss'), 'Mor_Tgm', 'It_Cat', '500');
insert into s_ut (ut_id,indulasi_ido,erkezesi_ido,indulasi_kikoto,erkezesi_kikoto,hajo) 
values ('1050004', to_date('20211019060000','yyyymmddhh24miss'), to_date('20211024141200','yyyymmddhh24miss'), 'It_Cat', 'Leb_Tri', '500');
insert into s_ut (ut_id,indulasi_ido,erkezesi_ido,indulasi_kikoto,erkezesi_kikoto,hajo) 
values ('1050005', to_date('20211024163400','yyyymmddhh24miss'), to_date('20211028112100','yyyymmddhh24miss'), 'Leb_Tri', 'Gre_The', '500');
insert into s_ut (ut_id,indulasi_ido,erkezesi_ido,indulasi_kikoto,erkezesi_kikoto,hajo) 
values ('1050006', to_date('20211028131000','yyyymmddhh24miss'), to_date('20211030145200','yyyymmddhh24miss'), 'Gre_The', 'It_Cat', '500');
insert into s_ut (ut_id,indulasi_ido,erkezesi_ido,indulasi_kikoto,erkezesi_kikoto,hajo) 
values ('0750001', to_date('20210701070000','yyyymmddhh24miss'), to_date('20210703102900','yyyymmddhh24miss'), 'It_Cat', 'Gre_Pir', '500');
insert into s_ut (ut_id,indulasi_ido,erkezesi_ido,indulasi_kikoto,erkezesi_kikoto,hajo) 
values ('0750002', to_date('20210703142000','yyyymmddhh24miss'), to_date('20210708144700','yyyymmddhh24miss'), 'Gre_Pir', 'Fra_Mar', '500');
insert into s_ut (ut_id,indulasi_ido,erkezesi_ido,indulasi_kikoto,erkezesi_kikoto,hajo) 
values ('0750003', to_date('20210708164400','yyyymmddhh24miss'), to_date('20210712103700','yyyymmddhh24miss'), 'Fra_Mar', 'It_Cat', '500');
insert into s_ut (ut_id,indulasi_ido,erkezesi_ido,indulasi_kikoto,erkezesi_kikoto,hajo) 
values ('0750004', to_date('20210718060000','yyyymmddhh24miss'), to_date('20210722180200','yyyymmddhh24miss'), 'It_Cat', 'Egy_PS', '500');
insert into s_ut (ut_id,indulasi_ido,erkezesi_ido,indulasi_kikoto,erkezesi_kikoto,hajo) 
values ('0750005', to_date('20210723060000','yyyymmddhh24miss'), to_date('20210727160300','yyyymmddhh24miss'), 'Egy_PS', 'It_Cat', '500');
insert into s_ut (ut_id,indulasi_ido,erkezesi_ido,indulasi_kikoto,erkezesi_kikoto,hajo) 
values ('0620001', to_date('20210601060000','yyyymmddhh24miss'), to_date('20210601093000','yyyymmddhh24miss'), 'It_Tri', 'It_Ven', '200');
insert into s_ut (ut_id,indulasi_ido,erkezesi_ido,indulasi_kikoto,erkezesi_kikoto,hajo) 
values ('0620002', to_date('20210602080000','yyyymmddhh24miss'), to_date('20210602120000','yyyymmddhh24miss'), 'It_Ven', 'It_Rav', '200');
insert into s_ut (ut_id,indulasi_ido,erkezesi_ido,indulasi_kikoto,erkezesi_kikoto,hajo) 
values ('0620003', to_date('20210604060000','yyyymmddhh24miss'), to_date('20210604180000','yyyymmddhh24miss'), 'It_Rav', 'Cro_Spl', '200');
insert into s_ut (ut_id,indulasi_ido,erkezesi_ido,indulasi_kikoto,erkezesi_kikoto,hajo) 
values ('0620004', to_date('20210605080000','yyyymmddhh24miss'), to_date('20210605140000','yyyymmddhh24miss'), 'Cro_Spl', 'Cro_Dub', '200');
insert into s_ut (ut_id,indulasi_ido,erkezesi_ido,indulasi_kikoto,erkezesi_kikoto,hajo) 
values ('0620005', to_date('20210606080000','yyyymmddhh24miss'), to_date('20210606133000','yyyymmddhh24miss'), 'Cro_Dub', 'Alb_Dur', '200');
insert into s_ut (ut_id,indulasi_ido,erkezesi_ido,indulasi_kikoto,erkezesi_kikoto,hajo) 
values ('0620006', to_date('20210607080000','yyyymmddhh24miss'), to_date('20210607143000','yyyymmddhh24miss'), 'Alb_Dur', 'It_Bari', '200');
insert into s_ut (ut_id,indulasi_ido,erkezesi_ido,indulasi_kikoto,erkezesi_kikoto,hajo) 
values ('0620007', to_date('20210609080000','yyyymmddhh24miss'), to_date('20210609163000','yyyymmddhh24miss'), 'It_Bari', 'Cro_Spl', '200');
insert into s_ut (ut_id,indulasi_ido,erkezesi_ido,indulasi_kikoto,erkezesi_kikoto,hajo) 
values ('0620008', to_date('20210610080000','yyyymmddhh24miss'), to_date('20210610152000','yyyymmddhh24miss'), 'Cro_Spl', 'It_Anc', '200');
insert into s_ut (ut_id,indulasi_ido,erkezesi_ido,indulasi_kikoto,erkezesi_kikoto,hajo) 
values ('0620009', to_date('20210611080000','yyyymmddhh24miss'), to_date('20210611160000','yyyymmddhh24miss'), 'It_Anc', 'It_Tri', '200');
insert into s_ut (ut_id,indulasi_ido,erkezesi_ido,indulasi_kikoto,erkezesi_kikoto,hajo) 
values ('0725001', to_date('20210720080000','yyyymmddhh24miss'), to_date('20210720170000','yyyymmddhh24miss'), 'Sp_Val', 'Sp_Barc', '250');
insert into s_ut (ut_id,indulasi_ido,erkezesi_ido,indulasi_kikoto,erkezesi_kikoto,hajo) 
values ('0725002', to_date('20210721070000','yyyymmddhh24miss'), to_date('20210721165000','yyyymmddhh24miss'), 'Sp_Barc', 'Fra_Mar', '250');
insert into s_ut (ut_id,indulasi_ido,erkezesi_ido,indulasi_kikoto,erkezesi_kikoto,hajo) 
values ('0725003', to_date('20210723060000','yyyymmddhh24miss'), to_date('20210723160000','yyyymmddhh24miss'), 'Fra_Mar', 'It_Gen', '250');
insert into s_ut (ut_id,indulasi_ido,erkezesi_ido,indulasi_kikoto,erkezesi_kikoto,hajo) 
values ('0725004', to_date('20210724080000','yyyymmddhh24miss'), to_date('20210724180000','yyyymmddhh24miss'), 'It_Gen', 'It_Civ', '250');
insert into s_ut (ut_id,indulasi_ido,erkezesi_ido,indulasi_kikoto,erkezesi_kikoto,hajo) 
values ('0725005', to_date('20210725070000','yyyymmddhh24miss'), to_date('20210725163000','yyyymmddhh24miss'), 'It_Civ', 'It_Sal', '250');
insert into s_ut (ut_id,indulasi_ido,erkezesi_ido,indulasi_kikoto,erkezesi_kikoto,hajo) 
values ('0725006', to_date('20210726070000','yyyymmddhh24miss'), to_date('20210726180000','yyyymmddhh24miss'), 'It_Sal', 'It_Cat', '250');
insert into s_ut (ut_id,indulasi_ido,erkezesi_ido,indulasi_kikoto,erkezesi_kikoto,hajo) 
values ('0825007', to_date('20210801070000','yyyymmddhh24miss'), to_date('20210801155000','yyyymmddhh24miss'), 'It_Cat', 'It_Pal', '250');
insert into s_ut (ut_id,indulasi_ido,erkezesi_ido,indulasi_kikoto,erkezesi_kikoto,hajo) 
values ('0825008', to_date('20210802070000','yyyymmddhh24miss'), to_date('20210802190000','yyyymmddhh24miss'), 'It_Pal', 'It_Cag', '250');
insert into s_ut (ut_id,indulasi_ido,erkezesi_ido,indulasi_kikoto,erkezesi_kikoto,hajo) 
values ('0825009', to_date('20210804080000','yyyymmddhh24miss'), to_date('20210804170000','yyyymmddhh24miss'), 'It_Cag', 'Tun', '250');
insert into s_ut (ut_id,indulasi_ido,erkezesi_ido,indulasi_kikoto,erkezesi_kikoto,hajo) 
values ('0825010', to_date('20210805070000','yyyymmddhh24miss'), to_date('20210805170000','yyyymmddhh24miss'), 'Tun', 'It_Pal', '250');
insert into s_ut (ut_id,indulasi_ido,erkezesi_ido,indulasi_kikoto,erkezesi_kikoto,hajo) 
values ('0825011', to_date('20210806080000','yyyymmddhh24miss'), to_date('20210806170000','yyyymmddhh24miss'), 'It_Pal', 'It_Cat', '250');
insert into s_ut (ut_id,indulasi_ido,erkezesi_ido,indulasi_kikoto,erkezesi_kikoto,hajo) 
values ('0460001', to_date('20210405060516','yyyymmddhh24miss'), to_date('20210405235142','yyyymmddhh24miss'), 'It_Cat', 'It_Pal', '600');
insert into s_ut (ut_id,indulasi_ido,erkezesi_ido,indulasi_kikoto,erkezesi_kikoto,hajo) 
values ('0460002', to_date('20210419153234','yyyymmddhh24miss'), to_date('20210420093540','yyyymmddhh24miss'), 'It_Pal', 'It_Cat', '600');
insert into s_ut (ut_id,indulasi_ido,erkezesi_ido,indulasi_kikoto,erkezesi_kikoto,hajo) 
values ('0640006', to_date('20210615070000','yyyymmddhh24miss'), to_date('20210616163600','yyyymmddhh24miss'), 'Fra_Fos', 'Alg', '400');
insert into s_ut (ut_id,indulasi_ido,erkezesi_ido,indulasi_kikoto,erkezesi_kikoto,hajo) 
values ('0640004', to_date('20210604060000','yyyymmddhh24miss'), to_date('20210605125000','yyyymmddhh24miss'), 'Mon_Bar', 'It_Cat', '400');
insert into s_ut (ut_id,indulasi_ido,erkezesi_ido,indulasi_kikoto,erkezesi_kikoto,hajo) 
values ('0640005', to_date('20210610070000','yyyymmddhh24miss'), to_date('20210614102900','yyyymmddhh24miss'), 'It_Cat', 'Fra_Fos', '400');
insert into s_ut (ut_id,indulasi_ido,erkezesi_ido,indulasi_kikoto,erkezesi_kikoto,hajo) 
values ('0640007', to_date('20210617060000','yyyymmddhh24miss'), to_date('20210619164200','yyyymmddhh24miss'), 'Alg', 'It_Cat', '400');
insert into s_ut (ut_id,indulasi_ido,erkezesi_ido,indulasi_kikoto,erkezesi_kikoto,hajo) 
values ('0640008', to_date('20210624080000','yyyymmddhh24miss'), to_date('20210628172000','yyyymmddhh24miss'), 'It_Cat', 'Cyp_Lim', '400');
insert into s_ut (ut_id,indulasi_ido,erkezesi_ido,indulasi_kikoto,erkezesi_kikoto,hajo) 
values ('0640009', to_date('20210629060000','yyyymmddhh24miss'), to_date('20210701171200','yyyymmddhh24miss'), 'Cyp_Lim', 'Tur_Ist', '400');
insert into s_ut (ut_id,indulasi_ido,erkezesi_ido,indulasi_kikoto,erkezesi_kikoto,hajo) 
values ('0640010', to_date('20210702060000','yyyymmddhh24miss'), to_date('20210706120000','yyyymmddhh24miss'), 'Tur_Ist', 'It_Cat', '400');
insert into s_ut (ut_id,indulasi_ido,erkezesi_ido,indulasi_kikoto,erkezesi_kikoto,hajo) 
values ('1050001', to_date('20211001060000','yyyymmddhh24miss'), to_date('20211005093300','yyyymmddhh24miss'), 'It_Cat', 'Sp_Barc', '500');
insert into s_ut (ut_id,indulasi_ido,erkezesi_ido,indulasi_kikoto,erkezesi_kikoto,hajo) 
values ('0640001', to_date('20210601060000','yyyymmddhh24miss'), to_date('20210601185200','yyyymmddhh24miss'), 'It_Cat', 'It_Bari', '400');
insert into s_ut (ut_id,indulasi_ido,erkezesi_ido,indulasi_kikoto,erkezesi_kikoto,hajo) 
values ('0640002', to_date('20210603070000','yyyymmddhh24miss'), to_date('20210603132900','yyyymmddhh24miss'), 'It_Bari', 'Alb_Dur', '400');


commit;


Insert into S_HOZZARENDEL (MEGRENDELES,KONTENER,RAKOMANYSULY) values ('054201','34','18,2319');
Insert into S_HOZZARENDEL (MEGRENDELES,KONTENER,RAKOMANYSULY) values ('054201','35','18,8427');
Insert into S_HOZZARENDEL (MEGRENDELES,KONTENER,RAKOMANYSULY) values ('054201','37','21,0602');
Insert into S_HOZZARENDEL (MEGRENDELES,KONTENER,RAKOMANYSULY) values ('054201','39','20,255');
Insert into S_HOZZARENDEL (MEGRENDELES,KONTENER,RAKOMANYSULY) values ('054201','41','19,6738');
Insert into S_HOZZARENDEL (MEGRENDELES,KONTENER,RAKOMANYSULY) values ('054201','43','22,3722');
Insert into S_HOZZARENDEL (MEGRENDELES,KONTENER,RAKOMANYSULY) values ('054201','44','22,1789');
Insert into S_HOZZARENDEL (MEGRENDELES,KONTENER,RAKOMANYSULY) values ('054201','46','18,4852');
Insert into S_HOZZARENDEL (MEGRENDELES,KONTENER,RAKOMANYSULY) values ('052402','1','21,4063');
Insert into S_HOZZARENDEL (MEGRENDELES,KONTENER,RAKOMANYSULY) values ('052402','3','20,898');
Insert into S_HOZZARENDEL (MEGRENDELES,KONTENER,RAKOMANYSULY) values ('052402','5','19,6352');
Insert into S_HOZZARENDEL (MEGRENDELES,KONTENER,RAKOMANYSULY) values ('052402','6','22,1391');
Insert into S_HOZZARENDEL (MEGRENDELES,KONTENER,RAKOMANYSULY) values ('052402','8','19,1545');
Insert into S_HOZZARENDEL (MEGRENDELES,KONTENER,RAKOMANYSULY) values ('052402','10','19,86');
Insert into S_HOZZARENDEL (MEGRENDELES,KONTENER,RAKOMANYSULY) values ('065601','2','22,7123');
Insert into S_HOZZARENDEL (MEGRENDELES,KONTENER,RAKOMANYSULY) values ('065601','4','20,9586');
Insert into S_HOZZARENDEL (MEGRENDELES,KONTENER,RAKOMANYSULY) values ('065601','5','21,1137');
Insert into S_HOZZARENDEL (MEGRENDELES,KONTENER,RAKOMANYSULY) values ('065601','7','21,6154');
Insert into S_HOZZARENDEL (MEGRENDELES,KONTENER,RAKOMANYSULY) values ('065601','9','18,7161');
Insert into S_HOZZARENDEL (MEGRENDELES,KONTENER,RAKOMANYSULY) values ('065601','11','18,2456');
Insert into S_HOZZARENDEL (MEGRENDELES,KONTENER,RAKOMANYSULY) values ('065601','13','21,6311');
Insert into S_HOZZARENDEL (MEGRENDELES,KONTENER,RAKOMANYSULY) values ('065601','14','22,0074');
Insert into S_HOZZARENDEL (MEGRENDELES,KONTENER,RAKOMANYSULY) values ('065601','16','18,9414');
Insert into S_HOZZARENDEL (MEGRENDELES,KONTENER,RAKOMANYSULY) values ('065601','18','20,9738');
Insert into S_HOZZARENDEL (MEGRENDELES,KONTENER,RAKOMANYSULY) values ('065601','20','21,2375');
Insert into S_HOZZARENDEL (MEGRENDELES,KONTENER,RAKOMANYSULY) values ('065601','22','21,2757');
Insert into S_HOZZARENDEL (MEGRENDELES,KONTENER,RAKOMANYSULY) values ('065601','23','18,7902');
Insert into S_HOZZARENDEL (MEGRENDELES,KONTENER,RAKOMANYSULY) values ('065601','25','22,0011');
Insert into S_HOZZARENDEL (MEGRENDELES,KONTENER,RAKOMANYSULY) values ('065601','27','20,4344');
Insert into S_HOZZARENDEL (MEGRENDELES,KONTENER,RAKOMANYSULY) values ('065601','29','21,6104');
Insert into S_HOZZARENDEL (MEGRENDELES,KONTENER,RAKOMANYSULY) values ('065601','31','18,8762');
Insert into S_HOZZARENDEL (MEGRENDELES,KONTENER,RAKOMANYSULY) values ('065601','32','18,9978');
Insert into S_HOZZARENDEL (MEGRENDELES,KONTENER,RAKOMANYSULY) values ('065601','34','22,1528');
Insert into S_HOZZARENDEL (MEGRENDELES,KONTENER,RAKOMANYSULY) values ('065601','36','22,7619');
Insert into S_HOZZARENDEL (MEGRENDELES,KONTENER,RAKOMANYSULY) values ('065601','38','18,5089');
Insert into S_HOZZARENDEL (MEGRENDELES,KONTENER,RAKOMANYSULY) values ('065601','40','22,4886');
Insert into S_HOZZARENDEL (MEGRENDELES,KONTENER,RAKOMANYSULY) values ('065601','41','19,1846');
Insert into S_HOZZARENDEL (MEGRENDELES,KONTENER,RAKOMANYSULY) values ('065601','43','22,8774');
Insert into S_HOZZARENDEL (MEGRENDELES,KONTENER,RAKOMANYSULY) values ('065601','45','21,2565');
Insert into S_HOZZARENDEL (MEGRENDELES,KONTENER,RAKOMANYSULY) values ('065601','47','22,4625');
Insert into S_HOZZARENDEL (MEGRENDELES,KONTENER,RAKOMANYSULY) values ('065601','49','18,6839');
Insert into S_HOZZARENDEL (MEGRENDELES,KONTENER,RAKOMANYSULY) values ('065601','50','22,2626');
Insert into S_HOZZARENDEL (MEGRENDELES,KONTENER,RAKOMANYSULY) values ('065601','52','21,0005');
Insert into S_HOZZARENDEL (MEGRENDELES,KONTENER,RAKOMANYSULY) values ('065601','54','18,6335');
Insert into S_HOZZARENDEL (MEGRENDELES,KONTENER,RAKOMANYSULY) values ('065601','56','22,767');
Insert into S_HOZZARENDEL (MEGRENDELES,KONTENER,RAKOMANYSULY) values ('065601','58','22,5467');
Insert into S_HOZZARENDEL (MEGRENDELES,KONTENER,RAKOMANYSULY) values ('065601','59','22,4185');
Insert into S_HOZZARENDEL (MEGRENDELES,KONTENER,RAKOMANYSULY) values ('065601','61','21,7947');
Insert into S_HOZZARENDEL (MEGRENDELES,KONTENER,RAKOMANYSULY) values ('065601','63','18,0699');
Insert into S_HOZZARENDEL (MEGRENDELES,KONTENER,RAKOMANYSULY) values ('065601','65','18,9653');
Insert into S_HOZZARENDEL (MEGRENDELES,KONTENER,RAKOMANYSULY) values ('065601','67','22,8371');
Insert into S_HOZZARENDEL (MEGRENDELES,KONTENER,RAKOMANYSULY) values ('065601','68','22,2341');
Insert into S_HOZZARENDEL (MEGRENDELES,KONTENER,RAKOMANYSULY) values ('065601','70','21,465');
Insert into S_HOZZARENDEL (MEGRENDELES,KONTENER,RAKOMANYSULY) values ('065601','72','21,1154');
Insert into S_HOZZARENDEL (MEGRENDELES,KONTENER,RAKOMANYSULY) values ('065601','74','20,5048');
Insert into S_HOZZARENDEL (MEGRENDELES,KONTENER,RAKOMANYSULY) values ('065601','76','18,5599');
Insert into S_HOZZARENDEL (MEGRENDELES,KONTENER,RAKOMANYSULY) values ('065601','78','21,2528');
Insert into S_HOZZARENDEL (MEGRENDELES,KONTENER,RAKOMANYSULY) values ('065601','79','21,0901');
Insert into S_HOZZARENDEL (MEGRENDELES,KONTENER,RAKOMANYSULY) values ('065601','81','21,3287');
Insert into S_HOZZARENDEL (MEGRENDELES,KONTENER,RAKOMANYSULY) values ('065601','83','22,4604');
Insert into S_HOZZARENDEL (MEGRENDELES,KONTENER,RAKOMANYSULY) values ('065601','85','19,0802');
Insert into S_HOZZARENDEL (MEGRENDELES,KONTENER,RAKOMANYSULY) values ('065601','87','21,7648');
Insert into S_HOZZARENDEL (MEGRENDELES,KONTENER,RAKOMANYSULY) values ('065601','88','18,3334');
Insert into S_HOZZARENDEL (MEGRENDELES,KONTENER,RAKOMANYSULY) values ('065601','90','21,4372');
Insert into S_HOZZARENDEL (MEGRENDELES,KONTENER,RAKOMANYSULY) values ('065601','92','22,3978');
Insert into S_HOZZARENDEL (MEGRENDELES,KONTENER,RAKOMANYSULY) values ('065601','94','18,8157');
Insert into S_HOZZARENDEL (MEGRENDELES,KONTENER,RAKOMANYSULY) values ('065601','96','20,1499');
Insert into S_HOZZARENDEL (MEGRENDELES,KONTENER,RAKOMANYSULY) values ('065601','97','21,6889');
Insert into S_HOZZARENDEL (MEGRENDELES,KONTENER,RAKOMANYSULY) values ('065601','99','21,3504');
Insert into S_HOZZARENDEL (MEGRENDELES,KONTENER,RAKOMANYSULY) values ('065601','101','22,5903');
Insert into S_HOZZARENDEL (MEGRENDELES,KONTENER,RAKOMANYSULY) values ('065601','103','22,9442');
Insert into S_HOZZARENDEL (MEGRENDELES,KONTENER,RAKOMANYSULY) values ('065601','105','19,7675');
Insert into S_HOZZARENDEL (MEGRENDELES,KONTENER,RAKOMANYSULY) values ('065601','107','21,5604');
Insert into S_HOZZARENDEL (MEGRENDELES,KONTENER,RAKOMANYSULY) values ('065601','109','21,8862');
Insert into S_HOZZARENDEL (MEGRENDELES,KONTENER,RAKOMANYSULY) values ('060402','1','20,452');
Insert into S_HOZZARENDEL (MEGRENDELES,KONTENER,RAKOMANYSULY) values ('060402','3','18,3577');
Insert into S_HOZZARENDEL (MEGRENDELES,KONTENER,RAKOMANYSULY) values ('053501','1','19,7647');
Insert into S_HOZZARENDEL (MEGRENDELES,KONTENER,RAKOMANYSULY) values ('053501','2','22,8749');
Insert into S_HOZZARENDEL (MEGRENDELES,KONTENER,RAKOMANYSULY) values ('053501','4','21,8347');
Insert into S_HOZZARENDEL (MEGRENDELES,KONTENER,RAKOMANYSULY) values ('053501','6','20,6647');
Insert into S_HOZZARENDEL (MEGRENDELES,KONTENER,RAKOMANYSULY) values ('053501','8','21,3231');
Insert into S_HOZZARENDEL (MEGRENDELES,KONTENER,RAKOMANYSULY) values ('053501','10','22,5167');
Insert into S_HOZZARENDEL (MEGRENDELES,KONTENER,RAKOMANYSULY) values ('053501','11','22,2807');
Insert into S_HOZZARENDEL (MEGRENDELES,KONTENER,RAKOMANYSULY) values ('053501','13','18,2653');
Insert into S_HOZZARENDEL (MEGRENDELES,KONTENER,RAKOMANYSULY) values ('053501','15','18,2193');
Insert into S_HOZZARENDEL (MEGRENDELES,KONTENER,RAKOMANYSULY) values ('053501','17','21,3326');
Insert into S_HOZZARENDEL (MEGRENDELES,KONTENER,RAKOMANYSULY) values ('053501','19','19,1453');
Insert into S_HOZZARENDEL (MEGRENDELES,KONTENER,RAKOMANYSULY) values ('053501','20','21,0343');
Insert into S_HOZZARENDEL (MEGRENDELES,KONTENER,RAKOMANYSULY) values ('053501','22','21,0962');
Insert into S_HOZZARENDEL (MEGRENDELES,KONTENER,RAKOMANYSULY) values ('053501','24','21,0208');
Insert into S_HOZZARENDEL (MEGRENDELES,KONTENER,RAKOMANYSULY) values ('053501','26','22,9664');
Insert into S_HOZZARENDEL (MEGRENDELES,KONTENER,RAKOMANYSULY) values ('053501','28','19,2168');
Insert into S_HOZZARENDEL (MEGRENDELES,KONTENER,RAKOMANYSULY) values ('053501','29','21,4405');
Insert into S_HOZZARENDEL (MEGRENDELES,KONTENER,RAKOMANYSULY) values ('053501','31','22,3161');
Insert into S_HOZZARENDEL (MEGRENDELES,KONTENER,RAKOMANYSULY) values ('053501','33','22,2727');
Insert into S_HOZZARENDEL (MEGRENDELES,KONTENER,RAKOMANYSULY) values ('053501','35','22,6504');
Insert into S_HOZZARENDEL (MEGRENDELES,KONTENER,RAKOMANYSULY) values ('053501','37','22,8146');
Insert into S_HOZZARENDEL (MEGRENDELES,KONTENER,RAKOMANYSULY) values ('053501','38','21,3905');
Insert into S_HOZZARENDEL (MEGRENDELES,KONTENER,RAKOMANYSULY) values ('053501','40','21,9823');
Insert into S_HOZZARENDEL (MEGRENDELES,KONTENER,RAKOMANYSULY) values ('053501','42','21,871');
Insert into S_HOZZARENDEL (MEGRENDELES,KONTENER,RAKOMANYSULY) values ('053501','44','21,2095');
Insert into S_HOZZARENDEL (MEGRENDELES,KONTENER,RAKOMANYSULY) values ('053501','46','19,9868');
Insert into S_HOZZARENDEL (MEGRENDELES,KONTENER,RAKOMANYSULY) values ('065603','1','21,4348');
Insert into S_HOZZARENDEL (MEGRENDELES,KONTENER,RAKOMANYSULY) values ('065603','3','22,8225');
Insert into S_HOZZARENDEL (MEGRENDELES,KONTENER,RAKOMANYSULY) values ('065603','5','19,2459');
Insert into S_HOZZARENDEL (MEGRENDELES,KONTENER,RAKOMANYSULY) values ('065603','7','21,2033');
Insert into S_HOZZARENDEL (MEGRENDELES,KONTENER,RAKOMANYSULY) values ('065603','9','19,8996');
Insert into S_HOZZARENDEL (MEGRENDELES,KONTENER,RAKOMANYSULY) values ('065603','10','21,6364');
Insert into S_HOZZARENDEL (MEGRENDELES,KONTENER,RAKOMANYSULY) values ('065603','12','22,6982');
Insert into S_HOZZARENDEL (MEGRENDELES,KONTENER,RAKOMANYSULY) values ('065603','14','21,0451');
Insert into S_HOZZARENDEL (MEGRENDELES,KONTENER,RAKOMANYSULY) values ('065603','16','20,0177');
Insert into S_HOZZARENDEL (MEGRENDELES,KONTENER,RAKOMANYSULY) values ('065603','18','22,9045');
Insert into S_HOZZARENDEL (MEGRENDELES,KONTENER,RAKOMANYSULY) values ('065603','19','19,0062');
Insert into S_HOZZARENDEL (MEGRENDELES,KONTENER,RAKOMANYSULY) values ('065603','21','21,554');
Insert into S_HOZZARENDEL (MEGRENDELES,KONTENER,RAKOMANYSULY) values ('065603','23','22,4778');
Insert into S_HOZZARENDEL (MEGRENDELES,KONTENER,RAKOMANYSULY) values ('065603','25','22,6865');
Insert into S_HOZZARENDEL (MEGRENDELES,KONTENER,RAKOMANYSULY) values ('065603','27','22,8624');
Insert into S_HOZZARENDEL (MEGRENDELES,KONTENER,RAKOMANYSULY) values ('065603','29','19,2439');
Insert into S_HOZZARENDEL (MEGRENDELES,KONTENER,RAKOMANYSULY) values ('065603','30','22,9369');
Insert into S_HOZZARENDEL (MEGRENDELES,KONTENER,RAKOMANYSULY) values ('065603','32','19,9764');
Insert into S_HOZZARENDEL (MEGRENDELES,KONTENER,RAKOMANYSULY) values ('065603','34','19,6942');
Insert into S_HOZZARENDEL (MEGRENDELES,KONTENER,RAKOMANYSULY) values ('065603','36','18,455');
Insert into S_HOZZARENDEL (MEGRENDELES,KONTENER,RAKOMANYSULY) values ('065603','38','19,6439');
Insert into S_HOZZARENDEL (MEGRENDELES,KONTENER,RAKOMANYSULY) values ('065603','39','18,9565');
Insert into S_HOZZARENDEL (MEGRENDELES,KONTENER,RAKOMANYSULY) values ('065603','41','21,8872');
Insert into S_HOZZARENDEL (MEGRENDELES,KONTENER,RAKOMANYSULY) values ('065603','43','19,1877');
Insert into S_HOZZARENDEL (MEGRENDELES,KONTENER,RAKOMANYSULY) values ('042002','2','19,4093');
Insert into S_HOZZARENDEL (MEGRENDELES,KONTENER,RAKOMANYSULY) values ('042002','4','21,4082');
Insert into S_HOZZARENDEL (MEGRENDELES,KONTENER,RAKOMANYSULY) values ('042002','5','20,6114');
Insert into S_HOZZARENDEL (MEGRENDELES,KONTENER,RAKOMANYSULY) values ('042002','7','19,2956');
Insert into S_HOZZARENDEL (MEGRENDELES,KONTENER,RAKOMANYSULY) values ('042002','9','21,6363');
Insert into S_HOZZARENDEL (MEGRENDELES,KONTENER,RAKOMANYSULY) values ('042002','11','19,6474');
Insert into S_HOZZARENDEL (MEGRENDELES,KONTENER,RAKOMANYSULY) values ('042002','13','19,1213');
Insert into S_HOZZARENDEL (MEGRENDELES,KONTENER,RAKOMANYSULY) values ('042002','14','21,515');
Insert into S_HOZZARENDEL (MEGRENDELES,KONTENER,RAKOMANYSULY) values ('042002','16','22,2592');
Insert into S_HOZZARENDEL (MEGRENDELES,KONTENER,RAKOMANYSULY) values ('042002','18','19,1561');
Insert into S_HOZZARENDEL (MEGRENDELES,KONTENER,RAKOMANYSULY) values ('042002','20','18,8757');
Insert into S_HOZZARENDEL (MEGRENDELES,KONTENER,RAKOMANYSULY) values ('042002','22','18,3307');
Insert into S_HOZZARENDEL (MEGRENDELES,KONTENER,RAKOMANYSULY) values ('042002','23','22,8393');
Insert into S_HOZZARENDEL (MEGRENDELES,KONTENER,RAKOMANYSULY) values ('042002','25','22,4875');
Insert into S_HOZZARENDEL (MEGRENDELES,KONTENER,RAKOMANYSULY) values ('042002','27','21,6784');
Insert into S_HOZZARENDEL (MEGRENDELES,KONTENER,RAKOMANYSULY) values ('042002','29','21,461');
Insert into S_HOZZARENDEL (MEGRENDELES,KONTENER,RAKOMANYSULY) values ('085602','1','20');
Insert into S_HOZZARENDEL (MEGRENDELES,KONTENER,RAKOMANYSULY) values ('085602','2','18');
Insert into S_HOZZARENDEL (MEGRENDELES,KONTENER,RAKOMANYSULY) values ('050101','7','20,5037');
Insert into S_HOZZARENDEL (MEGRENDELES,KONTENER,RAKOMANYSULY) values ('050101','8','21,9905');
Insert into S_HOZZARENDEL (MEGRENDELES,KONTENER,RAKOMANYSULY) values ('050101','9','21,2343');
Insert into S_HOZZARENDEL (MEGRENDELES,KONTENER,RAKOMANYSULY) values ('050101','10','22,1553');
Insert into S_HOZZARENDEL (MEGRENDELES,KONTENER,RAKOMANYSULY) values ('050101','11','18,2735');
Insert into S_HOZZARENDEL (MEGRENDELES,KONTENER,RAKOMANYSULY) values ('050101','12','19,6333');
Insert into S_HOZZARENDEL (MEGRENDELES,KONTENER,RAKOMANYSULY) values ('050101','13','20,4948');
Insert into S_HOZZARENDEL (MEGRENDELES,KONTENER,RAKOMANYSULY) values ('050101','14','20,8963');
Insert into S_HOZZARENDEL (MEGRENDELES,KONTENER,RAKOMANYSULY) values ('050101','15','19,9347');
Insert into S_HOZZARENDEL (MEGRENDELES,KONTENER,RAKOMANYSULY) values ('050101','16','19,7797');
Insert into S_HOZZARENDEL (MEGRENDELES,KONTENER,RAKOMANYSULY) values ('050101','17','20,7418');
Insert into S_HOZZARENDEL (MEGRENDELES,KONTENER,RAKOMANYSULY) values ('050101','18','22,5767');
Insert into S_HOZZARENDEL (MEGRENDELES,KONTENER,RAKOMANYSULY) values ('050101','19','21,2418');
Insert into S_HOZZARENDEL (MEGRENDELES,KONTENER,RAKOMANYSULY) values ('050101','20','22,3958');
Insert into S_HOZZARENDEL (MEGRENDELES,KONTENER,RAKOMANYSULY) values ('050101','21','21,755');
Insert into S_HOZZARENDEL (MEGRENDELES,KONTENER,RAKOMANYSULY) values ('050101','22','22,6317');
Insert into S_HOZZARENDEL (MEGRENDELES,KONTENER,RAKOMANYSULY) values ('050101','23','21,576');
Insert into S_HOZZARENDEL (MEGRENDELES,KONTENER,RAKOMANYSULY) values ('050101','24','22,8315');
Insert into S_HOZZARENDEL (MEGRENDELES,KONTENER,RAKOMANYSULY) values ('050101','25','22,5195');
Insert into S_HOZZARENDEL (MEGRENDELES,KONTENER,RAKOMANYSULY) values ('050101','26','20,1576');
Insert into S_HOZZARENDEL (MEGRENDELES,KONTENER,RAKOMANYSULY) values ('050101','27','19,6372');
Insert into S_HOZZARENDEL (MEGRENDELES,KONTENER,RAKOMANYSULY) values ('050101','28','22,5482');
Insert into S_HOZZARENDEL (MEGRENDELES,KONTENER,RAKOMANYSULY) values ('050101','29','20,0129');
Insert into S_HOZZARENDEL (MEGRENDELES,KONTENER,RAKOMANYSULY) values ('050101','30','20,9572');
Insert into S_HOZZARENDEL (MEGRENDELES,KONTENER,RAKOMANYSULY) values ('050101','31','22,6745');
Insert into S_HOZZARENDEL (MEGRENDELES,KONTENER,RAKOMANYSULY) values ('050101','32','22,0273');
Insert into S_HOZZARENDEL (MEGRENDELES,KONTENER,RAKOMANYSULY) values ('050101','33','21,7823');
Insert into S_HOZZARENDEL (MEGRENDELES,KONTENER,RAKOMANYSULY) values ('050101','34','21,8249');
Insert into S_HOZZARENDEL (MEGRENDELES,KONTENER,RAKOMANYSULY) values ('050101','35','18,5303');
Insert into S_HOZZARENDEL (MEGRENDELES,KONTENER,RAKOMANYSULY) values ('050101','36','18,2416');
Insert into S_HOZZARENDEL (MEGRENDELES,KONTENER,RAKOMANYSULY) values ('050101','37','20,5113');
Insert into S_HOZZARENDEL (MEGRENDELES,KONTENER,RAKOMANYSULY) values ('050101','38','21,5336');
Insert into S_HOZZARENDEL (MEGRENDELES,KONTENER,RAKOMANYSULY) values ('050101','39','22,4283');
Insert into S_HOZZARENDEL (MEGRENDELES,KONTENER,RAKOMANYSULY) values ('050101','40','21,2219');
Insert into S_HOZZARENDEL (MEGRENDELES,KONTENER,RAKOMANYSULY) values ('050101','41','18,0997');
Insert into S_HOZZARENDEL (MEGRENDELES,KONTENER,RAKOMANYSULY) values ('050101','42','22,1682');
Insert into S_HOZZARENDEL (MEGRENDELES,KONTENER,RAKOMANYSULY) values ('050101','43','21,06');
Insert into S_HOZZARENDEL (MEGRENDELES,KONTENER,RAKOMANYSULY) values ('050101','44','21,6549');
Insert into S_HOZZARENDEL (MEGRENDELES,KONTENER,RAKOMANYSULY) values ('050101','45','22,2259');
Insert into S_HOZZARENDEL (MEGRENDELES,KONTENER,RAKOMANYSULY) values ('050101','46','21,641');
Insert into S_HOZZARENDEL (MEGRENDELES,KONTENER,RAKOMANYSULY) values ('050101','47','22,4014');
Insert into S_HOZZARENDEL (MEGRENDELES,KONTENER,RAKOMANYSULY) values ('050101','48','22,6975');
Insert into S_HOZZARENDEL (MEGRENDELES,KONTENER,RAKOMANYSULY) values ('050101','49','22,896');
Insert into S_HOZZARENDEL (MEGRENDELES,KONTENER,RAKOMANYSULY) values ('052401','1','21,6092');
Insert into S_HOZZARENDEL (MEGRENDELES,KONTENER,RAKOMANYSULY) values ('052401','2','19,1289');
Insert into S_HOZZARENDEL (MEGRENDELES,KONTENER,RAKOMANYSULY) values ('052401','3','21,4676');
Insert into S_HOZZARENDEL (MEGRENDELES,KONTENER,RAKOMANYSULY) values ('052401','4','21,332');
Insert into S_HOZZARENDEL (MEGRENDELES,KONTENER,RAKOMANYSULY) values ('052401','5','22,5226');
Insert into S_HOZZARENDEL (MEGRENDELES,KONTENER,RAKOMANYSULY) values ('052401','6','20,8374');
Insert into S_HOZZARENDEL (MEGRENDELES,KONTENER,RAKOMANYSULY) values ('052401','7','18,0575');
Insert into S_HOZZARENDEL (MEGRENDELES,KONTENER,RAKOMANYSULY) values ('052401','8','22,8216');
Insert into S_HOZZARENDEL (MEGRENDELES,KONTENER,RAKOMANYSULY) values ('052401','9','20,4466');
Insert into S_HOZZARENDEL (MEGRENDELES,KONTENER,RAKOMANYSULY) values ('052401','10','22,5226');
Insert into S_HOZZARENDEL (MEGRENDELES,KONTENER,RAKOMANYSULY) values ('062601','1','22,3752');
Insert into S_HOZZARENDEL (MEGRENDELES,KONTENER,RAKOMANYSULY) values ('062601','2','18,7046');
Insert into S_HOZZARENDEL (MEGRENDELES,KONTENER,RAKOMANYSULY) values ('062601','3','18,1782');
Insert into S_HOZZARENDEL (MEGRENDELES,KONTENER,RAKOMANYSULY) values ('062601','4','21,0178');
Insert into S_HOZZARENDEL (MEGRENDELES,KONTENER,RAKOMANYSULY) values ('062601','5','20,0166');
Insert into S_HOZZARENDEL (MEGRENDELES,KONTENER,RAKOMANYSULY) values ('062601','6','20,9802');
Insert into S_HOZZARENDEL (MEGRENDELES,KONTENER,RAKOMANYSULY) values ('062601','7','18,8038');
Insert into S_HOZZARENDEL (MEGRENDELES,KONTENER,RAKOMANYSULY) values ('062601','8','19,8749');
Insert into S_HOZZARENDEL (MEGRENDELES,KONTENER,RAKOMANYSULY) values ('062601','9','21,0061');
Insert into S_HOZZARENDEL (MEGRENDELES,KONTENER,RAKOMANYSULY) values ('062601','10','19,4299');
Insert into S_HOZZARENDEL (MEGRENDELES,KONTENER,RAKOMANYSULY) values ('062601','11','19,3629');
Insert into S_HOZZARENDEL (MEGRENDELES,KONTENER,RAKOMANYSULY) values ('062601','12','18,0017');
Insert into S_HOZZARENDEL (MEGRENDELES,KONTENER,RAKOMANYSULY) values ('062601','13','20,8416');
Insert into S_HOZZARENDEL (MEGRENDELES,KONTENER,RAKOMANYSULY) values ('062601','14','21,7449');
Insert into S_HOZZARENDEL (MEGRENDELES,KONTENER,RAKOMANYSULY) values ('062601','15','22,3018');
Insert into S_HOZZARENDEL (MEGRENDELES,KONTENER,RAKOMANYSULY) values ('062601','16','21,0508');
Insert into S_HOZZARENDEL (MEGRENDELES,KONTENER,RAKOMANYSULY) values ('062601','17','18,9809');
Insert into S_HOZZARENDEL (MEGRENDELES,KONTENER,RAKOMANYSULY) values ('062601','18','21,2727');
Insert into S_HOZZARENDEL (MEGRENDELES,KONTENER,RAKOMANYSULY) values ('062601','19','18,9774');
Insert into S_HOZZARENDEL (MEGRENDELES,KONTENER,RAKOMANYSULY) values ('062601','20','22,5289');
Insert into S_HOZZARENDEL (MEGRENDELES,KONTENER,RAKOMANYSULY) values ('062601','21','20,4155');
Insert into S_HOZZARENDEL (MEGRENDELES,KONTENER,RAKOMANYSULY) values ('062601','22','21,7668');
Insert into S_HOZZARENDEL (MEGRENDELES,KONTENER,RAKOMANYSULY) values ('062601','23','20,766');
Insert into S_HOZZARENDEL (MEGRENDELES,KONTENER,RAKOMANYSULY) values ('062601','24','21,0158');
Insert into S_HOZZARENDEL (MEGRENDELES,KONTENER,RAKOMANYSULY) values ('062601','25','21,3449');
Insert into S_HOZZARENDEL (MEGRENDELES,KONTENER,RAKOMANYSULY) values ('062601','26','18,4799');
Insert into S_HOZZARENDEL (MEGRENDELES,KONTENER,RAKOMANYSULY) values ('062601','27','18,5119');
Insert into S_HOZZARENDEL (MEGRENDELES,KONTENER,RAKOMANYSULY) values ('062601','28','22,0848');
Insert into S_HOZZARENDEL (MEGRENDELES,KONTENER,RAKOMANYSULY) values ('062601','29','21,6039');
Insert into S_HOZZARENDEL (MEGRENDELES,KONTENER,RAKOMANYSULY) values ('062601','30','19,2715');
Insert into S_HOZZARENDEL (MEGRENDELES,KONTENER,RAKOMANYSULY) values ('062601','31','18,0529');
Insert into S_HOZZARENDEL (MEGRENDELES,KONTENER,RAKOMANYSULY) values ('062601','32','22,6168');
Insert into S_HOZZARENDEL (MEGRENDELES,KONTENER,RAKOMANYSULY) values ('062601','33','21,2159');
Insert into S_HOZZARENDEL (MEGRENDELES,KONTENER,RAKOMANYSULY) values ('062601','34','21,7118');
Insert into S_HOZZARENDEL (MEGRENDELES,KONTENER,RAKOMANYSULY) values ('062601','35','20,4461');
Insert into S_HOZZARENDEL (MEGRENDELES,KONTENER,RAKOMANYSULY) values ('062601','36','18,2385');
Insert into S_HOZZARENDEL (MEGRENDELES,KONTENER,RAKOMANYSULY) values ('062601','37','21,0799');
Insert into S_HOZZARENDEL (MEGRENDELES,KONTENER,RAKOMANYSULY) values ('062601','38','22,9721');
Insert into S_HOZZARENDEL (MEGRENDELES,KONTENER,RAKOMANYSULY) values ('062601','39','22,9349');
Insert into S_HOZZARENDEL (MEGRENDELES,KONTENER,RAKOMANYSULY) values ('062601','40','21,661');
Insert into S_HOZZARENDEL (MEGRENDELES,KONTENER,RAKOMANYSULY) values ('062601','41','21,6558');
Insert into S_HOZZARENDEL (MEGRENDELES,KONTENER,RAKOMANYSULY) values ('062601','42','18,0039');
Insert into S_HOZZARENDEL (MEGRENDELES,KONTENER,RAKOMANYSULY) values ('062601','43','22,4031');
Insert into S_HOZZARENDEL (MEGRENDELES,KONTENER,RAKOMANYSULY) values ('062601','44','20,5391');
Insert into S_HOZZARENDEL (MEGRENDELES,KONTENER,RAKOMANYSULY) values ('062601','45','19,641');
Insert into S_HOZZARENDEL (MEGRENDELES,KONTENER,RAKOMANYSULY) values ('062601','46','20,911');
Insert into S_HOZZARENDEL (MEGRENDELES,KONTENER,RAKOMANYSULY) values ('062601','47','22,1797');
Insert into S_HOZZARENDEL (MEGRENDELES,KONTENER,RAKOMANYSULY) values ('062601','48','22,4485');
Insert into S_HOZZARENDEL (MEGRENDELES,KONTENER,RAKOMANYSULY) values ('062601','49','19,6047');
Insert into S_HOZZARENDEL (MEGRENDELES,KONTENER,RAKOMANYSULY) values ('062601','50','21,5001');
Insert into S_HOZZARENDEL (MEGRENDELES,KONTENER,RAKOMANYSULY) values ('062601','51','20,3663');
Insert into S_HOZZARENDEL (MEGRENDELES,KONTENER,RAKOMANYSULY) values ('062601','52','20,473');
Insert into S_HOZZARENDEL (MEGRENDELES,KONTENER,RAKOMANYSULY) values ('062601','53','21,5884');
Insert into S_HOZZARENDEL (MEGRENDELES,KONTENER,RAKOMANYSULY) values ('062601','54','21,2127');
Insert into S_HOZZARENDEL (MEGRENDELES,KONTENER,RAKOMANYSULY) values ('062601','55','22,5384');
Insert into S_HOZZARENDEL (MEGRENDELES,KONTENER,RAKOMANYSULY) values ('062601','56','22,7201');
Insert into S_HOZZARENDEL (MEGRENDELES,KONTENER,RAKOMANYSULY) values ('062601','57','19,1844');
Insert into S_HOZZARENDEL (MEGRENDELES,KONTENER,RAKOMANYSULY) values ('062601','58','18,6901');
Insert into S_HOZZARENDEL (MEGRENDELES,KONTENER,RAKOMANYSULY) values ('062601','59','18,1026');
Insert into S_HOZZARENDEL (MEGRENDELES,KONTENER,RAKOMANYSULY) values ('060102','1','21,6205');
Insert into S_HOZZARENDEL (MEGRENDELES,KONTENER,RAKOMANYSULY) values ('060102','2','22,2517');
Insert into S_HOZZARENDEL (MEGRENDELES,KONTENER,RAKOMANYSULY) values ('060102','3','18,8567');
Insert into S_HOZZARENDEL (MEGRENDELES,KONTENER,RAKOMANYSULY) values ('060102','4','19,4917');
Insert into S_HOZZARENDEL (MEGRENDELES,KONTENER,RAKOMANYSULY) values ('060102','5','19,2219');
Insert into S_HOZZARENDEL (MEGRENDELES,KONTENER,RAKOMANYSULY) values ('060102','6','18,1416');
Insert into S_HOZZARENDEL (MEGRENDELES,KONTENER,RAKOMANYSULY) values ('060102','7','21,809');
Insert into S_HOZZARENDEL (MEGRENDELES,KONTENER,RAKOMANYSULY) values ('060102','8','18,2402');
Insert into S_HOZZARENDEL (MEGRENDELES,KONTENER,RAKOMANYSULY) values ('060102','9','21,9215');
Insert into S_HOZZARENDEL (MEGRENDELES,KONTENER,RAKOMANYSULY) values ('060102','10','21,717');
Insert into S_HOZZARENDEL (MEGRENDELES,KONTENER,RAKOMANYSULY) values ('060102','11','22,2366');
Insert into S_HOZZARENDEL (MEGRENDELES,KONTENER,RAKOMANYSULY) values ('060102','12','19,7118');
Insert into S_HOZZARENDEL (MEGRENDELES,KONTENER,RAKOMANYSULY) values ('060102','13','22,6367');
Insert into S_HOZZARENDEL (MEGRENDELES,KONTENER,RAKOMANYSULY) values ('060901','1','21,2766');
Insert into S_HOZZARENDEL (MEGRENDELES,KONTENER,RAKOMANYSULY) values ('060901','2','21,3805');
Insert into S_HOZZARENDEL (MEGRENDELES,KONTENER,RAKOMANYSULY) values ('060901','3','20,068');
Insert into S_HOZZARENDEL (MEGRENDELES,KONTENER,RAKOMANYSULY) values ('060901','4','22,0565');
Insert into S_HOZZARENDEL (MEGRENDELES,KONTENER,RAKOMANYSULY) values ('060901','5','19,6778');
Insert into S_HOZZARENDEL (MEGRENDELES,KONTENER,RAKOMANYSULY) values ('060901','6','19,9457');
Insert into S_HOZZARENDEL (MEGRENDELES,KONTENER,RAKOMANYSULY) values ('060901','7','22,4643');
Insert into S_HOZZARENDEL (MEGRENDELES,KONTENER,RAKOMANYSULY) values ('060901','8','22,9496');
Insert into S_HOZZARENDEL (MEGRENDELES,KONTENER,RAKOMANYSULY) values ('060901','9','21,98');
Insert into S_HOZZARENDEL (MEGRENDELES,KONTENER,RAKOMANYSULY) values ('060901','10','20,8782');
Insert into S_HOZZARENDEL (MEGRENDELES,KONTENER,RAKOMANYSULY) values ('060202','1','22,5578');
Insert into S_HOZZARENDEL (MEGRENDELES,KONTENER,RAKOMANYSULY) values ('060202','2','18,1923');
Insert into S_HOZZARENDEL (MEGRENDELES,KONTENER,RAKOMANYSULY) values ('060202','3','22,4842');
Insert into S_HOZZARENDEL (MEGRENDELES,KONTENER,RAKOMANYSULY) values ('060202','4','22,5913');
Insert into S_HOZZARENDEL (MEGRENDELES,KONTENER,RAKOMANYSULY) values ('060202','5','22,3369');
Insert into S_HOZZARENDEL (MEGRENDELES,KONTENER,RAKOMANYSULY) values ('060202','6','22,4003');
Insert into S_HOZZARENDEL (MEGRENDELES,KONTENER,RAKOMANYSULY) values ('060202','7','22,4018');
Insert into S_HOZZARENDEL (MEGRENDELES,KONTENER,RAKOMANYSULY) values ('060202','8','20,5486');
Insert into S_HOZZARENDEL (MEGRENDELES,KONTENER,RAKOMANYSULY) values ('060202','9','21,859');
Insert into S_HOZZARENDEL (MEGRENDELES,KONTENER,RAKOMANYSULY) values ('060202','10','18,3316');
Insert into S_HOZZARENDEL (MEGRENDELES,KONTENER,RAKOMANYSULY) values ('061701','1','18,8288');
Insert into S_HOZZARENDEL (MEGRENDELES,KONTENER,RAKOMANYSULY) values ('061701','2','22,4265');
Insert into S_HOZZARENDEL (MEGRENDELES,KONTENER,RAKOMANYSULY) values ('061701','3','22,883');
Insert into S_HOZZARENDEL (MEGRENDELES,KONTENER,RAKOMANYSULY) values ('061701','4','21,7974');
Insert into S_HOZZARENDEL (MEGRENDELES,KONTENER,RAKOMANYSULY) values ('061701','5','21,8129');
Insert into S_HOZZARENDEL (MEGRENDELES,KONTENER,RAKOMANYSULY) values ('061701','6','22,6433');
Insert into S_HOZZARENDEL (MEGRENDELES,KONTENER,RAKOMANYSULY) values ('061701','7','19,4605');
Insert into S_HOZZARENDEL (MEGRENDELES,KONTENER,RAKOMANYSULY) values ('061701','8','21,358');
Insert into S_HOZZARENDEL (MEGRENDELES,KONTENER,RAKOMANYSULY) values ('061701','9','18,1476');
Insert into S_HOZZARENDEL (MEGRENDELES,KONTENER,RAKOMANYSULY) values ('061701','10','18,8915');
Insert into S_HOZZARENDEL (MEGRENDELES,KONTENER,RAKOMANYSULY) values ('061701','11','22,0852');
Insert into S_HOZZARENDEL (MEGRENDELES,KONTENER,RAKOMANYSULY) values ('061701','12','22,8813');
Insert into S_HOZZARENDEL (MEGRENDELES,KONTENER,RAKOMANYSULY) values ('061701','13','21,8806');
Insert into S_HOZZARENDEL (MEGRENDELES,KONTENER,RAKOMANYSULY) values ('061701','14','22,4343');
Insert into S_HOZZARENDEL (MEGRENDELES,KONTENER,RAKOMANYSULY) values ('061701','15','22,5295');
Insert into S_HOZZARENDEL (MEGRENDELES,KONTENER,RAKOMANYSULY) values ('061701','16','21,2662');
Insert into S_HOZZARENDEL (MEGRENDELES,KONTENER,RAKOMANYSULY) values ('061701','17','18,1583');
Insert into S_HOZZARENDEL (MEGRENDELES,KONTENER,RAKOMANYSULY) values ('061701','19','22,6697');
Insert into S_HOZZARENDEL (MEGRENDELES,KONTENER,RAKOMANYSULY) values ('061701','21','21,5683');
Insert into S_HOZZARENDEL (MEGRENDELES,KONTENER,RAKOMANYSULY) values ('050401','1','21,7359');
Insert into S_HOZZARENDEL (MEGRENDELES,KONTENER,RAKOMANYSULY) values ('050401','3','21,8286');
Insert into S_HOZZARENDEL (MEGRENDELES,KONTENER,RAKOMANYSULY) values ('050401','5','22,5435');
Insert into S_HOZZARENDEL (MEGRENDELES,KONTENER,RAKOMANYSULY) values ('050401','7','22,0992');
Insert into S_HOZZARENDEL (MEGRENDELES,KONTENER,RAKOMANYSULY) values ('050401','10','21,6631');
Insert into S_HOZZARENDEL (MEGRENDELES,KONTENER,RAKOMANYSULY) values ('050401','12','21,4341');
Insert into S_HOZZARENDEL (MEGRENDELES,KONTENER,RAKOMANYSULY) values ('050401','14','21,0238');
Insert into S_HOZZARENDEL (MEGRENDELES,KONTENER,RAKOMANYSULY) values ('050401','16','20,4145');
Insert into S_HOZZARENDEL (MEGRENDELES,KONTENER,RAKOMANYSULY) values ('050401','19','21,5495');
Insert into S_HOZZARENDEL (MEGRENDELES,KONTENER,RAKOMANYSULY) values ('050401','21','20,8606');
Insert into S_HOZZARENDEL (MEGRENDELES,KONTENER,RAKOMANYSULY) values ('050401','23','22,0872');
Insert into S_HOZZARENDEL (MEGRENDELES,KONTENER,RAKOMANYSULY) values ('050401','25','22,6425');
Insert into S_HOZZARENDEL (MEGRENDELES,KONTENER,RAKOMANYSULY) values ('050401','28','22,5647');
Insert into S_HOZZARENDEL (MEGRENDELES,KONTENER,RAKOMANYSULY) values ('050401','30','20,209');
Insert into S_HOZZARENDEL (MEGRENDELES,KONTENER,RAKOMANYSULY) values ('050401','32','22,0675');
Insert into S_HOZZARENDEL (MEGRENDELES,KONTENER,RAKOMANYSULY) values ('050401','34','21,2551');
Insert into S_HOZZARENDEL (MEGRENDELES,KONTENER,RAKOMANYSULY) values ('050401','37','21,1706');
Insert into S_HOZZARENDEL (MEGRENDELES,KONTENER,RAKOMANYSULY) values ('050401','39','18,7136');
Insert into S_HOZZARENDEL (MEGRENDELES,KONTENER,RAKOMANYSULY) values ('050401','41','21,8107');
Insert into S_HOZZARENDEL (MEGRENDELES,KONTENER,RAKOMANYSULY) values ('050401','43','22,5192');
Insert into S_HOZZARENDEL (MEGRENDELES,KONTENER,RAKOMANYSULY) values ('050401','46','18,9629');
Insert into S_HOZZARENDEL (MEGRENDELES,KONTENER,RAKOMANYSULY) values ('050401','48','18,0916');
Insert into S_HOZZARENDEL (MEGRENDELES,KONTENER,RAKOMANYSULY) values ('050401','50','21,5523');
Insert into S_HOZZARENDEL (MEGRENDELES,KONTENER,RAKOMANYSULY) values ('050401','52','21,025');
Insert into S_HOZZARENDEL (MEGRENDELES,KONTENER,RAKOMANYSULY) values ('050401','55','22,2714');
Insert into S_HOZZARENDEL (MEGRENDELES,KONTENER,RAKOMANYSULY) values ('050401','57','21,0421');
Insert into S_HOZZARENDEL (MEGRENDELES,KONTENER,RAKOMANYSULY) values ('050401','59','21,187');
Insert into S_HOZZARENDEL (MEGRENDELES,KONTENER,RAKOMANYSULY) values ('053402','2','19,5666');
Insert into S_HOZZARENDEL (MEGRENDELES,KONTENER,RAKOMANYSULY) values ('053402','5','21,8227');
Insert into S_HOZZARENDEL (MEGRENDELES,KONTENER,RAKOMANYSULY) values ('053402','7','21,1');
Insert into S_HOZZARENDEL (MEGRENDELES,KONTENER,RAKOMANYSULY) values ('065301','1','21,2601');
Insert into S_HOZZARENDEL (MEGRENDELES,KONTENER,RAKOMANYSULY) values ('065301','3','22,2422');
Insert into S_HOZZARENDEL (MEGRENDELES,KONTENER,RAKOMANYSULY) values ('065301','5','21,6362');
Insert into S_HOZZARENDEL (MEGRENDELES,KONTENER,RAKOMANYSULY) values ('065301','8','19,8017');
Insert into S_HOZZARENDEL (MEGRENDELES,KONTENER,RAKOMANYSULY) values ('065301','10','19,2754');
Insert into S_HOZZARENDEL (MEGRENDELES,KONTENER,RAKOMANYSULY) values ('065301','12','21,5502');
Insert into S_HOZZARENDEL (MEGRENDELES,KONTENER,RAKOMANYSULY) values ('065301','14','21,1463');
Insert into S_HOZZARENDEL (MEGRENDELES,KONTENER,RAKOMANYSULY) values ('065301','17','22,8509');
Insert into S_HOZZARENDEL (MEGRENDELES,KONTENER,RAKOMANYSULY) values ('065301','19','19,9433');
Insert into S_HOZZARENDEL (MEGRENDELES,KONTENER,RAKOMANYSULY) values ('065301','21','22,3189');
Insert into S_HOZZARENDEL (MEGRENDELES,KONTENER,RAKOMANYSULY) values ('065301','23','22,6922');
Insert into S_HOZZARENDEL (MEGRENDELES,KONTENER,RAKOMANYSULY) values ('065301','26','18,5136');
Insert into S_HOZZARENDEL (MEGRENDELES,KONTENER,RAKOMANYSULY) values ('065301','28','22,7265');
Insert into S_HOZZARENDEL (MEGRENDELES,KONTENER,RAKOMANYSULY) values ('065301','30','21,5862');
Insert into S_HOZZARENDEL (MEGRENDELES,KONTENER,RAKOMANYSULY) values ('065301','32','18,2309');
Insert into S_HOZZARENDEL (MEGRENDELES,KONTENER,RAKOMANYSULY) values ('065301','35','18,2622');
Insert into S_HOZZARENDEL (MEGRENDELES,KONTENER,RAKOMANYSULY) values ('065301','37','22,3188');
Insert into S_HOZZARENDEL (MEGRENDELES,KONTENER,RAKOMANYSULY) values ('065301','39','22,3022');
Insert into S_HOZZARENDEL (MEGRENDELES,KONTENER,RAKOMANYSULY) values ('065301','41','21,1562');
Insert into S_HOZZARENDEL (MEGRENDELES,KONTENER,RAKOMANYSULY) values ('065301','44','22,0164');
Insert into S_HOZZARENDEL (MEGRENDELES,KONTENER,RAKOMANYSULY) values ('065301','46','18,3422');
Insert into S_HOZZARENDEL (MEGRENDELES,KONTENER,RAKOMANYSULY) values ('065301','48','20,3645');
Insert into S_HOZZARENDEL (MEGRENDELES,KONTENER,RAKOMANYSULY) values ('065301','50','21,7144');
Insert into S_HOZZARENDEL (MEGRENDELES,KONTENER,RAKOMANYSULY) values ('060401','3','19,0084');
Insert into S_HOZZARENDEL (MEGRENDELES,KONTENER,RAKOMANYSULY) values ('060401','5','22,6295');
Insert into S_HOZZARENDEL (MEGRENDELES,KONTENER,RAKOMANYSULY) values ('060401','7','18,28');
Insert into S_HOZZARENDEL (MEGRENDELES,KONTENER,RAKOMANYSULY) values ('060401','9','21,0447');
Insert into S_HOZZARENDEL (MEGRENDELES,KONTENER,RAKOMANYSULY) values ('060101','1','22,9096');
Insert into S_HOZZARENDEL (MEGRENDELES,KONTENER,RAKOMANYSULY) values ('060101','4','20,4359');
Insert into S_HOZZARENDEL (MEGRENDELES,KONTENER,RAKOMANYSULY) values ('060101','6','19,2933');
Insert into S_HOZZARENDEL (MEGRENDELES,KONTENER,RAKOMANYSULY) values ('060101','8','19,9568');
Insert into S_HOZZARENDEL (MEGRENDELES,KONTENER,RAKOMANYSULY) values ('060101','10','21,8093');
Insert into S_HOZZARENDEL (MEGRENDELES,KONTENER,RAKOMANYSULY) values ('060101','13','18,7353');
Insert into S_HOZZARENDEL (MEGRENDELES,KONTENER,RAKOMANYSULY) values ('060101','15','22,4622');
Insert into S_HOZZARENDEL (MEGRENDELES,KONTENER,RAKOMANYSULY) values ('060101','17','22,4324');
Insert into S_HOZZARENDEL (MEGRENDELES,KONTENER,RAKOMANYSULY) values ('060101','19','21,219');
Insert into S_HOZZARENDEL (MEGRENDELES,KONTENER,RAKOMANYSULY) values ('060101','22','18,8005');
Insert into S_HOZZARENDEL (MEGRENDELES,KONTENER,RAKOMANYSULY) values ('060101','24','22,7373');
Insert into S_HOZZARENDEL (MEGRENDELES,KONTENER,RAKOMANYSULY) values ('060101','26','21,9237');
Insert into S_HOZZARENDEL (MEGRENDELES,KONTENER,RAKOMANYSULY) values ('060101','28','22,9508');
Insert into S_HOZZARENDEL (MEGRENDELES,KONTENER,RAKOMANYSULY) values ('060101','31','21,0929');
Insert into S_HOZZARENDEL (MEGRENDELES,KONTENER,RAKOMANYSULY) values ('060101','33','19,984');
Insert into S_HOZZARENDEL (MEGRENDELES,KONTENER,RAKOMANYSULY) values ('060101','35','19,2259');
Insert into S_HOZZARENDEL (MEGRENDELES,KONTENER,RAKOMANYSULY) values ('060101','37','19,0721');
Insert into S_HOZZARENDEL (MEGRENDELES,KONTENER,RAKOMANYSULY) values ('060101','40','18,9557');
Insert into S_HOZZARENDEL (MEGRENDELES,KONTENER,RAKOMANYSULY) values ('060101','42','21,1564');
Insert into S_HOZZARENDEL (MEGRENDELES,KONTENER,RAKOMANYSULY) values ('060101','44','21,2585');
Insert into S_HOZZARENDEL (MEGRENDELES,KONTENER,RAKOMANYSULY) values ('060101','46','21,2286');
Insert into S_HOZZARENDEL (MEGRENDELES,KONTENER,RAKOMANYSULY) values ('060101','49','22,261');
Insert into S_HOZZARENDEL (MEGRENDELES,KONTENER,RAKOMANYSULY) values ('063701','1','21,2578');
Insert into S_HOZZARENDEL (MEGRENDELES,KONTENER,RAKOMANYSULY) values ('063701','3','20,0768');
Insert into S_HOZZARENDEL (MEGRENDELES,KONTENER,RAKOMANYSULY) values ('063701','5','22,1024');
Insert into S_HOZZARENDEL (MEGRENDELES,KONTENER,RAKOMANYSULY) values ('063701','8','21,2609');
Insert into S_HOZZARENDEL (MEGRENDELES,KONTENER,RAKOMANYSULY) values ('063701','10','21,9617');
Insert into S_HOZZARENDEL (MEGRENDELES,KONTENER,RAKOMANYSULY) values ('063701','12','18,3709');
Insert into S_HOZZARENDEL (MEGRENDELES,KONTENER,RAKOMANYSULY) values ('063501','2','22,7513');
Insert into S_HOZZARENDEL (MEGRENDELES,KONTENER,RAKOMANYSULY) values ('063501','5','20,6436');
Insert into S_HOZZARENDEL (MEGRENDELES,KONTENER,RAKOMANYSULY) values ('063501','7','22,8646');
Insert into S_HOZZARENDEL (MEGRENDELES,KONTENER,RAKOMANYSULY) values ('063501','9','19,463');
Insert into S_HOZZARENDEL (MEGRENDELES,KONTENER,RAKOMANYSULY) values ('063501','11','22,6253');
Insert into S_HOZZARENDEL (MEGRENDELES,KONTENER,RAKOMANYSULY) values ('063301','2','20,7074');
Insert into S_HOZZARENDEL (MEGRENDELES,KONTENER,RAKOMANYSULY) values ('063301','4','20,5169');
Insert into S_HOZZARENDEL (MEGRENDELES,KONTENER,RAKOMANYSULY) values ('063301','6','21,6395');
Insert into S_HOZZARENDEL (MEGRENDELES,KONTENER,RAKOMANYSULY) values ('063301','8','22,4861');
Insert into S_HOZZARENDEL (MEGRENDELES,KONTENER,RAKOMANYSULY) values ('063301','11','22,2197');
Insert into S_HOZZARENDEL (MEGRENDELES,KONTENER,RAKOMANYSULY) values ('063301','13','21,5164');
Insert into S_HOZZARENDEL (MEGRENDELES,KONTENER,RAKOMANYSULY) values ('063301','15','22,5957');
Insert into S_HOZZARENDEL (MEGRENDELES,KONTENER,RAKOMANYSULY) values ('065602','2','21,5982');
Insert into S_HOZZARENDEL (MEGRENDELES,KONTENER,RAKOMANYSULY) values ('065602','5','20,1584');
Insert into S_HOZZARENDEL (MEGRENDELES,KONTENER,RAKOMANYSULY) values ('065602','7','22,2956');
Insert into S_HOZZARENDEL (MEGRENDELES,KONTENER,RAKOMANYSULY) values ('065602','9','21,0152');
Insert into S_HOZZARENDEL (MEGRENDELES,KONTENER,RAKOMANYSULY) values ('065602','11','19,3439');
Insert into S_HOZZARENDEL (MEGRENDELES,KONTENER,RAKOMANYSULY) values ('065602','14','22,0247');
Insert into S_HOZZARENDEL (MEGRENDELES,KONTENER,RAKOMANYSULY) values ('065602','16','22,4391');
Insert into S_HOZZARENDEL (MEGRENDELES,KONTENER,RAKOMANYSULY) values ('065602','18','20,2155');
Insert into S_HOZZARENDEL (MEGRENDELES,KONTENER,RAKOMANYSULY) values ('065602','20','19,4297');
Insert into S_HOZZARENDEL (MEGRENDELES,KONTENER,RAKOMANYSULY) values ('065602','23','19,0588');
Insert into S_HOZZARENDEL (MEGRENDELES,KONTENER,RAKOMANYSULY) values ('065602','25','19,8456');
Insert into S_HOZZARENDEL (MEGRENDELES,KONTENER,RAKOMANYSULY) values ('065602','27','21,82');
Insert into S_HOZZARENDEL (MEGRENDELES,KONTENER,RAKOMANYSULY) values ('065602','29','22,7016');
Insert into S_HOZZARENDEL (MEGRENDELES,KONTENER,RAKOMANYSULY) values ('065602','31','22,7399');
Insert into S_HOZZARENDEL (MEGRENDELES,KONTENER,RAKOMANYSULY) values ('065602','34','20,4797');
Insert into S_HOZZARENDEL (MEGRENDELES,KONTENER,RAKOMANYSULY) values ('065602','36','20,5937');
Insert into S_HOZZARENDEL (MEGRENDELES,KONTENER,RAKOMANYSULY) values ('065602','38','22,8795');
Insert into S_HOZZARENDEL (MEGRENDELES,KONTENER,RAKOMANYSULY) values ('065602','40','22,6058');
Insert into S_HOZZARENDEL (MEGRENDELES,KONTENER,RAKOMANYSULY) values ('065602','43','18,693');
Insert into S_HOZZARENDEL (MEGRENDELES,KONTENER,RAKOMANYSULY) values ('065602','45','22,2028');
Insert into S_HOZZARENDEL (MEGRENDELES,KONTENER,RAKOMANYSULY) values ('065602','47','22,2113');
Insert into S_HOZZARENDEL (MEGRENDELES,KONTENER,RAKOMANYSULY) values ('065602','49','19,6744');
Insert into S_HOZZARENDEL (MEGRENDELES,KONTENER,RAKOMANYSULY) values ('061601','2','22,4759');
Insert into S_HOZZARENDEL (MEGRENDELES,KONTENER,RAKOMANYSULY) values ('061601','4','22,3294');
Insert into S_HOZZARENDEL (MEGRENDELES,KONTENER,RAKOMANYSULY) values ('061601','6','21,4582');
Insert into S_HOZZARENDEL (MEGRENDELES,KONTENER,RAKOMANYSULY) values ('061601','8','22,4923');
Insert into S_HOZZARENDEL (MEGRENDELES,KONTENER,RAKOMANYSULY) values ('061601','11','21,7289');
Insert into S_HOZZARENDEL (MEGRENDELES,KONTENER,RAKOMANYSULY) values ('061601','13','18,9804');
Insert into S_HOZZARENDEL (MEGRENDELES,KONTENER,RAKOMANYSULY) values ('065604','2','18,5455');
Insert into S_HOZZARENDEL (MEGRENDELES,KONTENER,RAKOMANYSULY) values ('065604','4','22,2577');
Insert into S_HOZZARENDEL (MEGRENDELES,KONTENER,RAKOMANYSULY) values ('065604','7','20,2737');
Insert into S_HOZZARENDEL (MEGRENDELES,KONTENER,RAKOMANYSULY) values ('056201','1','19,3615');
Insert into S_HOZZARENDEL (MEGRENDELES,KONTENER,RAKOMANYSULY) values ('056201','3','22,7988');
Insert into S_HOZZARENDEL (MEGRENDELES,KONTENER,RAKOMANYSULY) values ('053901','1','21,4834');
Insert into S_HOZZARENDEL (MEGRENDELES,KONTENER,RAKOMANYSULY) values ('053901','4','22,0099');
Insert into S_HOZZARENDEL (MEGRENDELES,KONTENER,RAKOMANYSULY) values ('053901','6','19,1837');
Insert into S_HOZZARENDEL (MEGRENDELES,KONTENER,RAKOMANYSULY) values ('053901','8','21,0422');
Insert into S_HOZZARENDEL (MEGRENDELES,KONTENER,RAKOMANYSULY) values ('053901','10','18,3513');
Insert into S_HOZZARENDEL (MEGRENDELES,KONTENER,RAKOMANYSULY) values ('053901','13','21,3598');
Insert into S_HOZZARENDEL (MEGRENDELES,KONTENER,RAKOMANYSULY) values ('053901','15','22,3718');
Insert into S_HOZZARENDEL (MEGRENDELES,KONTENER,RAKOMANYSULY) values ('053901','17','21,899');
Insert into S_HOZZARENDEL (MEGRENDELES,KONTENER,RAKOMANYSULY) values ('053901','19','22,3678');
Insert into S_HOZZARENDEL (MEGRENDELES,KONTENER,RAKOMANYSULY) values ('053901','22','21,7303');
Insert into S_HOZZARENDEL (MEGRENDELES,KONTENER,RAKOMANYSULY) values ('053901','24','21,9109');
Insert into S_HOZZARENDEL (MEGRENDELES,KONTENER,RAKOMANYSULY) values ('020701','50','23');
Insert into S_HOZZARENDEL (MEGRENDELES,KONTENER,RAKOMANYSULY) values ('020701','51','20,3');
Insert into S_HOZZARENDEL (MEGRENDELES,KONTENER,RAKOMANYSULY) values ('020701','52','21');
Insert into S_HOZZARENDEL (MEGRENDELES,KONTENER,RAKOMANYSULY) values ('020701','53','22,7');
Insert into S_HOZZARENDEL (MEGRENDELES,KONTENER,RAKOMANYSULY) values ('020701','54','20,9');
Insert into S_HOZZARENDEL (MEGRENDELES,KONTENER,RAKOMANYSULY) values ('020701','55','20');
Insert into S_HOZZARENDEL (MEGRENDELES,KONTENER,RAKOMANYSULY) values ('020701','56','22,1');
Insert into S_HOZZARENDEL (MEGRENDELES,KONTENER,RAKOMANYSULY) values ('020701','57','22,5');
Insert into S_HOZZARENDEL (MEGRENDELES,KONTENER,RAKOMANYSULY) values ('020701','58','22,9');
Insert into S_HOZZARENDEL (MEGRENDELES,KONTENER,RAKOMANYSULY) values ('020701','59','20,7');
Insert into S_HOZZARENDEL (MEGRENDELES,KONTENER,RAKOMANYSULY) values ('020702','60','23');
Insert into S_HOZZARENDEL (MEGRENDELES,KONTENER,RAKOMANYSULY) values ('035701','80','16,5');
Insert into S_HOZZARENDEL (MEGRENDELES,KONTENER,RAKOMANYSULY) values ('035701','81','21,6');
Insert into S_HOZZARENDEL (MEGRENDELES,KONTENER,RAKOMANYSULY) values ('020703','61','14,2');
Insert into S_HOZZARENDEL (MEGRENDELES,KONTENER,RAKOMANYSULY) values ('020703','62','19,4');
Insert into S_HOZZARENDEL (MEGRENDELES,KONTENER,RAKOMANYSULY) values ('020703','63','22,1');
Insert into S_HOZZARENDEL (MEGRENDELES,KONTENER,RAKOMANYSULY) values ('020703','64','21,8');
Insert into S_HOZZARENDEL (MEGRENDELES,KONTENER,RAKOMANYSULY) values ('020703','65','23');
Insert into S_HOZZARENDEL (MEGRENDELES,KONTENER,RAKOMANYSULY) values ('033501','82','18,3');
Insert into S_HOZZARENDEL (MEGRENDELES,KONTENER,RAKOMANYSULY) values ('033501','83','22,2');
Insert into S_HOZZARENDEL (MEGRENDELES,KONTENER,RAKOMANYSULY) values ('020704','66','20,7');
Insert into S_HOZZARENDEL (MEGRENDELES,KONTENER,RAKOMANYSULY) values ('020704','67','21,5');
Insert into S_HOZZARENDEL (MEGRENDELES,KONTENER,RAKOMANYSULY) values ('020704','68','21,9');
Insert into S_HOZZARENDEL (MEGRENDELES,KONTENER,RAKOMANYSULY) values ('020704','69','22,8');
Insert into S_HOZZARENDEL (MEGRENDELES,KONTENER,RAKOMANYSULY) values ('033502','84','23');
Insert into S_HOZZARENDEL (MEGRENDELES,KONTENER,RAKOMANYSULY) values ('020705','70','3');
Insert into S_HOZZARENDEL (MEGRENDELES,KONTENER,RAKOMANYSULY) values ('020705','71','10,5');
Insert into S_HOZZARENDEL (MEGRENDELES,KONTENER,RAKOMANYSULY) values ('020705','72','12,8');
Insert into S_HOZZARENDEL (MEGRENDELES,KONTENER,RAKOMANYSULY) values ('020705','73','19,9');
Insert into S_HOZZARENDEL (MEGRENDELES,KONTENER,RAKOMANYSULY) values ('020705','74','16,7');
Insert into S_HOZZARENDEL (MEGRENDELES,KONTENER,RAKOMANYSULY) values ('046101','90','21,8');
Insert into S_HOZZARENDEL (MEGRENDELES,KONTENER,RAKOMANYSULY) values ('046101','91','22,7');
Insert into S_HOZZARENDEL (MEGRENDELES,KONTENER,RAKOMANYSULY) values ('043401','92','5,4');
Insert into S_HOZZARENDEL (MEGRENDELES,KONTENER,RAKOMANYSULY) values ('043401','93','8,3');
Insert into S_HOZZARENDEL (MEGRENDELES,KONTENER,RAKOMANYSULY) values ('043401','94','14,1');
Insert into S_HOZZARENDEL (MEGRENDELES,KONTENER,RAKOMANYSULY) values ('035001','98','23');
Insert into S_HOZZARENDEL (MEGRENDELES,KONTENER,RAKOMANYSULY) values ('035002','99','20,7');
Insert into S_HOZZARENDEL (MEGRENDELES,KONTENER,RAKOMANYSULY) values ('066001','222','18,6573');
Insert into S_HOZZARENDEL (MEGRENDELES,KONTENER,RAKOMANYSULY) values ('066001','223','21,9177');
Insert into S_HOZZARENDEL (MEGRENDELES,KONTENER,RAKOMANYSULY) values ('066001','224','22,0603');
Insert into S_HOZZARENDEL (MEGRENDELES,KONTENER,RAKOMANYSULY) values ('066001','225','20,9119');
Insert into S_HOZZARENDEL (MEGRENDELES,KONTENER,RAKOMANYSULY) values ('066001','226','14,6448');
Insert into S_HOZZARENDEL (MEGRENDELES,KONTENER,RAKOMANYSULY) values ('066001','227','19,284');
Insert into S_HOZZARENDEL (MEGRENDELES,KONTENER,RAKOMANYSULY) values ('066001','228','13,9195');
Insert into S_HOZZARENDEL (MEGRENDELES,KONTENER,RAKOMANYSULY) values ('066001','229','22,913');
Insert into S_HOZZARENDEL (MEGRENDELES,KONTENER,RAKOMANYSULY) values ('066001','230','16,62');
Insert into S_HOZZARENDEL (MEGRENDELES,KONTENER,RAKOMANYSULY) values ('066001','231','19,1');
Insert into S_HOZZARENDEL (MEGRENDELES,KONTENER,RAKOMANYSULY) values ('066002','232','5,6507');
Insert into S_HOZZARENDEL (MEGRENDELES,KONTENER,RAKOMANYSULY) values ('066002','233','9,654');
Insert into S_HOZZARENDEL (MEGRENDELES,KONTENER,RAKOMANYSULY) values ('066002','234','19,8116');
Insert into S_HOZZARENDEL (MEGRENDELES,KONTENER,RAKOMANYSULY) values ('066002','235','8,44');
Insert into S_HOZZARENDEL (MEGRENDELES,KONTENER,RAKOMANYSULY) values ('080101','240','8,6');
Insert into S_HOZZARENDEL (MEGRENDELES,KONTENER,RAKOMANYSULY) values ('080101','241','6,94');
Insert into S_HOZZARENDEL (MEGRENDELES,KONTENER,RAKOMANYSULY) values ('080101','242','13,82');
Insert into S_HOZZARENDEL (MEGRENDELES,KONTENER,RAKOMANYSULY) values ('080101','243','21,4');
Insert into S_HOZZARENDEL (MEGRENDELES,KONTENER,RAKOMANYSULY) values ('080101','244','19,4393');
Insert into S_HOZZARENDEL (MEGRENDELES,KONTENER,RAKOMANYSULY) values ('080101','245','7,2');
Insert into S_HOZZARENDEL (MEGRENDELES,KONTENER,RAKOMANYSULY) values ('070201','250','22,7995');
Insert into S_HOZZARENDEL (MEGRENDELES,KONTENER,RAKOMANYSULY) values ('072601','263','22,1594');
Insert into S_HOZZARENDEL (MEGRENDELES,KONTENER,RAKOMANYSULY) values ('072601','264','21,45');
Insert into S_HOZZARENDEL (MEGRENDELES,KONTENER,RAKOMANYSULY) values ('072601','265','19,823');
Insert into S_HOZZARENDEL (MEGRENDELES,KONTENER,RAKOMANYSULY) values ('072601','266','22,2851');
Insert into S_HOZZARENDEL (MEGRENDELES,KONTENER,RAKOMANYSULY) values ('072602','280','8,7');
Insert into S_HOZZARENDEL (MEGRENDELES,KONTENER,RAKOMANYSULY) values ('072602','281','23');
Insert into S_HOZZARENDEL (MEGRENDELES,KONTENER,RAKOMANYSULY) values ('072602','282','19,6477');
Insert into S_HOZZARENDEL (MEGRENDELES,KONTENER,RAKOMANYSULY) values ('072602','283','19,2562');
Insert into S_HOZZARENDEL (MEGRENDELES,KONTENER,RAKOMANYSULY) values ('072602','284','13,3');
Insert into S_HOZZARENDEL (MEGRENDELES,KONTENER,RAKOMANYSULY) values ('072602','285','19,941');
Insert into S_HOZZARENDEL (MEGRENDELES,KONTENER,RAKOMANYSULY) values ('072602','286','6,22');
Insert into S_HOZZARENDEL (MEGRENDELES,KONTENER,RAKOMANYSULY) values ('072602','287','15,5576');
Insert into S_HOZZARENDEL (MEGRENDELES,KONTENER,RAKOMANYSULY) values ('072602','288','6,98');
Insert into S_HOZZARENDEL (MEGRENDELES,KONTENER,RAKOMANYSULY) values ('072602','289','18,6244');
Insert into S_HOZZARENDEL (MEGRENDELES,KONTENER,RAKOMANYSULY) values ('042002','31','20,194');
Insert into S_HOZZARENDEL (MEGRENDELES,KONTENER,RAKOMANYSULY) values ('042002','32','21,633');
Insert into S_HOZZARENDEL (MEGRENDELES,KONTENER,RAKOMANYSULY) values ('042002','34','18,6165');
Insert into S_HOZZARENDEL (MEGRENDELES,KONTENER,RAKOMANYSULY) values ('052403','1','21,8683');
Insert into S_HOZZARENDEL (MEGRENDELES,KONTENER,RAKOMANYSULY) values ('052403','3','22,9176');
Insert into S_HOZZARENDEL (MEGRENDELES,KONTENER,RAKOMANYSULY) values ('052403','5','20,8639');
Insert into S_HOZZARENDEL (MEGRENDELES,KONTENER,RAKOMANYSULY) values ('052403','6','22,5333');
Insert into S_HOZZARENDEL (MEGRENDELES,KONTENER,RAKOMANYSULY) values ('052403','8','21,3267');
Insert into S_HOZZARENDEL (MEGRENDELES,KONTENER,RAKOMANYSULY) values ('052403','10','22,4288');
Insert into S_HOZZARENDEL (MEGRENDELES,KONTENER,RAKOMANYSULY) values ('050101','2','22,2572');
Insert into S_HOZZARENDEL (MEGRENDELES,KONTENER,RAKOMANYSULY) values ('050101','4','21,5921');
Insert into S_HOZZARENDEL (MEGRENDELES,KONTENER,RAKOMANYSULY) values ('050101','5','22,9301');
Insert into S_HOZZARENDEL (MEGRENDELES,KONTENER,RAKOMANYSULY) values ('053901','26','18,9413');
Insert into S_HOZZARENDEL (MEGRENDELES,KONTENER,RAKOMANYSULY) values ('053901','27','18,4628');
Insert into S_HOZZARENDEL (MEGRENDELES,KONTENER,RAKOMANYSULY) values ('053901','28','21,708');
Insert into S_HOZZARENDEL (MEGRENDELES,KONTENER,RAKOMANYSULY) values ('053901','29','18,9593');
Insert into S_HOZZARENDEL (MEGRENDELES,KONTENER,RAKOMANYSULY) values ('053901','30','21,897');
Insert into S_HOZZARENDEL (MEGRENDELES,KONTENER,RAKOMANYSULY) values ('053901','31','20,5995');
Insert into S_HOZZARENDEL (MEGRENDELES,KONTENER,RAKOMANYSULY) values ('053901','32','19,3527');
Insert into S_HOZZARENDEL (MEGRENDELES,KONTENER,RAKOMANYSULY) values ('053901','33','19,9782');
Insert into S_HOZZARENDEL (MEGRENDELES,KONTENER,RAKOMANYSULY) values ('053901','34','21,3017');
Insert into S_HOZZARENDEL (MEGRENDELES,KONTENER,RAKOMANYSULY) values ('053901','35','22,9616');
Insert into S_HOZZARENDEL (MEGRENDELES,KONTENER,RAKOMANYSULY) values ('053901','36','22,0789');
Insert into S_HOZZARENDEL (MEGRENDELES,KONTENER,RAKOMANYSULY) values ('053901','37','21,0053');
Insert into S_HOZZARENDEL (MEGRENDELES,KONTENER,RAKOMANYSULY) values ('053901','38','22,0802');
Insert into S_HOZZARENDEL (MEGRENDELES,KONTENER,RAKOMANYSULY) values ('053901','39','21,1182');
Insert into S_HOZZARENDEL (MEGRENDELES,KONTENER,RAKOMANYSULY) values ('053901','40','21,6569');
Insert into S_HOZZARENDEL (MEGRENDELES,KONTENER,RAKOMANYSULY) values ('053901','41','21,6169');
Insert into S_HOZZARENDEL (MEGRENDELES,KONTENER,RAKOMANYSULY) values ('053901','42','18,5174');
Insert into S_HOZZARENDEL (MEGRENDELES,KONTENER,RAKOMANYSULY) values ('053901','43','22,0508');
Insert into S_HOZZARENDEL (MEGRENDELES,KONTENER,RAKOMANYSULY) values ('053901','44','21,7114');
Insert into S_HOZZARENDEL (MEGRENDELES,KONTENER,RAKOMANYSULY) values ('053901','45','22,181');
Insert into S_HOZZARENDEL (MEGRENDELES,KONTENER,RAKOMANYSULY) values ('053901','46','18,8193');
Insert into S_HOZZARENDEL (MEGRENDELES,KONTENER,RAKOMANYSULY) values ('053901','47','22,6415');
Insert into S_HOZZARENDEL (MEGRENDELES,KONTENER,RAKOMANYSULY) values ('053901','48','21,9077');
Insert into S_HOZZARENDEL (MEGRENDELES,KONTENER,RAKOMANYSULY) values ('053902','1','21,4918');
Insert into S_HOZZARENDEL (MEGRENDELES,KONTENER,RAKOMANYSULY) values ('053902','2','20,9972');
Insert into S_HOZZARENDEL (MEGRENDELES,KONTENER,RAKOMANYSULY) values ('053902','3','22,7495');
Insert into S_HOZZARENDEL (MEGRENDELES,KONTENER,RAKOMANYSULY) values ('053902','4','21,9694');
Insert into S_HOZZARENDEL (MEGRENDELES,KONTENER,RAKOMANYSULY) values ('053902','5','22,5905');
Insert into S_HOZZARENDEL (MEGRENDELES,KONTENER,RAKOMANYSULY) values ('053902','6','20,2528');
Insert into S_HOZZARENDEL (MEGRENDELES,KONTENER,RAKOMANYSULY) values ('053902','7','22,5262');
Insert into S_HOZZARENDEL (MEGRENDELES,KONTENER,RAKOMANYSULY) values ('053902','8','22,6343');
Insert into S_HOZZARENDEL (MEGRENDELES,KONTENER,RAKOMANYSULY) values ('053902','9','22,4613');
Insert into S_HOZZARENDEL (MEGRENDELES,KONTENER,RAKOMANYSULY) values ('053902','10','19,6465');
Insert into S_HOZZARENDEL (MEGRENDELES,KONTENER,RAKOMANYSULY) values ('053902','11','19,1773');
Insert into S_HOZZARENDEL (MEGRENDELES,KONTENER,RAKOMANYSULY) values ('053902','12','22,0015');
Insert into S_HOZZARENDEL (MEGRENDELES,KONTENER,RAKOMANYSULY) values ('053902','13','20,0424');
Insert into S_HOZZARENDEL (MEGRENDELES,KONTENER,RAKOMANYSULY) values ('053902','14','20,9507');
Insert into S_HOZZARENDEL (MEGRENDELES,KONTENER,RAKOMANYSULY) values ('053902','15','21,4353');
Insert into S_HOZZARENDEL (MEGRENDELES,KONTENER,RAKOMANYSULY) values ('053902','16','22,6547');
Insert into S_HOZZARENDEL (MEGRENDELES,KONTENER,RAKOMANYSULY) values ('053902','17','19,6616');
Insert into S_HOZZARENDEL (MEGRENDELES,KONTENER,RAKOMANYSULY) values ('053902','18','22,9335');
Insert into S_HOZZARENDEL (MEGRENDELES,KONTENER,RAKOMANYSULY) values ('053902','19','21,4507');
Insert into S_HOZZARENDEL (MEGRENDELES,KONTENER,RAKOMANYSULY) values ('053902','20','20,459');
Insert into S_HOZZARENDEL (MEGRENDELES,KONTENER,RAKOMANYSULY) values ('053902','21','20,9791');
Insert into S_HOZZARENDEL (MEGRENDELES,KONTENER,RAKOMANYSULY) values ('053902','22','18,0332');
Insert into S_HOZZARENDEL (MEGRENDELES,KONTENER,RAKOMANYSULY) values ('053902','23','19,0247');
Insert into S_HOZZARENDEL (MEGRENDELES,KONTENER,RAKOMANYSULY) values ('053902','24','18,4797');
Insert into S_HOZZARENDEL (MEGRENDELES,KONTENER,RAKOMANYSULY) values ('053902','25','20,6477');
Insert into S_HOZZARENDEL (MEGRENDELES,KONTENER,RAKOMANYSULY) values ('053902','26','20,7811');
Insert into S_HOZZARENDEL (MEGRENDELES,KONTENER,RAKOMANYSULY) values ('053902','27','21,662');
Insert into S_HOZZARENDEL (MEGRENDELES,KONTENER,RAKOMANYSULY) values ('053902','28','19,0918');
Insert into S_HOZZARENDEL (MEGRENDELES,KONTENER,RAKOMANYSULY) values ('053902','29','21,9264');
Insert into S_HOZZARENDEL (MEGRENDELES,KONTENER,RAKOMANYSULY) values ('053902','30','22,4411');
Insert into S_HOZZARENDEL (MEGRENDELES,KONTENER,RAKOMANYSULY) values ('053902','31','18,1639');
Insert into S_HOZZARENDEL (MEGRENDELES,KONTENER,RAKOMANYSULY) values ('053902','32','22,1162');
Insert into S_HOZZARENDEL (MEGRENDELES,KONTENER,RAKOMANYSULY) values ('053902','33','21,9385');
Insert into S_HOZZARENDEL (MEGRENDELES,KONTENER,RAKOMANYSULY) values ('053902','34','18,2123');
Insert into S_HOZZARENDEL (MEGRENDELES,KONTENER,RAKOMANYSULY) values ('053902','35','20,6774');
Insert into S_HOZZARENDEL (MEGRENDELES,KONTENER,RAKOMANYSULY) values ('053902','36','18,5498');
Insert into S_HOZZARENDEL (MEGRENDELES,KONTENER,RAKOMANYSULY) values ('053902','37','19,1498');
Insert into S_HOZZARENDEL (MEGRENDELES,KONTENER,RAKOMANYSULY) values ('053902','38','20,1257');
Insert into S_HOZZARENDEL (MEGRENDELES,KONTENER,RAKOMANYSULY) values ('053902','39','21,9869');
Insert into S_HOZZARENDEL (MEGRENDELES,KONTENER,RAKOMANYSULY) values ('053902','40','22,4395');
Insert into S_HOZZARENDEL (MEGRENDELES,KONTENER,RAKOMANYSULY) values ('053902','41','22,9482');
Insert into S_HOZZARENDEL (MEGRENDELES,KONTENER,RAKOMANYSULY) values ('053902','42','19,1389');
Insert into S_HOZZARENDEL (MEGRENDELES,KONTENER,RAKOMANYSULY) values ('053902','43','21,0804');
Insert into S_HOZZARENDEL (MEGRENDELES,KONTENER,RAKOMANYSULY) values ('053902','44','18,0477');
Insert into S_HOZZARENDEL (MEGRENDELES,KONTENER,RAKOMANYSULY) values ('053902','45','18,0309');
Insert into S_HOZZARENDEL (MEGRENDELES,KONTENER,RAKOMANYSULY) values ('053902','46','19,5535');
Insert into S_HOZZARENDEL (MEGRENDELES,KONTENER,RAKOMANYSULY) values ('053902','47','19,3115');
Insert into S_HOZZARENDEL (MEGRENDELES,KONTENER,RAKOMANYSULY) values ('053902','48','18,2784');
Insert into S_HOZZARENDEL (MEGRENDELES,KONTENER,RAKOMANYSULY) values ('053302','1','18,4509');
Insert into S_HOZZARENDEL (MEGRENDELES,KONTENER,RAKOMANYSULY) values ('053302','2','22,5015');
Insert into S_HOZZARENDEL (MEGRENDELES,KONTENER,RAKOMANYSULY) values ('053302','3','22,1704');
Insert into S_HOZZARENDEL (MEGRENDELES,KONTENER,RAKOMANYSULY) values ('053302','4','18,1601');
Insert into S_HOZZARENDEL (MEGRENDELES,KONTENER,RAKOMANYSULY) values ('053302','5','18,8525');
Insert into S_HOZZARENDEL (MEGRENDELES,KONTENER,RAKOMANYSULY) values ('053302','6','18,6662');
Insert into S_HOZZARENDEL (MEGRENDELES,KONTENER,RAKOMANYSULY) values ('053302','7','22,3874');
Insert into S_HOZZARENDEL (MEGRENDELES,KONTENER,RAKOMANYSULY) values ('053302','8','22,1395');
Insert into S_HOZZARENDEL (MEGRENDELES,KONTENER,RAKOMANYSULY) values ('053302','9','21,7783');
Insert into S_HOZZARENDEL (MEGRENDELES,KONTENER,RAKOMANYSULY) values ('053302','10','21,4115');
Insert into S_HOZZARENDEL (MEGRENDELES,KONTENER,RAKOMANYSULY) values ('053302','11','21,0613');
Insert into S_HOZZARENDEL (MEGRENDELES,KONTENER,RAKOMANYSULY) values ('053302','12','21,5168');
Insert into S_HOZZARENDEL (MEGRENDELES,KONTENER,RAKOMANYSULY) values ('053302','13','19,6938');
Insert into S_HOZZARENDEL (MEGRENDELES,KONTENER,RAKOMANYSULY) values ('053302','14','22,6901');
Insert into S_HOZZARENDEL (MEGRENDELES,KONTENER,RAKOMANYSULY) values ('053302','15','19,7505');
Insert into S_HOZZARENDEL (MEGRENDELES,KONTENER,RAKOMANYSULY) values ('053302','16','19,3998');
Insert into S_HOZZARENDEL (MEGRENDELES,KONTENER,RAKOMANYSULY) values ('053302','17','19,8588');
Insert into S_HOZZARENDEL (MEGRENDELES,KONTENER,RAKOMANYSULY) values ('053302','18','21,8547');
Insert into S_HOZZARENDEL (MEGRENDELES,KONTENER,RAKOMANYSULY) values ('053302','19','22,5513');
Insert into S_HOZZARENDEL (MEGRENDELES,KONTENER,RAKOMANYSULY) values ('053302','20','21,1922');
Insert into S_HOZZARENDEL (MEGRENDELES,KONTENER,RAKOMANYSULY) values ('060201','1','18,7581');
Insert into S_HOZZARENDEL (MEGRENDELES,KONTENER,RAKOMANYSULY) values ('060201','2','21,0986');
Insert into S_HOZZARENDEL (MEGRENDELES,KONTENER,RAKOMANYSULY) values ('060201','3','18,2826');
Insert into S_HOZZARENDEL (MEGRENDELES,KONTENER,RAKOMANYSULY) values ('060201','4','20,8324');
Insert into S_HOZZARENDEL (MEGRENDELES,KONTENER,RAKOMANYSULY) values ('060201','5','19,2519');
Insert into S_HOZZARENDEL (MEGRENDELES,KONTENER,RAKOMANYSULY) values ('060201','6','22,7789');
Insert into S_HOZZARENDEL (MEGRENDELES,KONTENER,RAKOMANYSULY) values ('060201','7','18,1073');
Insert into S_HOZZARENDEL (MEGRENDELES,KONTENER,RAKOMANYSULY) values ('060201','8','22,5512');
Insert into S_HOZZARENDEL (MEGRENDELES,KONTENER,RAKOMANYSULY) values ('060201','9','21,2557');
Insert into S_HOZZARENDEL (MEGRENDELES,KONTENER,RAKOMANYSULY) values ('060201','10','20,7168');
Insert into S_HOZZARENDEL (MEGRENDELES,KONTENER,RAKOMANYSULY) values ('062602','1','21,6238');
Insert into S_HOZZARENDEL (MEGRENDELES,KONTENER,RAKOMANYSULY) values ('062602','2','18,7387');
Insert into S_HOZZARENDEL (MEGRENDELES,KONTENER,RAKOMANYSULY) values ('062602','3','22,0666');
Insert into S_HOZZARENDEL (MEGRENDELES,KONTENER,RAKOMANYSULY) values ('062602','4','20,8436');
Insert into S_HOZZARENDEL (MEGRENDELES,KONTENER,RAKOMANYSULY) values ('062602','5','19,8158');
Insert into S_HOZZARENDEL (MEGRENDELES,KONTENER,RAKOMANYSULY) values ('062602','6','18,7374');
Insert into S_HOZZARENDEL (MEGRENDELES,KONTENER,RAKOMANYSULY) values ('062602','7','18,8393');
Insert into S_HOZZARENDEL (MEGRENDELES,KONTENER,RAKOMANYSULY) values ('062602','8','19,807');
Insert into S_HOZZARENDEL (MEGRENDELES,KONTENER,RAKOMANYSULY) values ('062602','9','22,9936');
Insert into S_HOZZARENDEL (MEGRENDELES,KONTENER,RAKOMANYSULY) values ('062602','10','22,6317');
Insert into S_HOZZARENDEL (MEGRENDELES,KONTENER,RAKOMANYSULY) values ('062602','11','21,2399');
Insert into S_HOZZARENDEL (MEGRENDELES,KONTENER,RAKOMANYSULY) values ('062602','12','21,1073');
Insert into S_HOZZARENDEL (MEGRENDELES,KONTENER,RAKOMANYSULY) values ('062602','13','21,9757');
Insert into S_HOZZARENDEL (MEGRENDELES,KONTENER,RAKOMANYSULY) values ('062602','14','21,4057');
Insert into S_HOZZARENDEL (MEGRENDELES,KONTENER,RAKOMANYSULY) values ('062602','15','19,8882');
Insert into S_HOZZARENDEL (MEGRENDELES,KONTENER,RAKOMANYSULY) values ('062602','16','19,5234');
Insert into S_HOZZARENDEL (MEGRENDELES,KONTENER,RAKOMANYSULY) values ('062602','17','19,0326');
Insert into S_HOZZARENDEL (MEGRENDELES,KONTENER,RAKOMANYSULY) values ('062602','18','19,6771');
Insert into S_HOZZARENDEL (MEGRENDELES,KONTENER,RAKOMANYSULY) values ('062602','19','21,1701');
Insert into S_HOZZARENDEL (MEGRENDELES,KONTENER,RAKOMANYSULY) values ('062602','20','20,4392');
Insert into S_HOZZARENDEL (MEGRENDELES,KONTENER,RAKOMANYSULY) values ('062602','21','21,0024');
Insert into S_HOZZARENDEL (MEGRENDELES,KONTENER,RAKOMANYSULY) values ('062602','22','18,1454');
Insert into S_HOZZARENDEL (MEGRENDELES,KONTENER,RAKOMANYSULY) values ('062602','23','20,2381');
Insert into S_HOZZARENDEL (MEGRENDELES,KONTENER,RAKOMANYSULY) values ('062602','24','22,0609');
Insert into S_HOZZARENDEL (MEGRENDELES,KONTENER,RAKOMANYSULY) values ('062602','25','22,2439');
Insert into S_HOZZARENDEL (MEGRENDELES,KONTENER,RAKOMANYSULY) values ('062602','26','22,3132');
Insert into S_HOZZARENDEL (MEGRENDELES,KONTENER,RAKOMANYSULY) values ('062602','27','19,2957');
Insert into S_HOZZARENDEL (MEGRENDELES,KONTENER,RAKOMANYSULY) values ('062602','28','19,8011');
Insert into S_HOZZARENDEL (MEGRENDELES,KONTENER,RAKOMANYSULY) values ('062602','29','22,2413');
Insert into S_HOZZARENDEL (MEGRENDELES,KONTENER,RAKOMANYSULY) values ('062602','30','21,0062');
Insert into S_HOZZARENDEL (MEGRENDELES,KONTENER,RAKOMANYSULY) values ('062602','31','22,1166');
Insert into S_HOZZARENDEL (MEGRENDELES,KONTENER,RAKOMANYSULY) values ('062602','32','21,4825');
Insert into S_HOZZARENDEL (MEGRENDELES,KONTENER,RAKOMANYSULY) values ('062602','33','22,5934');
Insert into S_HOZZARENDEL (MEGRENDELES,KONTENER,RAKOMANYSULY) values ('062602','34','21,6179');
Insert into S_HOZZARENDEL (MEGRENDELES,KONTENER,RAKOMANYSULY) values ('062602','35','22,0357');
Insert into S_HOZZARENDEL (MEGRENDELES,KONTENER,RAKOMANYSULY) values ('062602','36','22,8923');
Insert into S_HOZZARENDEL (MEGRENDELES,KONTENER,RAKOMANYSULY) values ('062602','37','21,1597');
Insert into S_HOZZARENDEL (MEGRENDELES,KONTENER,RAKOMANYSULY) values ('062602','38','22,9334');
Insert into S_HOZZARENDEL (MEGRENDELES,KONTENER,RAKOMANYSULY) values ('062602','39','21,4167');
Insert into S_HOZZARENDEL (MEGRENDELES,KONTENER,RAKOMANYSULY) values ('062602','40','22,066');
Insert into S_HOZZARENDEL (MEGRENDELES,KONTENER,RAKOMANYSULY) values ('062602','41','19,1628');
Insert into S_HOZZARENDEL (MEGRENDELES,KONTENER,RAKOMANYSULY) values ('062602','42','21,7466');
Insert into S_HOZZARENDEL (MEGRENDELES,KONTENER,RAKOMANYSULY) values ('062602','43','19,1173');
Insert into S_HOZZARENDEL (MEGRENDELES,KONTENER,RAKOMANYSULY) values ('062602','44','18,5624');
Insert into S_HOZZARENDEL (MEGRENDELES,KONTENER,RAKOMANYSULY) values ('062602','45','18,7419');
Insert into S_HOZZARENDEL (MEGRENDELES,KONTENER,RAKOMANYSULY) values ('062602','46','20,6462');
Insert into S_HOZZARENDEL (MEGRENDELES,KONTENER,RAKOMANYSULY) values ('062602','47','22,622');
Insert into S_HOZZARENDEL (MEGRENDELES,KONTENER,RAKOMANYSULY) values ('062602','48','19,3151');
Insert into S_HOZZARENDEL (MEGRENDELES,KONTENER,RAKOMANYSULY) values ('062602','49','22,5095');
Insert into S_HOZZARENDEL (MEGRENDELES,KONTENER,RAKOMANYSULY) values ('062602','50','22,422');
Insert into S_HOZZARENDEL (MEGRENDELES,KONTENER,RAKOMANYSULY) values ('062602','51','18,2181');
Insert into S_HOZZARENDEL (MEGRENDELES,KONTENER,RAKOMANYSULY) values ('062602','52','21,1097');
Insert into S_HOZZARENDEL (MEGRENDELES,KONTENER,RAKOMANYSULY) values ('062602','53','22,6966');
Insert into S_HOZZARENDEL (MEGRENDELES,KONTENER,RAKOMANYSULY) values ('062602','54','21,4938');
Insert into S_HOZZARENDEL (MEGRENDELES,KONTENER,RAKOMANYSULY) values ('062602','55','19,7777');
Insert into S_HOZZARENDEL (MEGRENDELES,KONTENER,RAKOMANYSULY) values ('062602','56','20,8677');
Insert into S_HOZZARENDEL (MEGRENDELES,KONTENER,RAKOMANYSULY) values ('062602','57','18,0519');
Insert into S_HOZZARENDEL (MEGRENDELES,KONTENER,RAKOMANYSULY) values ('062602','58','21,3624');
Insert into S_HOZZARENDEL (MEGRENDELES,KONTENER,RAKOMANYSULY) values ('062602','59','22,6447');
Insert into S_HOZZARENDEL (MEGRENDELES,KONTENER,RAKOMANYSULY) values ('062602','60','19,0571');
Insert into S_HOZZARENDEL (MEGRENDELES,KONTENER,RAKOMANYSULY) values ('053301','1','21,7436');
Insert into S_HOZZARENDEL (MEGRENDELES,KONTENER,RAKOMANYSULY) values ('053301','2','22,9559');
Insert into S_HOZZARENDEL (MEGRENDELES,KONTENER,RAKOMANYSULY) values ('053301','3','18,2895');
Insert into S_HOZZARENDEL (MEGRENDELES,KONTENER,RAKOMANYSULY) values ('053301','4','20,587');
Insert into S_HOZZARENDEL (MEGRENDELES,KONTENER,RAKOMANYSULY) values ('053301','5','19,2496');
Insert into S_HOZZARENDEL (MEGRENDELES,KONTENER,RAKOMANYSULY) values ('053301','6','20,2756');
Insert into S_HOZZARENDEL (MEGRENDELES,KONTENER,RAKOMANYSULY) values ('053301','7','22,9996');
Insert into S_HOZZARENDEL (MEGRENDELES,KONTENER,RAKOMANYSULY) values ('053301','8','22,1354');
Insert into S_HOZZARENDEL (MEGRENDELES,KONTENER,RAKOMANYSULY) values ('053301','9','21,3391');
Insert into S_HOZZARENDEL (MEGRENDELES,KONTENER,RAKOMANYSULY) values ('053301','10','21,3049');
Insert into S_HOZZARENDEL (MEGRENDELES,KONTENER,RAKOMANYSULY) values ('053301','11','18,5894');
Insert into S_HOZZARENDEL (MEGRENDELES,KONTENER,RAKOMANYSULY) values ('053301','12','20,1953');
Insert into S_HOZZARENDEL (MEGRENDELES,KONTENER,RAKOMANYSULY) values ('053301','13','18,4236');
Insert into S_HOZZARENDEL (MEGRENDELES,KONTENER,RAKOMANYSULY) values ('053301','14','22,2874');
Insert into S_HOZZARENDEL (MEGRENDELES,KONTENER,RAKOMANYSULY) values ('053301','15','21,0016');
Insert into S_HOZZARENDEL (MEGRENDELES,KONTENER,RAKOMANYSULY) values ('053301','16','21,7443');
Insert into S_HOZZARENDEL (MEGRENDELES,KONTENER,RAKOMANYSULY) values ('053301','17','20,7917');
Insert into S_HOZZARENDEL (MEGRENDELES,KONTENER,RAKOMANYSULY) values ('053301','18','22,8601');
Insert into S_HOZZARENDEL (MEGRENDELES,KONTENER,RAKOMANYSULY) values ('053301','19','18,3761');
Insert into S_HOZZARENDEL (MEGRENDELES,KONTENER,RAKOMANYSULY) values ('053301','20','21,7534');
Insert into S_HOZZARENDEL (MEGRENDELES,KONTENER,RAKOMANYSULY) values ('053301','21','21,7352');
Insert into S_HOZZARENDEL (MEGRENDELES,KONTENER,RAKOMANYSULY) values ('053301','22','19,5138');
Insert into S_HOZZARENDEL (MEGRENDELES,KONTENER,RAKOMANYSULY) values ('053301','23','22,9108');
Insert into S_HOZZARENDEL (MEGRENDELES,KONTENER,RAKOMANYSULY) values ('053301','24','21,938');
Insert into S_HOZZARENDEL (MEGRENDELES,KONTENER,RAKOMANYSULY) values ('053301','25','21,5');
Insert into S_HOZZARENDEL (MEGRENDELES,KONTENER,RAKOMANYSULY) values ('053301','26','21,8944');
Insert into S_HOZZARENDEL (MEGRENDELES,KONTENER,RAKOMANYSULY) values ('053301','27','19,3502');
Insert into S_HOZZARENDEL (MEGRENDELES,KONTENER,RAKOMANYSULY) values ('053301','28','22,6453');
Insert into S_HOZZARENDEL (MEGRENDELES,KONTENER,RAKOMANYSULY) values ('053301','29','19,9803');
Insert into S_HOZZARENDEL (MEGRENDELES,KONTENER,RAKOMANYSULY) values ('053301','30','21,6805');
Insert into S_HOZZARENDEL (MEGRENDELES,KONTENER,RAKOMANYSULY) values ('053301','31','18,9494');
Insert into S_HOZZARENDEL (MEGRENDELES,KONTENER,RAKOMANYSULY) values ('053301','32','21,9032');
Insert into S_HOZZARENDEL (MEGRENDELES,KONTENER,RAKOMANYSULY) values ('053301','33','20,8894');
Insert into S_HOZZARENDEL (MEGRENDELES,KONTENER,RAKOMANYSULY) values ('053301','34','21,7062');
Insert into S_HOZZARENDEL (MEGRENDELES,KONTENER,RAKOMANYSULY) values ('053301','35','19,653');
Insert into S_HOZZARENDEL (MEGRENDELES,KONTENER,RAKOMANYSULY) values ('053301','36','20,4123');
Insert into S_HOZZARENDEL (MEGRENDELES,KONTENER,RAKOMANYSULY) values ('053301','37','19,0222');
Insert into S_HOZZARENDEL (MEGRENDELES,KONTENER,RAKOMANYSULY) values ('053301','38','22,1169');
Insert into S_HOZZARENDEL (MEGRENDELES,KONTENER,RAKOMANYSULY) values ('053301','39','22,6978');
Insert into S_HOZZARENDEL (MEGRENDELES,KONTENER,RAKOMANYSULY) values ('053301','40','22,0809');
Insert into S_HOZZARENDEL (MEGRENDELES,KONTENER,RAKOMANYSULY) values ('053301','41','18,9512');
Insert into S_HOZZARENDEL (MEGRENDELES,KONTENER,RAKOMANYSULY) values ('053301','42','21,2114');
Insert into S_HOZZARENDEL (MEGRENDELES,KONTENER,RAKOMANYSULY) values ('053301','43','21,5105');
Insert into S_HOZZARENDEL (MEGRENDELES,KONTENER,RAKOMANYSULY) values ('053301','44','22,9331');
Insert into S_HOZZARENDEL (MEGRENDELES,KONTENER,RAKOMANYSULY) values ('053301','45','19,7094');
Insert into S_HOZZARENDEL (MEGRENDELES,KONTENER,RAKOMANYSULY) values ('053301','46','21,2196');
Insert into S_HOZZARENDEL (MEGRENDELES,KONTENER,RAKOMANYSULY) values ('053301','47','22,854');
Insert into S_HOZZARENDEL (MEGRENDELES,KONTENER,RAKOMANYSULY) values ('053301','48','20,4883');
Insert into S_HOZZARENDEL (MEGRENDELES,KONTENER,RAKOMANYSULY) values ('054202','1','21,3539');
Insert into S_HOZZARENDEL (MEGRENDELES,KONTENER,RAKOMANYSULY) values ('054202','2','20,1538');
Insert into S_HOZZARENDEL (MEGRENDELES,KONTENER,RAKOMANYSULY) values ('054202','3','22,6211');
Insert into S_HOZZARENDEL (MEGRENDELES,KONTENER,RAKOMANYSULY) values ('054202','4','21,7871');
Insert into S_HOZZARENDEL (MEGRENDELES,KONTENER,RAKOMANYSULY) values ('054202','5','22,8761');
Insert into S_HOZZARENDEL (MEGRENDELES,KONTENER,RAKOMANYSULY) values ('054202','6','20,5555');
Insert into S_HOZZARENDEL (MEGRENDELES,KONTENER,RAKOMANYSULY) values ('054202','7','22,9951');
Insert into S_HOZZARENDEL (MEGRENDELES,KONTENER,RAKOMANYSULY) values ('054202','8','20,2435');
Insert into S_HOZZARENDEL (MEGRENDELES,KONTENER,RAKOMANYSULY) values ('054202','9','21,8503');
Insert into S_HOZZARENDEL (MEGRENDELES,KONTENER,RAKOMANYSULY) values ('054202','10','19,6397');
Insert into S_HOZZARENDEL (MEGRENDELES,KONTENER,RAKOMANYSULY) values ('054202','11','18,2323');
Insert into S_HOZZARENDEL (MEGRENDELES,KONTENER,RAKOMANYSULY) values ('054202','12','21,2299');
Insert into S_HOZZARENDEL (MEGRENDELES,KONTENER,RAKOMANYSULY) values ('054202','13','21,9561');
Insert into S_HOZZARENDEL (MEGRENDELES,KONTENER,RAKOMANYSULY) values ('054202','14','21,949');
Insert into S_HOZZARENDEL (MEGRENDELES,KONTENER,RAKOMANYSULY) values ('054202','15','19,0386');
Insert into S_HOZZARENDEL (MEGRENDELES,KONTENER,RAKOMANYSULY) values ('054202','16','22,2284');
Insert into S_HOZZARENDEL (MEGRENDELES,KONTENER,RAKOMANYSULY) values ('054202','17','20,0111');
Insert into S_HOZZARENDEL (MEGRENDELES,KONTENER,RAKOMANYSULY) values ('054202','18','20,2424');
Insert into S_HOZZARENDEL (MEGRENDELES,KONTENER,RAKOMANYSULY) values ('054202','19','22,6077');
Insert into S_HOZZARENDEL (MEGRENDELES,KONTENER,RAKOMANYSULY) values ('054202','20','19,4458');
Insert into S_HOZZARENDEL (MEGRENDELES,KONTENER,RAKOMANYSULY) values ('054202','21','21,4043');
Insert into S_HOZZARENDEL (MEGRENDELES,KONTENER,RAKOMANYSULY) values ('054202','22','18,6993');
Insert into S_HOZZARENDEL (MEGRENDELES,KONTENER,RAKOMANYSULY) values ('054202','23','18,8252');
Insert into S_HOZZARENDEL (MEGRENDELES,KONTENER,RAKOMANYSULY) values ('054202','24','21,7428');
Insert into S_HOZZARENDEL (MEGRENDELES,KONTENER,RAKOMANYSULY) values ('054202','25','21,0714');
Insert into S_HOZZARENDEL (MEGRENDELES,KONTENER,RAKOMANYSULY) values ('054202','26','21,8865');
Insert into S_HOZZARENDEL (MEGRENDELES,KONTENER,RAKOMANYSULY) values ('054202','27','19,6865');
Insert into S_HOZZARENDEL (MEGRENDELES,KONTENER,RAKOMANYSULY) values ('054202','28','21,4446');
Insert into S_HOZZARENDEL (MEGRENDELES,KONTENER,RAKOMANYSULY) values ('054202','29','22,7334');
Insert into S_HOZZARENDEL (MEGRENDELES,KONTENER,RAKOMANYSULY) values ('054202','30','22,7648');
Insert into S_HOZZARENDEL (MEGRENDELES,KONTENER,RAKOMANYSULY) values ('054202','31','19,4263');
Insert into S_HOZZARENDEL (MEGRENDELES,KONTENER,RAKOMANYSULY) values ('054202','32','19,8538');
Insert into S_HOZZARENDEL (MEGRENDELES,KONTENER,RAKOMANYSULY) values ('054202','33','19,0482');
Insert into S_HOZZARENDEL (MEGRENDELES,KONTENER,RAKOMANYSULY) values ('054202','34','18,9713');
Insert into S_HOZZARENDEL (MEGRENDELES,KONTENER,RAKOMANYSULY) values ('054202','36','19,8564');
Insert into S_HOZZARENDEL (MEGRENDELES,KONTENER,RAKOMANYSULY) values ('054202','38','18,9445');
Insert into S_HOZZARENDEL (MEGRENDELES,KONTENER,RAKOMANYSULY) values ('054202','40','22,7397');
Insert into S_HOZZARENDEL (MEGRENDELES,KONTENER,RAKOMANYSULY) values ('053903','2','21,6422');
Insert into S_HOZZARENDEL (MEGRENDELES,KONTENER,RAKOMANYSULY) values ('053903','4','21,0659');
Insert into S_HOZZARENDEL (MEGRENDELES,KONTENER,RAKOMANYSULY) values ('053903','6','21,3094');
Insert into S_HOZZARENDEL (MEGRENDELES,KONTENER,RAKOMANYSULY) values ('053903','8','18,4538');
Insert into S_HOZZARENDEL (MEGRENDELES,KONTENER,RAKOMANYSULY) values ('053903','11','21,1137');
Insert into S_HOZZARENDEL (MEGRENDELES,KONTENER,RAKOMANYSULY) values ('053903','13','18,6792');
Insert into S_HOZZARENDEL (MEGRENDELES,KONTENER,RAKOMANYSULY) values ('053903','15','21,4253');
Insert into S_HOZZARENDEL (MEGRENDELES,KONTENER,RAKOMANYSULY) values ('053903','17','19,3075');
Insert into S_HOZZARENDEL (MEGRENDELES,KONTENER,RAKOMANYSULY) values ('053903','20','18,3203');
Insert into S_HOZZARENDEL (MEGRENDELES,KONTENER,RAKOMANYSULY) values ('053903','22','22,0974');
Insert into S_HOZZARENDEL (MEGRENDELES,KONTENER,RAKOMANYSULY) values ('053903','24','20,611');
Insert into S_HOZZARENDEL (MEGRENDELES,KONTENER,RAKOMANYSULY) values ('053903','26','21,0863');
Insert into S_HOZZARENDEL (MEGRENDELES,KONTENER,RAKOMANYSULY) values ('053903','29','18,1854');
Insert into S_HOZZARENDEL (MEGRENDELES,KONTENER,RAKOMANYSULY) values ('053903','31','18,3571');
Insert into S_HOZZARENDEL (MEGRENDELES,KONTENER,RAKOMANYSULY) values ('053903','33','21,2499');
Insert into S_HOZZARENDEL (MEGRENDELES,KONTENER,RAKOMANYSULY) values ('053903','35','19,4703');
Insert into S_HOZZARENDEL (MEGRENDELES,KONTENER,RAKOMANYSULY) values ('053903','38','22,7051');
Insert into S_HOZZARENDEL (MEGRENDELES,KONTENER,RAKOMANYSULY) values ('053903','40','21,0046');
Insert into S_HOZZARENDEL (MEGRENDELES,KONTENER,RAKOMANYSULY) values ('053903','42','21,5583');
Insert into S_HOZZARENDEL (MEGRENDELES,KONTENER,RAKOMANYSULY) values ('053903','44','21,444');
Insert into S_HOZZARENDEL (MEGRENDELES,KONTENER,RAKOMANYSULY) values ('053903','47','18,0885');
Insert into S_HOZZARENDEL (MEGRENDELES,KONTENER,RAKOMANYSULY) values ('053903','49','21,664');
Insert into S_HOZZARENDEL (MEGRENDELES,KONTENER,RAKOMANYSULY) values ('055101','1','22,5564');
Insert into S_HOZZARENDEL (MEGRENDELES,KONTENER,RAKOMANYSULY) values ('055101','3','21,2441');
Insert into S_HOZZARENDEL (MEGRENDELES,KONTENER,RAKOMANYSULY) values ('063302','1','21,55');
Insert into S_HOZZARENDEL (MEGRENDELES,KONTENER,RAKOMANYSULY) values ('063302','3','21,1703');
Insert into S_HOZZARENDEL (MEGRENDELES,KONTENER,RAKOMANYSULY) values ('063302','5','21,9218');
Insert into S_HOZZARENDEL (MEGRENDELES,KONTENER,RAKOMANYSULY) values ('063302','7','21,3194');
Insert into S_HOZZARENDEL (MEGRENDELES,KONTENER,RAKOMANYSULY) values ('063302','9','22,368');
Insert into S_HOZZARENDEL (MEGRENDELES,KONTENER,RAKOMANYSULY) values ('065101','2','21,3547');
Insert into S_HOZZARENDEL (MEGRENDELES,KONTENER,RAKOMANYSULY) values ('065101','4','21,9363');
Insert into S_HOZZARENDEL (MEGRENDELES,KONTENER,RAKOMANYSULY) values ('065101','6','22,045');
Insert into S_HOZZARENDEL (MEGRENDELES,KONTENER,RAKOMANYSULY) values ('065101','8','21,7899');
Insert into S_HOZZARENDEL (MEGRENDELES,KONTENER,RAKOMANYSULY) values ('073901','1','20,0788');
Insert into S_HOZZARENDEL (MEGRENDELES,KONTENER,RAKOMANYSULY) values ('073901','3','22,987');
Insert into S_HOZZARENDEL (MEGRENDELES,KONTENER,RAKOMANYSULY) values ('073901','5','21,3286');
Insert into S_HOZZARENDEL (MEGRENDELES,KONTENER,RAKOMANYSULY) values ('073901','7','22,7484');
Insert into S_HOZZARENDEL (MEGRENDELES,KONTENER,RAKOMANYSULY) values ('073901','10','21,6063');
Insert into S_HOZZARENDEL (MEGRENDELES,KONTENER,RAKOMANYSULY) values ('073901','12','18,6777');
Insert into S_HOZZARENDEL (MEGRENDELES,KONTENER,RAKOMANYSULY) values ('073901','14','22,5943');
Insert into S_HOZZARENDEL (MEGRENDELES,KONTENER,RAKOMANYSULY) values ('073901','16','21,3576');
Insert into S_HOZZARENDEL (MEGRENDELES,KONTENER,RAKOMANYSULY) values ('073901','19','21,1068');
Insert into S_HOZZARENDEL (MEGRENDELES,KONTENER,RAKOMANYSULY) values ('073901','21','19,8683');
Insert into S_HOZZARENDEL (MEGRENDELES,KONTENER,RAKOMANYSULY) values ('073901','23','21,0071');
Insert into S_HOZZARENDEL (MEGRENDELES,KONTENER,RAKOMANYSULY) values ('073901','25','22,5937');
Insert into S_HOZZARENDEL (MEGRENDELES,KONTENER,RAKOMANYSULY) values ('073901','28','22,6518');
Insert into S_HOZZARENDEL (MEGRENDELES,KONTENER,RAKOMANYSULY) values ('073901','30','21,7278');
Insert into S_HOZZARENDEL (MEGRENDELES,KONTENER,RAKOMANYSULY) values ('073901','32','22,4446');
Insert into S_HOZZARENDEL (MEGRENDELES,KONTENER,RAKOMANYSULY) values ('073901','34','20,6252');
Insert into S_HOZZARENDEL (MEGRENDELES,KONTENER,RAKOMANYSULY) values ('073901','37','19,2808');
Insert into S_HOZZARENDEL (MEGRENDELES,KONTENER,RAKOMANYSULY) values ('073901','39','18,2188');
Insert into S_HOZZARENDEL (MEGRENDELES,KONTENER,RAKOMANYSULY) values ('073901','41','21,8838');
Insert into S_HOZZARENDEL (MEGRENDELES,KONTENER,RAKOMANYSULY) values ('073901','43','21,2593');
Insert into S_HOZZARENDEL (MEGRENDELES,KONTENER,RAKOMANYSULY) values ('073901','46','22,0137');
Insert into S_HOZZARENDEL (MEGRENDELES,KONTENER,RAKOMANYSULY) values ('073901','48','22,2259');
Insert into S_HOZZARENDEL (MEGRENDELES,KONTENER,RAKOMANYSULY) values ('073901','50','21,0573');
Insert into S_HOZZARENDEL (MEGRENDELES,KONTENER,RAKOMANYSULY) values ('052101','2','22,2412');
Insert into S_HOZZARENDEL (MEGRENDELES,KONTENER,RAKOMANYSULY) values ('052101','5','20,0221');
Insert into S_HOZZARENDEL (MEGRENDELES,KONTENER,RAKOMANYSULY) values ('052101','7','20,6061');
Insert into S_HOZZARENDEL (MEGRENDELES,KONTENER,RAKOMANYSULY) values ('052101','9','20,5416');
Insert into S_HOZZARENDEL (MEGRENDELES,KONTENER,RAKOMANYSULY) values ('052101','11','21,28');
Insert into S_HOZZARENDEL (MEGRENDELES,KONTENER,RAKOMANYSULY) values ('052101','13','22,704');
Insert into S_HOZZARENDEL (MEGRENDELES,KONTENER,RAKOMANYSULY) values ('052101','16','18,1608');
Insert into S_HOZZARENDEL (MEGRENDELES,KONTENER,RAKOMANYSULY) values ('052101','18','19,2592');
Insert into S_HOZZARENDEL (MEGRENDELES,KONTENER,RAKOMANYSULY) values ('052101','20','22,6485');
Insert into S_HOZZARENDEL (MEGRENDELES,KONTENER,RAKOMANYSULY) values ('052101','22','21,2959');
Insert into S_HOZZARENDEL (MEGRENDELES,KONTENER,RAKOMANYSULY) values ('052101','25','22,7191');
Insert into S_HOZZARENDEL (MEGRENDELES,KONTENER,RAKOMANYSULY) values ('052101','27','20,1561');
Insert into S_HOZZARENDEL (MEGRENDELES,KONTENER,RAKOMANYSULY) values ('052101','29','18,4837');
Insert into S_HOZZARENDEL (MEGRENDELES,KONTENER,RAKOMANYSULY) values ('052101','31','21,287');
Insert into S_HOZZARENDEL (MEGRENDELES,KONTENER,RAKOMANYSULY) values ('052101','34','22,3861');
Insert into S_HOZZARENDEL (MEGRENDELES,KONTENER,RAKOMANYSULY) values ('043301','1','18,3429');
Insert into S_HOZZARENDEL (MEGRENDELES,KONTENER,RAKOMANYSULY) values ('043301','3','19,2268');
Insert into S_HOZZARENDEL (MEGRENDELES,KONTENER,RAKOMANYSULY) values ('043301','5','19,3883');
Insert into S_HOZZARENDEL (MEGRENDELES,KONTENER,RAKOMANYSULY) values ('043301','8','21,9879');
Insert into S_HOZZARENDEL (MEGRENDELES,KONTENER,RAKOMANYSULY) values ('054503','1','23');
Insert into S_HOZZARENDEL (MEGRENDELES,KONTENER,RAKOMANYSULY) values ('054503','2','20,5');
Insert into S_HOZZARENDEL (MEGRENDELES,KONTENER,RAKOMANYSULY) values ('054503','3','22');
Insert into S_HOZZARENDEL (MEGRENDELES,KONTENER,RAKOMANYSULY) values ('054804','1','22,5');
Insert into S_HOZZARENDEL (MEGRENDELES,KONTENER,RAKOMANYSULY) values ('054804','2','19,4');
Insert into S_HOZZARENDEL (MEGRENDELES,KONTENER,RAKOMANYSULY) values ('054804','3','20,5');
Insert into S_HOZZARENDEL (MEGRENDELES,KONTENER,RAKOMANYSULY) values ('054804','4','21,99');
Insert into S_HOZZARENDEL (MEGRENDELES,KONTENER,RAKOMANYSULY) values ('055005','1','21');
Insert into S_HOZZARENDEL (MEGRENDELES,KONTENER,RAKOMANYSULY) values ('055005','2','19,6');
Insert into S_HOZZARENDEL (MEGRENDELES,KONTENER,RAKOMANYSULY) values ('055005','3','12');
Insert into S_HOZZARENDEL (MEGRENDELES,KONTENER,RAKOMANYSULY) values ('055005','4','10,567');
Insert into S_HOZZARENDEL (MEGRENDELES,KONTENER,RAKOMANYSULY) values ('054506','1','12,2');
Insert into S_HOZZARENDEL (MEGRENDELES,KONTENER,RAKOMANYSULY) values ('054506','2','10');
Insert into S_HOZZARENDEL (MEGRENDELES,KONTENER,RAKOMANYSULY) values ('053207','1','12,3');
Insert into S_HOZZARENDEL (MEGRENDELES,KONTENER,RAKOMANYSULY) values ('053207','2','23');
Insert into S_HOZZARENDEL (MEGRENDELES,KONTENER,RAKOMANYSULY) values ('053207','3','22,5');
Insert into S_HOZZARENDEL (MEGRENDELES,KONTENER,RAKOMANYSULY) values ('053207','4','15,6');
Insert into S_HOZZARENDEL (MEGRENDELES,KONTENER,RAKOMANYSULY) values ('053207','5','9,845');
Insert into S_HOZZARENDEL (MEGRENDELES,KONTENER,RAKOMANYSULY) values ('054708','1','17,6');
Insert into S_HOZZARENDEL (MEGRENDELES,KONTENER,RAKOMANYSULY) values ('054708','2','13,45');
Insert into S_HOZZARENDEL (MEGRENDELES,KONTENER,RAKOMANYSULY) values ('054708','3','18');
Insert into S_HOZZARENDEL (MEGRENDELES,KONTENER,RAKOMANYSULY) values ('054708','4','19,8');
Insert into S_HOZZARENDEL (MEGRENDELES,KONTENER,RAKOMANYSULY) values ('054708','5','11,2376');
Insert into S_HOZZARENDEL (MEGRENDELES,KONTENER,RAKOMANYSULY) values ('041201','10','20');
Insert into S_HOZZARENDEL (MEGRENDELES,KONTENER,RAKOMANYSULY) values ('041201','11','18');
Insert into S_HOZZARENDEL (MEGRENDELES,KONTENER,RAKOMANYSULY) values ('041201','12','22');
Insert into S_HOZZARENDEL (MEGRENDELES,KONTENER,RAKOMANYSULY) values ('041201','13','16');
Insert into S_HOZZARENDEL (MEGRENDELES,KONTENER,RAKOMANYSULY) values ('041201','14','19');
Insert into S_HOZZARENDEL (MEGRENDELES,KONTENER,RAKOMANYSULY) values ('044901','15','20,2');
Insert into S_HOZZARENDEL (MEGRENDELES,KONTENER,RAKOMANYSULY) values ('044901','16','18,3');
Insert into S_HOZZARENDEL (MEGRENDELES,KONTENER,RAKOMANYSULY) values ('044901','17','23');
Insert into S_HOZZARENDEL (MEGRENDELES,KONTENER,RAKOMANYSULY) values ('044901','18','18,4');
Insert into S_HOZZARENDEL (MEGRENDELES,KONTENER,RAKOMANYSULY) values ('055603','1','22,9227');
Insert into S_HOZZARENDEL (MEGRENDELES,KONTENER,RAKOMANYSULY) values ('055603','2','22,4016');
Insert into S_HOZZARENDEL (MEGRENDELES,KONTENER,RAKOMANYSULY) values ('055603','3','21,1153');
Insert into S_HOZZARENDEL (MEGRENDELES,KONTENER,RAKOMANYSULY) values ('055603','4','22,7941');
Insert into S_HOZZARENDEL (MEGRENDELES,KONTENER,RAKOMANYSULY) values ('055603','5','18,8156');
Insert into S_HOZZARENDEL (MEGRENDELES,KONTENER,RAKOMANYSULY) values ('055603','6','21,6056');
Insert into S_HOZZARENDEL (MEGRENDELES,KONTENER,RAKOMANYSULY) values ('055603','7','20,9103');
Insert into S_HOZZARENDEL (MEGRENDELES,KONTENER,RAKOMANYSULY) values ('055603','8','21,6622');
Insert into S_HOZZARENDEL (MEGRENDELES,KONTENER,RAKOMANYSULY) values ('055603','9','20,4213');
Insert into S_HOZZARENDEL (MEGRENDELES,KONTENER,RAKOMANYSULY) values ('066201','1','20,5218');
Insert into S_HOZZARENDEL (MEGRENDELES,KONTENER,RAKOMANYSULY) values ('066201','2','20,6186');
Insert into S_HOZZARENDEL (MEGRENDELES,KONTENER,RAKOMANYSULY) values ('066201','3','22,4235');
Insert into S_HOZZARENDEL (MEGRENDELES,KONTENER,RAKOMANYSULY) values ('066201','4','22,1367');
Insert into S_HOZZARENDEL (MEGRENDELES,KONTENER,RAKOMANYSULY) values ('066201','5','22,5068');
Insert into S_HOZZARENDEL (MEGRENDELES,KONTENER,RAKOMANYSULY) values ('066201','6','22,0883');
Insert into S_HOZZARENDEL (MEGRENDELES,KONTENER,RAKOMANYSULY) values ('041202','1','21,9883');
Insert into S_HOZZARENDEL (MEGRENDELES,KONTENER,RAKOMANYSULY) values ('041202','2','20,5059');
Insert into S_HOZZARENDEL (MEGRENDELES,KONTENER,RAKOMANYSULY) values ('041202','3','21,2268');
Insert into S_HOZZARENDEL (MEGRENDELES,KONTENER,RAKOMANYSULY) values ('041202','4','18,8931');
Insert into S_HOZZARENDEL (MEGRENDELES,KONTENER,RAKOMANYSULY) values ('041202','5','21,6716');
Insert into S_HOZZARENDEL (MEGRENDELES,KONTENER,RAKOMANYSULY) values ('041202','6','22,4346');
Insert into S_HOZZARENDEL (MEGRENDELES,KONTENER,RAKOMANYSULY) values ('041202','7','21,1686');
Insert into S_HOZZARENDEL (MEGRENDELES,KONTENER,RAKOMANYSULY) values ('041202','8','22,2768');
Insert into S_HOZZARENDEL (MEGRENDELES,KONTENER,RAKOMANYSULY) values ('055601','1','21,412');
Insert into S_HOZZARENDEL (MEGRENDELES,KONTENER,RAKOMANYSULY) values ('055601','2','21,821');
Insert into S_HOZZARENDEL (MEGRENDELES,KONTENER,RAKOMANYSULY) values ('055601','3','21,2769');
Insert into S_HOZZARENDEL (MEGRENDELES,KONTENER,RAKOMANYSULY) values ('055601','4','21,9771');
Insert into S_HOZZARENDEL (MEGRENDELES,KONTENER,RAKOMANYSULY) values ('055601','5','19,5491');
Insert into S_HOZZARENDEL (MEGRENDELES,KONTENER,RAKOMANYSULY) values ('055601','6','21,2173');
Insert into S_HOZZARENDEL (MEGRENDELES,KONTENER,RAKOMANYSULY) values ('055601','7','21,82');
Insert into S_HOZZARENDEL (MEGRENDELES,KONTENER,RAKOMANYSULY) values ('055601','8','19,5009');
Insert into S_HOZZARENDEL (MEGRENDELES,KONTENER,RAKOMANYSULY) values ('063502','1','22,5712');
Insert into S_HOZZARENDEL (MEGRENDELES,KONTENER,RAKOMANYSULY) values ('063502','2','21,1106');
Insert into S_HOZZARENDEL (MEGRENDELES,KONTENER,RAKOMANYSULY) values ('063502','3','21,4112');
Insert into S_HOZZARENDEL (MEGRENDELES,KONTENER,RAKOMANYSULY) values ('063502','4','21,452');
Insert into S_HOZZARENDEL (MEGRENDELES,KONTENER,RAKOMANYSULY) values ('063502','5','20,1817');
Insert into S_HOZZARENDEL (MEGRENDELES,KONTENER,RAKOMANYSULY) values ('063502','6','21,3247');
Insert into S_HOZZARENDEL (MEGRENDELES,KONTENER,RAKOMANYSULY) values ('063502','7','21,1759');
Insert into S_HOZZARENDEL (MEGRENDELES,KONTENER,RAKOMANYSULY) values ('063502','8','18,8183');
Insert into S_HOZZARENDEL (MEGRENDELES,KONTENER,RAKOMANYSULY) values ('063502','9','20,1406');
Insert into S_HOZZARENDEL (MEGRENDELES,KONTENER,RAKOMANYSULY) values ('063502','10','21,0055');
Insert into S_HOZZARENDEL (MEGRENDELES,KONTENER,RAKOMANYSULY) values ('063502','11','22,1729');
Insert into S_HOZZARENDEL (MEGRENDELES,KONTENER,RAKOMANYSULY) values ('063502','12','22,7105');
Insert into S_HOZZARENDEL (MEGRENDELES,KONTENER,RAKOMANYSULY) values ('063702','1','20,6878');
Insert into S_HOZZARENDEL (MEGRENDELES,KONTENER,RAKOMANYSULY) values ('063702','2','19,3998');
Insert into S_HOZZARENDEL (MEGRENDELES,KONTENER,RAKOMANYSULY) values ('063702','3','19,4744');
Insert into S_HOZZARENDEL (MEGRENDELES,KONTENER,RAKOMANYSULY) values ('063702','4','22,985');
Insert into S_HOZZARENDEL (MEGRENDELES,KONTENER,RAKOMANYSULY) values ('063702','5','20,8487');
Insert into S_HOZZARENDEL (MEGRENDELES,KONTENER,RAKOMANYSULY) values ('063702','6','20,3439');
Insert into S_HOZZARENDEL (MEGRENDELES,KONTENER,RAKOMANYSULY) values ('063702','7','20,1199');
Insert into S_HOZZARENDEL (MEGRENDELES,KONTENER,RAKOMANYSULY) values ('063702','8','21,4172');
Insert into S_HOZZARENDEL (MEGRENDELES,KONTENER,RAKOMANYSULY) values ('063702','9','21,8229');
Insert into S_HOZZARENDEL (MEGRENDELES,KONTENER,RAKOMANYSULY) values ('063702','10','18,8296');
Insert into S_HOZZARENDEL (MEGRENDELES,KONTENER,RAKOMANYSULY) values ('063702','11','21,8376');
Insert into S_HOZZARENDEL (MEGRENDELES,KONTENER,RAKOMANYSULY) values ('063702','12','20,3999');
Insert into S_HOZZARENDEL (MEGRENDELES,KONTENER,RAKOMANYSULY) values ('063702','13','21,7437');
Insert into S_HOZZARENDEL (MEGRENDELES,KONTENER,RAKOMANYSULY) values ('063702','14','18,6785');
Insert into S_HOZZARENDEL (MEGRENDELES,KONTENER,RAKOMANYSULY) values ('063702','15','20,0924');
Insert into S_HOZZARENDEL (MEGRENDELES,KONTENER,RAKOMANYSULY) values ('063702','16','22,3432');
Insert into S_HOZZARENDEL (MEGRENDELES,KONTENER,RAKOMANYSULY) values ('063702','17','22,0328');
Insert into S_HOZZARENDEL (MEGRENDELES,KONTENER,RAKOMANYSULY) values ('063702','18','22,4256');
Insert into S_HOZZARENDEL (MEGRENDELES,KONTENER,RAKOMANYSULY) values ('063702','19','22,4112');
Insert into S_HOZZARENDEL (MEGRENDELES,KONTENER,RAKOMANYSULY) values ('063702','20','21,2335');
Insert into S_HOZZARENDEL (MEGRENDELES,KONTENER,RAKOMANYSULY) values ('063702','21','18,5319');
Insert into S_HOZZARENDEL (MEGRENDELES,KONTENER,RAKOMANYSULY) values ('063702','22','21,933');
Insert into S_HOZZARENDEL (MEGRENDELES,KONTENER,RAKOMANYSULY) values ('063702','23','19,0705');
Insert into S_HOZZARENDEL (MEGRENDELES,KONTENER,RAKOMANYSULY) values ('063702','24','19,6051');
Insert into S_HOZZARENDEL (MEGRENDELES,KONTENER,RAKOMANYSULY) values ('063702','25','22,4614');
Insert into S_HOZZARENDEL (MEGRENDELES,KONTENER,RAKOMANYSULY) values ('063702','26','22,6827');
Insert into S_HOZZARENDEL (MEGRENDELES,KONTENER,RAKOMANYSULY) values ('063702','27','22,9066');
Insert into S_HOZZARENDEL (MEGRENDELES,KONTENER,RAKOMANYSULY) values ('063702','28','22,1289');
Insert into S_HOZZARENDEL (MEGRENDELES,KONTENER,RAKOMANYSULY) values ('063702','29','21,5114');
Insert into S_HOZZARENDEL (MEGRENDELES,KONTENER,RAKOMANYSULY) values ('063702','30','18,3998');
Insert into S_HOZZARENDEL (MEGRENDELES,KONTENER,RAKOMANYSULY) values ('063702','31','21,6036');
Insert into S_HOZZARENDEL (MEGRENDELES,KONTENER,RAKOMANYSULY) values ('063702','32','19,3593');
Insert into S_HOZZARENDEL (MEGRENDELES,KONTENER,RAKOMANYSULY) values ('063702','33','21,8344');
Insert into S_HOZZARENDEL (MEGRENDELES,KONTENER,RAKOMANYSULY) values ('063702','34','22,643');
Insert into S_HOZZARENDEL (MEGRENDELES,KONTENER,RAKOMANYSULY) values ('063702','35','22,2618');
Insert into S_HOZZARENDEL (MEGRENDELES,KONTENER,RAKOMANYSULY) values ('063702','36','22,2607');
Insert into S_HOZZARENDEL (MEGRENDELES,KONTENER,RAKOMANYSULY) values ('063702','37','19,1648');
Insert into S_HOZZARENDEL (MEGRENDELES,KONTENER,RAKOMANYSULY) values ('063702','38','21,3968');
Insert into S_HOZZARENDEL (MEGRENDELES,KONTENER,RAKOMANYSULY) values ('063702','39','18,3944');
Insert into S_HOZZARENDEL (MEGRENDELES,KONTENER,RAKOMANYSULY) values ('063702','40','18,372');
Insert into S_HOZZARENDEL (MEGRENDELES,KONTENER,RAKOMANYSULY) values ('063702','41','22,0469');
Insert into S_HOZZARENDEL (MEGRENDELES,KONTENER,RAKOMANYSULY) values ('063702','42','20,6576');
Insert into S_HOZZARENDEL (MEGRENDELES,KONTENER,RAKOMANYSULY) values ('063702','43','21,9008');
Insert into S_HOZZARENDEL (MEGRENDELES,KONTENER,RAKOMANYSULY) values ('063702','44','21,315');
Insert into S_HOZZARENDEL (MEGRENDELES,KONTENER,RAKOMANYSULY) values ('063702','45','21,7891');
Insert into S_HOZZARENDEL (MEGRENDELES,KONTENER,RAKOMANYSULY) values ('063702','46','21,5036');
Insert into S_HOZZARENDEL (MEGRENDELES,KONTENER,RAKOMANYSULY) values ('063702','47','22,7952');
Insert into S_HOZZARENDEL (MEGRENDELES,KONTENER,RAKOMANYSULY) values ('063702','48','19,2145');
Insert into S_HOZZARENDEL (MEGRENDELES,KONTENER,RAKOMANYSULY) values ('063702','49','20,7504');
Insert into S_HOZZARENDEL (MEGRENDELES,KONTENER,RAKOMANYSULY) values ('053502','1','20,5871');
Insert into S_HOZZARENDEL (MEGRENDELES,KONTENER,RAKOMANYSULY) values ('053502','2','22,0518');
Insert into S_HOZZARENDEL (MEGRENDELES,KONTENER,RAKOMANYSULY) values ('053502','3','20,6725');
Insert into S_HOZZARENDEL (MEGRENDELES,KONTENER,RAKOMANYSULY) values ('053502','4','19,9386');
Insert into S_HOZZARENDEL (MEGRENDELES,KONTENER,RAKOMANYSULY) values ('053502','5','21,2434');
Insert into S_HOZZARENDEL (MEGRENDELES,KONTENER,RAKOMANYSULY) values ('053502','6','22,3156');
Insert into S_HOZZARENDEL (MEGRENDELES,KONTENER,RAKOMANYSULY) values ('053502','7','18,1492');
Insert into S_HOZZARENDEL (MEGRENDELES,KONTENER,RAKOMANYSULY) values ('053502','8','22,0825');
Insert into S_HOZZARENDEL (MEGRENDELES,KONTENER,RAKOMANYSULY) values ('053502','9','22,381');
Insert into S_HOZZARENDEL (MEGRENDELES,KONTENER,RAKOMANYSULY) values ('053502','10','22,1139');
Insert into S_HOZZARENDEL (MEGRENDELES,KONTENER,RAKOMANYSULY) values ('053502','11','19,3601');
Insert into S_HOZZARENDEL (MEGRENDELES,KONTENER,RAKOMANYSULY) values ('053502','12','20,7436');
Insert into S_HOZZARENDEL (MEGRENDELES,KONTENER,RAKOMANYSULY) values ('053502','13','18,7235');
Insert into S_HOZZARENDEL (MEGRENDELES,KONTENER,RAKOMANYSULY) values ('053401','1','22,7766');
Insert into S_HOZZARENDEL (MEGRENDELES,KONTENER,RAKOMANYSULY) values ('053401','2','22,6573');
Insert into S_HOZZARENDEL (MEGRENDELES,KONTENER,RAKOMANYSULY) values ('053401','3','18,4726');
Insert into S_HOZZARENDEL (MEGRENDELES,KONTENER,RAKOMANYSULY) values ('053401','4','21,0993');
Insert into S_HOZZARENDEL (MEGRENDELES,KONTENER,RAKOMANYSULY) values ('053401','5','19,6606');
Insert into S_HOZZARENDEL (MEGRENDELES,KONTENER,RAKOMANYSULY) values ('053401','6','22,9086');
Insert into S_HOZZARENDEL (MEGRENDELES,KONTENER,RAKOMANYSULY) values ('053401','7','22,0754');
Insert into S_HOZZARENDEL (MEGRENDELES,KONTENER,RAKOMANYSULY) values ('053401','8','20,4868');
Insert into S_HOZZARENDEL (MEGRENDELES,KONTENER,RAKOMANYSULY) values ('053401','9','22,7152');
Insert into S_HOZZARENDEL (MEGRENDELES,KONTENER,RAKOMANYSULY) values ('053401','10','21,0797');
Insert into S_HOZZARENDEL (MEGRENDELES,KONTENER,RAKOMANYSULY) values ('053401','11','18,0832');
Insert into S_HOZZARENDEL (MEGRENDELES,KONTENER,RAKOMANYSULY) values ('053401','12','19,312');
Insert into S_HOZZARENDEL (MEGRENDELES,KONTENER,RAKOMANYSULY) values ('053401','13','21,5484');
Insert into S_HOZZARENDEL (MEGRENDELES,KONTENER,RAKOMANYSULY) values ('053401','14','22,321');
Insert into S_HOZZARENDEL (MEGRENDELES,KONTENER,RAKOMANYSULY) values ('053401','15','22,4366');
Insert into S_HOZZARENDEL (MEGRENDELES,KONTENER,RAKOMANYSULY) values ('053401','16','21,8657');
Insert into S_HOZZARENDEL (MEGRENDELES,KONTENER,RAKOMANYSULY) values ('053401','17','20,8196');
Insert into S_HOZZARENDEL (MEGRENDELES,KONTENER,RAKOMANYSULY) values ('053401','18','18,2117');
Insert into S_HOZZARENDEL (MEGRENDELES,KONTENER,RAKOMANYSULY) values ('053401','19','18,2698');
Insert into S_HOZZARENDEL (MEGRENDELES,KONTENER,RAKOMANYSULY) values ('053401','20','21,9584');
Insert into S_HOZZARENDEL (MEGRENDELES,KONTENER,RAKOMANYSULY) values ('053401','21','19,8014');
Insert into S_HOZZARENDEL (MEGRENDELES,KONTENER,RAKOMANYSULY) values ('053401','22','18,45');
Insert into S_HOZZARENDEL (MEGRENDELES,KONTENER,RAKOMANYSULY) values ('053401','23','21,6432');
Insert into S_HOZZARENDEL (MEGRENDELES,KONTENER,RAKOMANYSULY) values ('053401','24','22,9192');
Insert into S_HOZZARENDEL (MEGRENDELES,KONTENER,RAKOMANYSULY) values ('053401','25','19,5085');
Insert into S_HOZZARENDEL (MEGRENDELES,KONTENER,RAKOMANYSULY) values ('053401','26','22,9168');
Insert into S_HOZZARENDEL (MEGRENDELES,KONTENER,RAKOMANYSULY) values ('053401','27','22,024');
Insert into S_HOZZARENDEL (MEGRENDELES,KONTENER,RAKOMANYSULY) values ('053401','28','21,3757');
Insert into S_HOZZARENDEL (MEGRENDELES,KONTENER,RAKOMANYSULY) values ('053401','29','18,6208');
Insert into S_HOZZARENDEL (MEGRENDELES,KONTENER,RAKOMANYSULY) values ('053401','30','21,9084');
Insert into S_HOZZARENDEL (MEGRENDELES,KONTENER,RAKOMANYSULY) values ('053401','31','22,1203');
Insert into S_HOZZARENDEL (MEGRENDELES,KONTENER,RAKOMANYSULY) values ('053401','32','21,1709');
Insert into S_HOZZARENDEL (MEGRENDELES,KONTENER,RAKOMANYSULY) values ('053401','33','21,0293');
Insert into S_HOZZARENDEL (MEGRENDELES,KONTENER,RAKOMANYSULY) values ('053401','34','22,5195');
Insert into S_HOZZARENDEL (MEGRENDELES,KONTENER,RAKOMANYSULY) values ('053401','35','21,7569');
Insert into S_HOZZARENDEL (MEGRENDELES,KONTENER,RAKOMANYSULY) values ('053401','36','21,5614');
Insert into S_HOZZARENDEL (MEGRENDELES,KONTENER,RAKOMANYSULY) values ('053401','37','21,2235');
Insert into S_HOZZARENDEL (MEGRENDELES,KONTENER,RAKOMANYSULY) values ('053401','38','22,8645');
Insert into S_HOZZARENDEL (MEGRENDELES,KONTENER,RAKOMANYSULY) values ('053401','39','18,9904');
Insert into S_HOZZARENDEL (MEGRENDELES,KONTENER,RAKOMANYSULY) values ('053401','40','22,5104');
Insert into S_HOZZARENDEL (MEGRENDELES,KONTENER,RAKOMANYSULY) values ('053401','41','22,2942');
Insert into S_HOZZARENDEL (MEGRENDELES,KONTENER,RAKOMANYSULY) values ('053401','42','20,8336');
Insert into S_HOZZARENDEL (MEGRENDELES,KONTENER,RAKOMANYSULY) values ('053401','43','21,8991');
Insert into S_HOZZARENDEL (MEGRENDELES,KONTENER,RAKOMANYSULY) values ('053401','44','20,6002');
Insert into S_HOZZARENDEL (MEGRENDELES,KONTENER,RAKOMANYSULY) values ('053401','45','19,9935');
Insert into S_HOZZARENDEL (MEGRENDELES,KONTENER,RAKOMANYSULY) values ('053401','46','22,3752');
Insert into S_HOZZARENDEL (MEGRENDELES,KONTENER,RAKOMANYSULY) values ('055602','1','22,1091');
Insert into S_HOZZARENDEL (MEGRENDELES,KONTENER,RAKOMANYSULY) values ('055602','2','20,1352');
Insert into S_HOZZARENDEL (MEGRENDELES,KONTENER,RAKOMANYSULY) values ('055602','3','18,3609');
Insert into S_HOZZARENDEL (MEGRENDELES,KONTENER,RAKOMANYSULY) values ('055602','4','22,3522');
Insert into S_HOZZARENDEL (MEGRENDELES,KONTENER,RAKOMANYSULY) values ('055602','5','21,3394');
Insert into S_HOZZARENDEL (MEGRENDELES,KONTENER,RAKOMANYSULY) values ('055602','6','18,9153');
Insert into S_HOZZARENDEL (MEGRENDELES,KONTENER,RAKOMANYSULY) values ('055602','7','19,8101');
Insert into S_HOZZARENDEL (MEGRENDELES,KONTENER,RAKOMANYSULY) values ('055602','8','19,3868');
Insert into S_HOZZARENDEL (MEGRENDELES,KONTENER,RAKOMANYSULY) values ('055602','9','21,6426');
Insert into S_HOZZARENDEL (MEGRENDELES,KONTENER,RAKOMANYSULY) values ('055602','10','22,2851');
Insert into S_HOZZARENDEL (MEGRENDELES,KONTENER,RAKOMANYSULY) values ('054201','1','20,5741');
Insert into S_HOZZARENDEL (MEGRENDELES,KONTENER,RAKOMANYSULY) values ('054201','2','22,4966');
Insert into S_HOZZARENDEL (MEGRENDELES,KONTENER,RAKOMANYSULY) values ('054201','4','20,2814');
Insert into S_HOZZARENDEL (MEGRENDELES,KONTENER,RAKOMANYSULY) values ('054201','6','21,1957');
Insert into S_HOZZARENDEL (MEGRENDELES,KONTENER,RAKOMANYSULY) values ('054201','9','22,5993');
Insert into S_HOZZARENDEL (MEGRENDELES,KONTENER,RAKOMANYSULY) values ('054201','11','22,8734');
Insert into S_HOZZARENDEL (MEGRENDELES,KONTENER,RAKOMANYSULY) values ('054201','13','22,1855');
Insert into S_HOZZARENDEL (MEGRENDELES,KONTENER,RAKOMANYSULY) values ('054201','15','21,3761');
Insert into S_HOZZARENDEL (MEGRENDELES,KONTENER,RAKOMANYSULY) values ('054201','18','22,1689');
Insert into S_HOZZARENDEL (MEGRENDELES,KONTENER,RAKOMANYSULY) values ('054201','20','21,7948');
Insert into S_HOZZARENDEL (MEGRENDELES,KONTENER,RAKOMANYSULY) values ('054201','22','20,7523');
Insert into S_HOZZARENDEL (MEGRENDELES,KONTENER,RAKOMANYSULY) values ('054201','24','19,8694');
Insert into S_HOZZARENDEL (MEGRENDELES,KONTENER,RAKOMANYSULY) values ('054201','27','22,2909');
Insert into S_HOZZARENDEL (MEGRENDELES,KONTENER,RAKOMANYSULY) values ('054201','29','21,2953');
Insert into S_HOZZARENDEL (MEGRENDELES,KONTENER,RAKOMANYSULY) values ('054201','31','22,456');
Insert into S_HOZZARENDEL (MEGRENDELES,KONTENER,RAKOMANYSULY) values ('054201','33','22,0161');
Insert into S_HOZZARENDEL (MEGRENDELES,KONTENER,RAKOMANYSULY) values ('054201','36','20,0405');
Insert into S_HOZZARENDEL (MEGRENDELES,KONTENER,RAKOMANYSULY) values ('054201','38','19,6481');
Insert into S_HOZZARENDEL (MEGRENDELES,KONTENER,RAKOMANYSULY) values ('054201','40','21,8935');
Insert into S_HOZZARENDEL (MEGRENDELES,KONTENER,RAKOMANYSULY) values ('054201','42','21,7725');
Insert into S_HOZZARENDEL (MEGRENDELES,KONTENER,RAKOMANYSULY) values ('054201','45','22,8022');
Insert into S_HOZZARENDEL (MEGRENDELES,KONTENER,RAKOMANYSULY) values ('054201','47','22,2491');
Insert into S_HOZZARENDEL (MEGRENDELES,KONTENER,RAKOMANYSULY) values ('052402','2','21,5211');
Insert into S_HOZZARENDEL (MEGRENDELES,KONTENER,RAKOMANYSULY) values ('052402','4','22,7101');
Insert into S_HOZZARENDEL (MEGRENDELES,KONTENER,RAKOMANYSULY) values ('052402','7','21,697');
Insert into S_HOZZARENDEL (MEGRENDELES,KONTENER,RAKOMANYSULY) values ('052402','9','22,8432');
Insert into S_HOZZARENDEL (MEGRENDELES,KONTENER,RAKOMANYSULY) values ('065601','1','18,7659');
Insert into S_HOZZARENDEL (MEGRENDELES,KONTENER,RAKOMANYSULY) values ('065601','3','20,1123');
Insert into S_HOZZARENDEL (MEGRENDELES,KONTENER,RAKOMANYSULY) values ('065601','6','21,348');
Insert into S_HOZZARENDEL (MEGRENDELES,KONTENER,RAKOMANYSULY) values ('065601','8','22,0721');
Insert into S_HOZZARENDEL (MEGRENDELES,KONTENER,RAKOMANYSULY) values ('065601','10','21,8125');
Insert into S_HOZZARENDEL (MEGRENDELES,KONTENER,RAKOMANYSULY) values ('065601','12','18,0752');
Insert into S_HOZZARENDEL (MEGRENDELES,KONTENER,RAKOMANYSULY) values ('065601','15','22,7191');
Insert into S_HOZZARENDEL (MEGRENDELES,KONTENER,RAKOMANYSULY) values ('065601','17','21,9308');
Insert into S_HOZZARENDEL (MEGRENDELES,KONTENER,RAKOMANYSULY) values ('065601','19','22,6274');
Insert into S_HOZZARENDEL (MEGRENDELES,KONTENER,RAKOMANYSULY) values ('065601','21','22,3035');
Insert into S_HOZZARENDEL (MEGRENDELES,KONTENER,RAKOMANYSULY) values ('065601','24','21,2614');
Insert into S_HOZZARENDEL (MEGRENDELES,KONTENER,RAKOMANYSULY) values ('065601','26','22,0661');
Insert into S_HOZZARENDEL (MEGRENDELES,KONTENER,RAKOMANYSULY) values ('065601','28','21,4599');
Insert into S_HOZZARENDEL (MEGRENDELES,KONTENER,RAKOMANYSULY) values ('065601','30','18,4467');
Insert into S_HOZZARENDEL (MEGRENDELES,KONTENER,RAKOMANYSULY) values ('065601','33','21,555');
Insert into S_HOZZARENDEL (MEGRENDELES,KONTENER,RAKOMANYSULY) values ('065601','35','22,0187');
Insert into S_HOZZARENDEL (MEGRENDELES,KONTENER,RAKOMANYSULY) values ('065601','37','18,603');
Insert into S_HOZZARENDEL (MEGRENDELES,KONTENER,RAKOMANYSULY) values ('065601','39','18,7458');
Insert into S_HOZZARENDEL (MEGRENDELES,KONTENER,RAKOMANYSULY) values ('065601','42','22,4246');
Insert into S_HOZZARENDEL (MEGRENDELES,KONTENER,RAKOMANYSULY) values ('065601','44','22,1163');
Insert into S_HOZZARENDEL (MEGRENDELES,KONTENER,RAKOMANYSULY) values ('065601','46','19,1254');
Insert into S_HOZZARENDEL (MEGRENDELES,KONTENER,RAKOMANYSULY) values ('065601','48','22,8288');
Insert into S_HOZZARENDEL (MEGRENDELES,KONTENER,RAKOMANYSULY) values ('065601','51','18,3767');
Insert into S_HOZZARENDEL (MEGRENDELES,KONTENER,RAKOMANYSULY) values ('065601','53','22,4301');
Insert into S_HOZZARENDEL (MEGRENDELES,KONTENER,RAKOMANYSULY) values ('065601','55','18,1214');
Insert into S_HOZZARENDEL (MEGRENDELES,KONTENER,RAKOMANYSULY) values ('065601','57','19,7784');
Insert into S_HOZZARENDEL (MEGRENDELES,KONTENER,RAKOMANYSULY) values ('065601','60','21,7242');
Insert into S_HOZZARENDEL (MEGRENDELES,KONTENER,RAKOMANYSULY) values ('065601','62','22,4915');
Insert into S_HOZZARENDEL (MEGRENDELES,KONTENER,RAKOMANYSULY) values ('065601','64','22,2711');
Insert into S_HOZZARENDEL (MEGRENDELES,KONTENER,RAKOMANYSULY) values ('065601','66','22,2644');
Insert into S_HOZZARENDEL (MEGRENDELES,KONTENER,RAKOMANYSULY) values ('065601','69','22,5163');
Insert into S_HOZZARENDEL (MEGRENDELES,KONTENER,RAKOMANYSULY) values ('065601','71','21,43');
Insert into S_HOZZARENDEL (MEGRENDELES,KONTENER,RAKOMANYSULY) values ('065601','73','20,3984');
Insert into S_HOZZARENDEL (MEGRENDELES,KONTENER,RAKOMANYSULY) values ('065601','75','20,3539');
Insert into S_HOZZARENDEL (MEGRENDELES,KONTENER,RAKOMANYSULY) values ('065601','77','22,401');
Insert into S_HOZZARENDEL (MEGRENDELES,KONTENER,RAKOMANYSULY) values ('065601','80','22,685');
Insert into S_HOZZARENDEL (MEGRENDELES,KONTENER,RAKOMANYSULY) values ('065601','82','20,8111');
Insert into S_HOZZARENDEL (MEGRENDELES,KONTENER,RAKOMANYSULY) values ('065601','84','21,0406');
Insert into S_HOZZARENDEL (MEGRENDELES,KONTENER,RAKOMANYSULY) values ('065601','86','18,9976');
Insert into S_HOZZARENDEL (MEGRENDELES,KONTENER,RAKOMANYSULY) values ('065601','89','19,6994');
Insert into S_HOZZARENDEL (MEGRENDELES,KONTENER,RAKOMANYSULY) values ('065601','91','21,486');
Insert into S_HOZZARENDEL (MEGRENDELES,KONTENER,RAKOMANYSULY) values ('065601','93','21,0004');
Insert into S_HOZZARENDEL (MEGRENDELES,KONTENER,RAKOMANYSULY) values ('065601','95','21,7597');
Insert into S_HOZZARENDEL (MEGRENDELES,KONTENER,RAKOMANYSULY) values ('065601','98','22,7145');
Insert into S_HOZZARENDEL (MEGRENDELES,KONTENER,RAKOMANYSULY) values ('065601','100','20,7727');
Insert into S_HOZZARENDEL (MEGRENDELES,KONTENER,RAKOMANYSULY) values ('065601','102','20,8925');
Insert into S_HOZZARENDEL (MEGRENDELES,KONTENER,RAKOMANYSULY) values ('065601','104','21,0823');
Insert into S_HOZZARENDEL (MEGRENDELES,KONTENER,RAKOMANYSULY) values ('065601','106','20,7305');
Insert into S_HOZZARENDEL (MEGRENDELES,KONTENER,RAKOMANYSULY) values ('065601','108','21,8312');
Insert into S_HOZZARENDEL (MEGRENDELES,KONTENER,RAKOMANYSULY) values ('065601','110','21,2115');
Insert into S_HOZZARENDEL (MEGRENDELES,KONTENER,RAKOMANYSULY) values ('060402','2','21,1071');
Insert into S_HOZZARENDEL (MEGRENDELES,KONTENER,RAKOMANYSULY) values ('060402','4','21,8789');
Insert into S_HOZZARENDEL (MEGRENDELES,KONTENER,RAKOMANYSULY) values ('053501','3','21,4891');
Insert into S_HOZZARENDEL (MEGRENDELES,KONTENER,RAKOMANYSULY) values ('053501','5','22,6045');
Insert into S_HOZZARENDEL (MEGRENDELES,KONTENER,RAKOMANYSULY) values ('053501','7','22,7016');
Insert into S_HOZZARENDEL (MEGRENDELES,KONTENER,RAKOMANYSULY) values ('053501','9','21,6319');
Insert into S_HOZZARENDEL (MEGRENDELES,KONTENER,RAKOMANYSULY) values ('053501','12','20,1897');
Insert into S_HOZZARENDEL (MEGRENDELES,KONTENER,RAKOMANYSULY) values ('053501','14','19,0873');
Insert into S_HOZZARENDEL (MEGRENDELES,KONTENER,RAKOMANYSULY) values ('053501','16','18,7043');
Insert into S_HOZZARENDEL (MEGRENDELES,KONTENER,RAKOMANYSULY) values ('053501','18','21,9914');
Insert into S_HOZZARENDEL (MEGRENDELES,KONTENER,RAKOMANYSULY) values ('053501','21','18,7673');
Insert into S_HOZZARENDEL (MEGRENDELES,KONTENER,RAKOMANYSULY) values ('053501','23','21,5416');
Insert into S_HOZZARENDEL (MEGRENDELES,KONTENER,RAKOMANYSULY) values ('053501','25','21,8717');
Insert into S_HOZZARENDEL (MEGRENDELES,KONTENER,RAKOMANYSULY) values ('053501','27','22,2091');
Insert into S_HOZZARENDEL (MEGRENDELES,KONTENER,RAKOMANYSULY) values ('053501','30','20,0572');
Insert into S_HOZZARENDEL (MEGRENDELES,KONTENER,RAKOMANYSULY) values ('053501','32','21,2508');
Insert into S_HOZZARENDEL (MEGRENDELES,KONTENER,RAKOMANYSULY) values ('053501','34','21,4895');
Insert into S_HOZZARENDEL (MEGRENDELES,KONTENER,RAKOMANYSULY) values ('053501','36','21,3643');
Insert into S_HOZZARENDEL (MEGRENDELES,KONTENER,RAKOMANYSULY) values ('053501','39','19,0376');
Insert into S_HOZZARENDEL (MEGRENDELES,KONTENER,RAKOMANYSULY) values ('053501','41','18,2894');
Insert into S_HOZZARENDEL (MEGRENDELES,KONTENER,RAKOMANYSULY) values ('053501','43','21,0823');
Insert into S_HOZZARENDEL (MEGRENDELES,KONTENER,RAKOMANYSULY) values ('053501','45','22,1696');
Insert into S_HOZZARENDEL (MEGRENDELES,KONTENER,RAKOMANYSULY) values ('065603','2','22,893');
Insert into S_HOZZARENDEL (MEGRENDELES,KONTENER,RAKOMANYSULY) values ('065603','4','18,0316');
Insert into S_HOZZARENDEL (MEGRENDELES,KONTENER,RAKOMANYSULY) values ('065603','6','21,2192');
Insert into S_HOZZARENDEL (MEGRENDELES,KONTENER,RAKOMANYSULY) values ('065603','8','21,8993');
Insert into S_HOZZARENDEL (MEGRENDELES,KONTENER,RAKOMANYSULY) values ('065603','11','22,8413');
Insert into S_HOZZARENDEL (MEGRENDELES,KONTENER,RAKOMANYSULY) values ('065603','13','18,0515');
Insert into S_HOZZARENDEL (MEGRENDELES,KONTENER,RAKOMANYSULY) values ('065603','15','22,7219');
Insert into S_HOZZARENDEL (MEGRENDELES,KONTENER,RAKOMANYSULY) values ('065603','17','19,5738');
Insert into S_HOZZARENDEL (MEGRENDELES,KONTENER,RAKOMANYSULY) values ('065603','20','21,9311');
Insert into S_HOZZARENDEL (MEGRENDELES,KONTENER,RAKOMANYSULY) values ('065603','22','21,08');
Insert into S_HOZZARENDEL (MEGRENDELES,KONTENER,RAKOMANYSULY) values ('065603','24','19,2569');
Insert into S_HOZZARENDEL (MEGRENDELES,KONTENER,RAKOMANYSULY) values ('065603','26','21,622');
Insert into S_HOZZARENDEL (MEGRENDELES,KONTENER,RAKOMANYSULY) values ('065603','28','22,2276');
Insert into S_HOZZARENDEL (MEGRENDELES,KONTENER,RAKOMANYSULY) values ('065603','31','18,083');
Insert into S_HOZZARENDEL (MEGRENDELES,KONTENER,RAKOMANYSULY) values ('065603','33','20,9138');
Insert into S_HOZZARENDEL (MEGRENDELES,KONTENER,RAKOMANYSULY) values ('065603','35','22,998');
Insert into S_HOZZARENDEL (MEGRENDELES,KONTENER,RAKOMANYSULY) values ('065603','37','22,436');
Insert into S_HOZZARENDEL (MEGRENDELES,KONTENER,RAKOMANYSULY) values ('065603','40','22,2157');
Insert into S_HOZZARENDEL (MEGRENDELES,KONTENER,RAKOMANYSULY) values ('065603','42','22,114');
Insert into S_HOZZARENDEL (MEGRENDELES,KONTENER,RAKOMANYSULY) values ('042002','1','22,7019');
Insert into S_HOZZARENDEL (MEGRENDELES,KONTENER,RAKOMANYSULY) values ('042002','3','20,5365');
Insert into S_HOZZARENDEL (MEGRENDELES,KONTENER,RAKOMANYSULY) values ('042002','6','19,8868');
Insert into S_HOZZARENDEL (MEGRENDELES,KONTENER,RAKOMANYSULY) values ('042002','8','22,8021');
Insert into S_HOZZARENDEL (MEGRENDELES,KONTENER,RAKOMANYSULY) values ('042002','10','21,2895');
Insert into S_HOZZARENDEL (MEGRENDELES,KONTENER,RAKOMANYSULY) values ('042002','12','21,2437');
Insert into S_HOZZARENDEL (MEGRENDELES,KONTENER,RAKOMANYSULY) values ('042002','15','20,6849');
Insert into S_HOZZARENDEL (MEGRENDELES,KONTENER,RAKOMANYSULY) values ('042002','17','20,4897');
Insert into S_HOZZARENDEL (MEGRENDELES,KONTENER,RAKOMANYSULY) values ('042002','19','21,2863');
Insert into S_HOZZARENDEL (MEGRENDELES,KONTENER,RAKOMANYSULY) values ('042002','21','22,8134');
Insert into S_HOZZARENDEL (MEGRENDELES,KONTENER,RAKOMANYSULY) values ('042002','24','21,1532');
Insert into S_HOZZARENDEL (MEGRENDELES,KONTENER,RAKOMANYSULY) values ('042002','26','22,6889');
Insert into S_HOZZARENDEL (MEGRENDELES,KONTENER,RAKOMANYSULY) values ('042002','28','19,2334');
Insert into S_HOZZARENDEL (MEGRENDELES,KONTENER,RAKOMANYSULY) values ('042002','30','22,0185');
Insert into S_HOZZARENDEL (MEGRENDELES,KONTENER,RAKOMANYSULY) values ('042002','33','22,9633');
Insert into S_HOZZARENDEL (MEGRENDELES,KONTENER,RAKOMANYSULY) values ('042002','35','20,886');
Insert into S_HOZZARENDEL (MEGRENDELES,KONTENER,RAKOMANYSULY) values ('052403','2','22,5733');
Insert into S_HOZZARENDEL (MEGRENDELES,KONTENER,RAKOMANYSULY) values ('052403','4','20,6645');
Insert into S_HOZZARENDEL (MEGRENDELES,KONTENER,RAKOMANYSULY) values ('052403','7','22,5843');
Insert into S_HOZZARENDEL (MEGRENDELES,KONTENER,RAKOMANYSULY) values ('052403','9','21,0977');
Insert into S_HOZZARENDEL (MEGRENDELES,KONTENER,RAKOMANYSULY) values ('050101','1','22,3792');
Insert into S_HOZZARENDEL (MEGRENDELES,KONTENER,RAKOMANYSULY) values ('050101','3','20,9447');
Insert into S_HOZZARENDEL (MEGRENDELES,KONTENER,RAKOMANYSULY) values ('050101','6','19,8322');
Insert into S_HOZZARENDEL (MEGRENDELES,KONTENER,RAKOMANYSULY) values ('025001','1','20,3476');
Insert into S_HOZZARENDEL (MEGRENDELES,KONTENER,RAKOMANYSULY) values ('025001','2','20,725');
Insert into S_HOZZARENDEL (MEGRENDELES,KONTENER,RAKOMANYSULY) values ('025001','3','21,75');
Insert into S_HOZZARENDEL (MEGRENDELES,KONTENER,RAKOMANYSULY) values ('025001','4','22,6');
Insert into S_HOZZARENDEL (MEGRENDELES,KONTENER,RAKOMANYSULY) values ('045001','1','14,6586');
Insert into S_HOZZARENDEL (MEGRENDELES,KONTENER,RAKOMANYSULY) values ('045001','2','17,7513');
Insert into S_HOZZARENDEL (MEGRENDELES,KONTENER,RAKOMANYSULY) values ('045001','3','22,5361');
Insert into S_HOZZARENDEL (MEGRENDELES,KONTENER,RAKOMANYSULY) values ('051309','1','16,545');
Insert into S_HOZZARENDEL (MEGRENDELES,KONTENER,RAKOMANYSULY) values ('051309','2','22,7643');
Insert into S_HOZZARENDEL (MEGRENDELES,KONTENER,RAKOMANYSULY) values ('051803','1','12,545');
Insert into S_HOZZARENDEL (MEGRENDELES,KONTENER,RAKOMANYSULY) values ('051803','2','20,7613');
Insert into S_HOZZARENDEL (MEGRENDELES,KONTENER,RAKOMANYSULY) values ('051803','3','21,1251');
Insert into S_HOZZARENDEL (MEGRENDELES,KONTENER,RAKOMANYSULY) values ('051803','4','18,3426');
Insert into S_HOZZARENDEL (MEGRENDELES,KONTENER,RAKOMANYSULY) values ('051803','5','19,5832');
Insert into S_HOZZARENDEL (MEGRENDELES,KONTENER,RAKOMANYSULY) values ('051803','6','20,6162');
Insert into S_HOZZARENDEL (MEGRENDELES,KONTENER,RAKOMANYSULY) values ('051902','1','22,9998');
Insert into S_HOZZARENDEL (MEGRENDELES,KONTENER,RAKOMANYSULY) values ('053208','1','22,9997');
Insert into S_HOZZARENDEL (MEGRENDELES,KONTENER,RAKOMANYSULY) values ('053208','2','10,7313');
Insert into S_HOZZARENDEL (MEGRENDELES,KONTENER,RAKOMANYSULY) values ('053208','3','21,3321');
Insert into S_HOZZARENDEL (MEGRENDELES,KONTENER,RAKOMANYSULY) values ('053208','4','11,6734');
Insert into S_HOZZARENDEL (MEGRENDELES,KONTENER,RAKOMANYSULY) values ('053208','5','19,5102');
Insert into S_HOZZARENDEL (MEGRENDELES,KONTENER,RAKOMANYSULY) values ('053208','6','20,6662');
Insert into S_HOZZARENDEL (MEGRENDELES,KONTENER,RAKOMANYSULY) values ('053208','7','21,0001');
Insert into S_HOZZARENDEL (MEGRENDELES,KONTENER,RAKOMANYSULY) values ('053605','1','22,9');
Insert into S_HOZZARENDEL (MEGRENDELES,KONTENER,RAKOMANYSULY) values ('053605','2','10,13');
Insert into S_HOZZARENDEL (MEGRENDELES,KONTENER,RAKOMANYSULY) values ('053605','3','5,31');
Insert into S_HOZZARENDEL (MEGRENDELES,KONTENER,RAKOMANYSULY) values ('053605','4','14,34');
Insert into S_HOZZARENDEL (MEGRENDELES,KONTENER,RAKOMANYSULY) values ('053605','5','19,02');
Insert into S_HOZZARENDEL (MEGRENDELES,KONTENER,RAKOMANYSULY) values ('053605','6','20');
Insert into S_HOZZARENDEL (MEGRENDELES,KONTENER,RAKOMANYSULY) values ('053605','7','21,0002');
Insert into S_HOZZARENDEL (MEGRENDELES,KONTENER,RAKOMANYSULY) values ('053605','8','5,7');
Insert into S_HOZZARENDEL (MEGRENDELES,KONTENER,RAKOMANYSULY) values ('053605','9','12,47');
Insert into S_HOZZARENDEL (MEGRENDELES,KONTENER,RAKOMANYSULY) values ('053605','10','5,23');
Insert into S_HOZZARENDEL (MEGRENDELES,KONTENER,RAKOMANYSULY) values ('054806','1','6');
Insert into S_HOZZARENDEL (MEGRENDELES,KONTENER,RAKOMANYSULY) values ('054806','2','12');
Insert into S_HOZZARENDEL (MEGRENDELES,KONTENER,RAKOMANYSULY) values ('054806','3','16,5');
Insert into S_HOZZARENDEL (MEGRENDELES,KONTENER,RAKOMANYSULY) values ('054806','4','20,34');
Insert into S_HOZZARENDEL (MEGRENDELES,KONTENER,RAKOMANYSULY) values ('054806','5','19,01');
Insert into S_HOZZARENDEL (MEGRENDELES,KONTENER,RAKOMANYSULY) values ('055110','1','22,66');
Insert into S_HOZZARENDEL (MEGRENDELES,KONTENER,RAKOMANYSULY) values ('055604','1','13,5');
Insert into S_HOZZARENDEL (MEGRENDELES,KONTENER,RAKOMANYSULY) values ('055604','2','10');
Insert into S_HOZZARENDEL (MEGRENDELES,KONTENER,RAKOMANYSULY) values ('055604','3','16,1');
Insert into S_HOZZARENDEL (MEGRENDELES,KONTENER,RAKOMANYSULY) values ('055604','4','20,301');
Insert into S_HOZZARENDEL (MEGRENDELES,KONTENER,RAKOMANYSULY) values ('055604','5','8,21');
Insert into S_HOZZARENDEL (MEGRENDELES,KONTENER,RAKOMANYSULY) values ('055604','6','20,4');
Insert into S_HOZZARENDEL (MEGRENDELES,KONTENER,RAKOMANYSULY) values ('055604','7','21,0002');
Insert into S_HOZZARENDEL (MEGRENDELES,KONTENER,RAKOMANYSULY) values ('055604','8','14,33');
Insert into S_HOZZARENDEL (MEGRENDELES,KONTENER,RAKOMANYSULY) values ('055604','9','12,4');
Insert into S_HOZZARENDEL (MEGRENDELES,KONTENER,RAKOMANYSULY) values ('055604','10','6,23');
Insert into S_HOZZARENDEL (MEGRENDELES,KONTENER,RAKOMANYSULY) values ('056207','1','9');
Insert into S_HOZZARENDEL (MEGRENDELES,KONTENER,RAKOMANYSULY) values ('056207','2','13,6');
Insert into S_HOZZARENDEL (MEGRENDELES,KONTENER,RAKOMANYSULY) values ('056207','3','12,6');
Insert into S_HOZZARENDEL (MEGRENDELES,KONTENER,RAKOMANYSULY) values ('056207','4','21,3');
Insert into S_HOZZARENDEL (MEGRENDELES,KONTENER,RAKOMANYSULY) values ('056207','5','18,21');
Insert into S_HOZZARENDEL (MEGRENDELES,KONTENER,RAKOMANYSULY) values ('062501','1','19');
Insert into S_HOZZARENDEL (MEGRENDELES,KONTENER,RAKOMANYSULY) values ('062501','2','17,65');
Insert into S_HOZZARENDEL (MEGRENDELES,KONTENER,RAKOMANYSULY) values ('062501','3','12,6325');
Insert into S_HOZZARENDEL (MEGRENDELES,KONTENER,RAKOMANYSULY) values ('062501','4','22,37');
Insert into S_HOZZARENDEL (MEGRENDELES,KONTENER,RAKOMANYSULY) values ('062501','5','4,211');
Insert into S_HOZZARENDEL (MEGRENDELES,KONTENER,RAKOMANYSULY) values ('062501','6','22,445');
Insert into S_HOZZARENDEL (MEGRENDELES,KONTENER,RAKOMANYSULY) values ('062501','7','11,02');
Insert into S_HOZZARENDEL (MEGRENDELES,KONTENER,RAKOMANYSULY) values ('062501','8','17,73');
Insert into S_HOZZARENDEL (MEGRENDELES,KONTENER,RAKOMANYSULY) values ('062501','9','10,48');
Insert into S_HOZZARENDEL (MEGRENDELES,KONTENER,RAKOMANYSULY) values ('063303','1','20,7');
Insert into S_HOZZARENDEL (MEGRENDELES,KONTENER,RAKOMANYSULY) values ('063303','2','19,99');
Insert into S_HOZZARENDEL (MEGRENDELES,KONTENER,RAKOMANYSULY) values ('065605','1','9,67');
Insert into S_HOZZARENDEL (MEGRENDELES,KONTENER,RAKOMANYSULY) values ('065605','2','20,87');
Insert into S_HOZZARENDEL (MEGRENDELES,KONTENER,RAKOMANYSULY) values ('065605','3','13');
Insert into S_HOZZARENDEL (MEGRENDELES,KONTENER,RAKOMANYSULY) values ('065605','4','20,5');
Insert into S_HOZZARENDEL (MEGRENDELES,KONTENER,RAKOMANYSULY) values ('065605','5','4,999');
Insert into S_HOZZARENDEL (MEGRENDELES,KONTENER,RAKOMANYSULY) values ('065903','1','19,77');
Insert into S_HOZZARENDEL (MEGRENDELES,KONTENER,RAKOMANYSULY) values ('065903','2','21,99');
Insert into S_HOZZARENDEL (MEGRENDELES,KONTENER,RAKOMANYSULY) values ('074101','1','9,83');
Insert into S_HOZZARENDEL (MEGRENDELES,KONTENER,RAKOMANYSULY) values ('074101','2','23');
Insert into S_HOZZARENDEL (MEGRENDELES,KONTENER,RAKOMANYSULY) values ('081601','1','20,8999');
Insert into S_HOZZARENDEL (MEGRENDELES,KONTENER,RAKOMANYSULY) values ('081601','2','22,5');
Insert into S_HOZZARENDEL (MEGRENDELES,KONTENER,RAKOMANYSULY) values ('082102','1','14');
Insert into S_HOZZARENDEL (MEGRENDELES,KONTENER,RAKOMANYSULY) values ('082102','2','21,4');
Insert into S_HOZZARENDEL (MEGRENDELES,KONTENER,RAKOMANYSULY) values ('082102','3','11,543');
Insert into S_HOZZARENDEL (MEGRENDELES,KONTENER,RAKOMANYSULY) values ('082102','4','20,59');
Insert into S_HOZZARENDEL (MEGRENDELES,KONTENER,RAKOMANYSULY) values ('082901','1','8,51');
Insert into S_HOZZARENDEL (MEGRENDELES,KONTENER,RAKOMANYSULY) values ('082901','2','9,45');
Insert into S_HOZZARENDEL (MEGRENDELES,KONTENER,RAKOMANYSULY) values ('082901','3','11');
Insert into S_HOZZARENDEL (MEGRENDELES,KONTENER,RAKOMANYSULY) values ('082901','4','11,4');
Insert into S_HOZZARENDEL (MEGRENDELES,KONTENER,RAKOMANYSULY) values ('082901','5','10');
Insert into S_HOZZARENDEL (MEGRENDELES,KONTENER,RAKOMANYSULY) values ('082901','6','8,42');
Insert into S_HOZZARENDEL (MEGRENDELES,KONTENER,RAKOMANYSULY) values ('082901','7','11,9');
Insert into S_HOZZARENDEL (MEGRENDELES,KONTENER,RAKOMANYSULY) values ('083401','2','17,64');
Insert into S_HOZZARENDEL (MEGRENDELES,KONTENER,RAKOMANYSULY) values ('083401','1','18,15');
Insert into S_HOZZARENDEL (MEGRENDELES,KONTENER,RAKOMANYSULY) values ('086201','1','23');
Insert into S_HOZZARENDEL (MEGRENDELES,KONTENER,RAKOMANYSULY) values ('050901','1','20,1');
Insert into S_HOZZARENDEL (MEGRENDELES,KONTENER,RAKOMANYSULY) values ('050901','2','15,9');
Insert into S_HOZZARENDEL (MEGRENDELES,KONTENER,RAKOMANYSULY) values ('050901','3','16');
Insert into S_HOZZARENDEL (MEGRENDELES,KONTENER,RAKOMANYSULY) values ('050901','4','18');
Insert into S_HOZZARENDEL (MEGRENDELES,KONTENER,RAKOMANYSULY) values ('050901','5','20');
Insert into S_HOZZARENDEL (MEGRENDELES,KONTENER,RAKOMANYSULY) values ('054502','1','20');
Insert into S_HOZZARENDEL (MEGRENDELES,KONTENER,RAKOMANYSULY) values ('054502','2','15,7');
Insert into S_HOZZARENDEL (MEGRENDELES,KONTENER,RAKOMANYSULY) values ('054502','3','6,789');
Insert into S_HOZZARENDEL (MEGRENDELES,KONTENER,RAKOMANYSULY) values ('054502','4','12,345');
Insert into S_HOZZARENDEL (MEGRENDELES,KONTENER,RAKOMANYSULY) values ('054502','5','13');
Insert into S_HOZZARENDEL (MEGRENDELES,KONTENER,RAKOMANYSULY) values ('071701','1','9,5');
Insert into S_HOZZARENDEL (MEGRENDELES,KONTENER,RAKOMANYSULY) values ('071701','2','10');
Insert into S_HOZZARENDEL (MEGRENDELES,KONTENER,RAKOMANYSULY) values ('071701','3','12,3');
Insert into S_HOZZARENDEL (MEGRENDELES,KONTENER,RAKOMANYSULY) values ('073702','1','7,56');
Insert into S_HOZZARENDEL (MEGRENDELES,KONTENER,RAKOMANYSULY) values ('073702','2','11,6');
Insert into S_HOZZARENDEL (MEGRENDELES,KONTENER,RAKOMANYSULY) values ('076003','1','10,6');
Insert into S_HOZZARENDEL (MEGRENDELES,KONTENER,RAKOMANYSULY) values ('076003','2','11,5');
Insert into S_HOZZARENDEL (MEGRENDELES,KONTENER,RAKOMANYSULY) values ('076004','1','7,9');
Insert into S_HOZZARENDEL (MEGRENDELES,KONTENER,RAKOMANYSULY) values ('076004','2','9,5');
Insert into S_HOZZARENDEL (MEGRENDELES,KONTENER,RAKOMANYSULY) values ('075105','1','20');
Insert into S_HOZZARENDEL (MEGRENDELES,KONTENER,RAKOMANYSULY) values ('065106','1','23');
Insert into S_HOZZARENDEL (MEGRENDELES,KONTENER,RAKOMANYSULY) values ('065106','2','10,5');
Insert into S_HOZZARENDEL (MEGRENDELES,KONTENER,RAKOMANYSULY) values ('065106','3','6,81');
Insert into S_HOZZARENDEL (MEGRENDELES,KONTENER,RAKOMANYSULY) values ('065106','4','7,2');
Insert into S_HOZZARENDEL (MEGRENDELES,KONTENER,RAKOMANYSULY) values ('071109','3','5,78');
Insert into S_HOZZARENDEL (MEGRENDELES,KONTENER,RAKOMANYSULY) values ('071109','2','10');
Insert into S_HOZZARENDEL (MEGRENDELES,KONTENER,RAKOMANYSULY) values ('071109','1','10');
Insert into S_HOZZARENDEL (MEGRENDELES,KONTENER,RAKOMANYSULY) values ('075908','1','19,2');
Insert into S_HOZZARENDEL (MEGRENDELES,KONTENER,RAKOMANYSULY) values ('075407','1','21,5');
Insert into S_HOZZARENDEL (MEGRENDELES,KONTENER,RAKOMANYSULY) values ('0762010','1','19');
Insert into S_HOZZARENDEL (MEGRENDELES,KONTENER,RAKOMANYSULY) values ('0762010','2','11,5');
Insert into S_HOZZARENDEL (MEGRENDELES,KONTENER,RAKOMANYSULY) values ('0762010','3','7');
Insert into S_HOZZARENDEL (MEGRENDELES,KONTENER,RAKOMANYSULY) values ('0762010','4','8,12');
Insert into S_HOZZARENDEL (MEGRENDELES,KONTENER,RAKOMANYSULY) values ('0762010','5','20,1');
Insert into S_HOZZARENDEL (MEGRENDELES,KONTENER,RAKOMANYSULY) values ('061701','18','20,0028');
Insert into S_HOZZARENDEL (MEGRENDELES,KONTENER,RAKOMANYSULY) values ('061701','20','18,1644');
Insert into S_HOZZARENDEL (MEGRENDELES,KONTENER,RAKOMANYSULY) values ('061701','22','22,6603');
Insert into S_HOZZARENDEL (MEGRENDELES,KONTENER,RAKOMANYSULY) values ('061701','23','21,8128');
Insert into S_HOZZARENDEL (MEGRENDELES,KONTENER,RAKOMANYSULY) values ('050401','2','21,448');
Insert into S_HOZZARENDEL (MEGRENDELES,KONTENER,RAKOMANYSULY) values ('050401','4','21,6223');
Insert into S_HOZZARENDEL (MEGRENDELES,KONTENER,RAKOMANYSULY) values ('050401','6','22,3577');
Insert into S_HOZZARENDEL (MEGRENDELES,KONTENER,RAKOMANYSULY) values ('050401','8','22,2531');
Insert into S_HOZZARENDEL (MEGRENDELES,KONTENER,RAKOMANYSULY) values ('050401','9','22,5458');
Insert into S_HOZZARENDEL (MEGRENDELES,KONTENER,RAKOMANYSULY) values ('050401','11','22,5948');
Insert into S_HOZZARENDEL (MEGRENDELES,KONTENER,RAKOMANYSULY) values ('050401','13','20,0895');
Insert into S_HOZZARENDEL (MEGRENDELES,KONTENER,RAKOMANYSULY) values ('050401','15','21,5285');
Insert into S_HOZZARENDEL (MEGRENDELES,KONTENER,RAKOMANYSULY) values ('050401','17','19,8254');
Insert into S_HOZZARENDEL (MEGRENDELES,KONTENER,RAKOMANYSULY) values ('050401','18','20,8371');
Insert into S_HOZZARENDEL (MEGRENDELES,KONTENER,RAKOMANYSULY) values ('050401','20','22,8309');
Insert into S_HOZZARENDEL (MEGRENDELES,KONTENER,RAKOMANYSULY) values ('050401','22','18,3125');
Insert into S_HOZZARENDEL (MEGRENDELES,KONTENER,RAKOMANYSULY) values ('050401','24','21,4586');
Insert into S_HOZZARENDEL (MEGRENDELES,KONTENER,RAKOMANYSULY) values ('050401','26','22,5941');
Insert into S_HOZZARENDEL (MEGRENDELES,KONTENER,RAKOMANYSULY) values ('050401','27','20,0066');
Insert into S_HOZZARENDEL (MEGRENDELES,KONTENER,RAKOMANYSULY) values ('050401','29','20,9701');
Insert into S_HOZZARENDEL (MEGRENDELES,KONTENER,RAKOMANYSULY) values ('050401','31','22,6719');
Insert into S_HOZZARENDEL (MEGRENDELES,KONTENER,RAKOMANYSULY) values ('050401','33','22,2768');
Insert into S_HOZZARENDEL (MEGRENDELES,KONTENER,RAKOMANYSULY) values ('050401','35','21,5052');
Insert into S_HOZZARENDEL (MEGRENDELES,KONTENER,RAKOMANYSULY) values ('050401','36','21,3409');
Insert into S_HOZZARENDEL (MEGRENDELES,KONTENER,RAKOMANYSULY) values ('050401','38','21,7425');
Insert into S_HOZZARENDEL (MEGRENDELES,KONTENER,RAKOMANYSULY) values ('050401','40','20,9038');
Insert into S_HOZZARENDEL (MEGRENDELES,KONTENER,RAKOMANYSULY) values ('050401','42','18,4862');
Insert into S_HOZZARENDEL (MEGRENDELES,KONTENER,RAKOMANYSULY) values ('050401','44','19,9708');
Insert into S_HOZZARENDEL (MEGRENDELES,KONTENER,RAKOMANYSULY) values ('050401','45','22,9045');
Insert into S_HOZZARENDEL (MEGRENDELES,KONTENER,RAKOMANYSULY) values ('050401','47','19,9439');
Insert into S_HOZZARENDEL (MEGRENDELES,KONTENER,RAKOMANYSULY) values ('050401','49','20,9955');
Insert into S_HOZZARENDEL (MEGRENDELES,KONTENER,RAKOMANYSULY) values ('050401','51','22,5005');
Insert into S_HOZZARENDEL (MEGRENDELES,KONTENER,RAKOMANYSULY) values ('050401','53','21,8808');
Insert into S_HOZZARENDEL (MEGRENDELES,KONTENER,RAKOMANYSULY) values ('050401','54','21,7476');
Insert into S_HOZZARENDEL (MEGRENDELES,KONTENER,RAKOMANYSULY) values ('050401','56','21,3784');
Insert into S_HOZZARENDEL (MEGRENDELES,KONTENER,RAKOMANYSULY) values ('050401','58','18,8351');
Insert into S_HOZZARENDEL (MEGRENDELES,KONTENER,RAKOMANYSULY) values ('053402','1','20,5136');
Insert into S_HOZZARENDEL (MEGRENDELES,KONTENER,RAKOMANYSULY) values ('053402','3','21,7711');
Insert into S_HOZZARENDEL (MEGRENDELES,KONTENER,RAKOMANYSULY) values ('053402','4','21,3205');
Insert into S_HOZZARENDEL (MEGRENDELES,KONTENER,RAKOMANYSULY) values ('053402','6','19,9182');
Insert into S_HOZZARENDEL (MEGRENDELES,KONTENER,RAKOMANYSULY) values ('053402','8','21,775');
Insert into S_HOZZARENDEL (MEGRENDELES,KONTENER,RAKOMANYSULY) values ('065301','2','22,7664');
Insert into S_HOZZARENDEL (MEGRENDELES,KONTENER,RAKOMANYSULY) values ('065301','4','21,3183');
Insert into S_HOZZARENDEL (MEGRENDELES,KONTENER,RAKOMANYSULY) values ('065301','6','21,3234');
Insert into S_HOZZARENDEL (MEGRENDELES,KONTENER,RAKOMANYSULY) values ('065301','7','19,0687');
Insert into S_HOZZARENDEL (MEGRENDELES,KONTENER,RAKOMANYSULY) values ('065301','9','20,7651');
Insert into S_HOZZARENDEL (MEGRENDELES,KONTENER,RAKOMANYSULY) values ('065301','11','19,0311');
Insert into S_HOZZARENDEL (MEGRENDELES,KONTENER,RAKOMANYSULY) values ('065301','13','20,638');
Insert into S_HOZZARENDEL (MEGRENDELES,KONTENER,RAKOMANYSULY) values ('065301','15','22,5071');
Insert into S_HOZZARENDEL (MEGRENDELES,KONTENER,RAKOMANYSULY) values ('065301','16','18,5897');
Insert into S_HOZZARENDEL (MEGRENDELES,KONTENER,RAKOMANYSULY) values ('065301','18','18,9566');
Insert into S_HOZZARENDEL (MEGRENDELES,KONTENER,RAKOMANYSULY) values ('065301','20','18,4458');
Insert into S_HOZZARENDEL (MEGRENDELES,KONTENER,RAKOMANYSULY) values ('065301','22','22,0902');
Insert into S_HOZZARENDEL (MEGRENDELES,KONTENER,RAKOMANYSULY) values ('065301','24','18,8545');
Insert into S_HOZZARENDEL (MEGRENDELES,KONTENER,RAKOMANYSULY) values ('065301','25','22,7372');
Insert into S_HOZZARENDEL (MEGRENDELES,KONTENER,RAKOMANYSULY) values ('065301','27','22,0341');
Insert into S_HOZZARENDEL (MEGRENDELES,KONTENER,RAKOMANYSULY) values ('065301','29','21,729');
Insert into S_HOZZARENDEL (MEGRENDELES,KONTENER,RAKOMANYSULY) values ('065301','31','19,2942');
Insert into S_HOZZARENDEL (MEGRENDELES,KONTENER,RAKOMANYSULY) values ('065301','33','22,6708');
Insert into S_HOZZARENDEL (MEGRENDELES,KONTENER,RAKOMANYSULY) values ('065301','34','21,205');
Insert into S_HOZZARENDEL (MEGRENDELES,KONTENER,RAKOMANYSULY) values ('065301','36','21,7278');
Insert into S_HOZZARENDEL (MEGRENDELES,KONTENER,RAKOMANYSULY) values ('065301','38','22,621');
Insert into S_HOZZARENDEL (MEGRENDELES,KONTENER,RAKOMANYSULY) values ('065301','40','21,7901');
Insert into S_HOZZARENDEL (MEGRENDELES,KONTENER,RAKOMANYSULY) values ('065301','42','22,7787');
Insert into S_HOZZARENDEL (MEGRENDELES,KONTENER,RAKOMANYSULY) values ('065301','43','20,8216');
Insert into S_HOZZARENDEL (MEGRENDELES,KONTENER,RAKOMANYSULY) values ('065301','45','21,1884');
Insert into S_HOZZARENDEL (MEGRENDELES,KONTENER,RAKOMANYSULY) values ('065301','47','21,7767');
Insert into S_HOZZARENDEL (MEGRENDELES,KONTENER,RAKOMANYSULY) values ('065301','49','20,5232');
Insert into S_HOZZARENDEL (MEGRENDELES,KONTENER,RAKOMANYSULY) values ('060401','1','21,7664');
Insert into S_HOZZARENDEL (MEGRENDELES,KONTENER,RAKOMANYSULY) values ('060401','2','19,1416');
Insert into S_HOZZARENDEL (MEGRENDELES,KONTENER,RAKOMANYSULY) values ('060401','4','20,7922');
Insert into S_HOZZARENDEL (MEGRENDELES,KONTENER,RAKOMANYSULY) values ('060401','6','20,9974');
Insert into S_HOZZARENDEL (MEGRENDELES,KONTENER,RAKOMANYSULY) values ('060401','8','19,2763');
Insert into S_HOZZARENDEL (MEGRENDELES,KONTENER,RAKOMANYSULY) values ('060401','10','22,3651');
Insert into S_HOZZARENDEL (MEGRENDELES,KONTENER,RAKOMANYSULY) values ('060101','2','20,3629');
Insert into S_HOZZARENDEL (MEGRENDELES,KONTENER,RAKOMANYSULY) values ('060101','3','20,0326');
Insert into S_HOZZARENDEL (MEGRENDELES,KONTENER,RAKOMANYSULY) values ('060101','5','22,4804');
Insert into S_HOZZARENDEL (MEGRENDELES,KONTENER,RAKOMANYSULY) values ('060101','7','22,278');
Insert into S_HOZZARENDEL (MEGRENDELES,KONTENER,RAKOMANYSULY) values ('060101','9','22,7673');
Insert into S_HOZZARENDEL (MEGRENDELES,KONTENER,RAKOMANYSULY) values ('060101','11','22,3798');
Insert into S_HOZZARENDEL (MEGRENDELES,KONTENER,RAKOMANYSULY) values ('060101','12','21,0071');
Insert into S_HOZZARENDEL (MEGRENDELES,KONTENER,RAKOMANYSULY) values ('060101','14','22,7649');
Insert into S_HOZZARENDEL (MEGRENDELES,KONTENER,RAKOMANYSULY) values ('060101','16','18,5073');
Insert into S_HOZZARENDEL (MEGRENDELES,KONTENER,RAKOMANYSULY) values ('060101','18','21,4689');
Insert into S_HOZZARENDEL (MEGRENDELES,KONTENER,RAKOMANYSULY) values ('060101','20','18,2604');
Insert into S_HOZZARENDEL (MEGRENDELES,KONTENER,RAKOMANYSULY) values ('060101','21','22,2281');
Insert into S_HOZZARENDEL (MEGRENDELES,KONTENER,RAKOMANYSULY) values ('060101','23','18,868');
Insert into S_HOZZARENDEL (MEGRENDELES,KONTENER,RAKOMANYSULY) values ('060101','25','22,3784');
Insert into S_HOZZARENDEL (MEGRENDELES,KONTENER,RAKOMANYSULY) values ('060101','27','21,2283');
Insert into S_HOZZARENDEL (MEGRENDELES,KONTENER,RAKOMANYSULY) values ('060101','29','22,4813');
Insert into S_HOZZARENDEL (MEGRENDELES,KONTENER,RAKOMANYSULY) values ('060101','30','21,3069');
Insert into S_HOZZARENDEL (MEGRENDELES,KONTENER,RAKOMANYSULY) values ('060101','32','22,2284');
Insert into S_HOZZARENDEL (MEGRENDELES,KONTENER,RAKOMANYSULY) values ('060101','34','19,3348');
Insert into S_HOZZARENDEL (MEGRENDELES,KONTENER,RAKOMANYSULY) values ('060101','36','22,6365');
Insert into S_HOZZARENDEL (MEGRENDELES,KONTENER,RAKOMANYSULY) values ('060101','38','18,0996');
Insert into S_HOZZARENDEL (MEGRENDELES,KONTENER,RAKOMANYSULY) values ('060101','39','18,9732');
Insert into S_HOZZARENDEL (MEGRENDELES,KONTENER,RAKOMANYSULY) values ('060101','41','22,1515');
Insert into S_HOZZARENDEL (MEGRENDELES,KONTENER,RAKOMANYSULY) values ('060101','43','18,3716');
Insert into S_HOZZARENDEL (MEGRENDELES,KONTENER,RAKOMANYSULY) values ('060101','45','21,4794');
Insert into S_HOZZARENDEL (MEGRENDELES,KONTENER,RAKOMANYSULY) values ('060101','47','19,6489');
Insert into S_HOZZARENDEL (MEGRENDELES,KONTENER,RAKOMANYSULY) values ('060101','48','18,4408');
Insert into S_HOZZARENDEL (MEGRENDELES,KONTENER,RAKOMANYSULY) values ('060101','50','18,8485');
Insert into S_HOZZARENDEL (MEGRENDELES,KONTENER,RAKOMANYSULY) values ('063701','2','22,5081');
Insert into S_HOZZARENDEL (MEGRENDELES,KONTENER,RAKOMANYSULY) values ('063701','4','21,9128');
Insert into S_HOZZARENDEL (MEGRENDELES,KONTENER,RAKOMANYSULY) values ('063701','6','22,288');
Insert into S_HOZZARENDEL (MEGRENDELES,KONTENER,RAKOMANYSULY) values ('063701','7','19,2866');
Insert into S_HOZZARENDEL (MEGRENDELES,KONTENER,RAKOMANYSULY) values ('063701','9','20,3867');
Insert into S_HOZZARENDEL (MEGRENDELES,KONTENER,RAKOMANYSULY) values ('063701','11','22,6003');
Insert into S_HOZZARENDEL (MEGRENDELES,KONTENER,RAKOMANYSULY) values ('063501','1','19,1852');
Insert into S_HOZZARENDEL (MEGRENDELES,KONTENER,RAKOMANYSULY) values ('063501','3','18,1441');
Insert into S_HOZZARENDEL (MEGRENDELES,KONTENER,RAKOMANYSULY) values ('063501','4','18,6057');
Insert into S_HOZZARENDEL (MEGRENDELES,KONTENER,RAKOMANYSULY) values ('063501','6','19,8073');
Insert into S_HOZZARENDEL (MEGRENDELES,KONTENER,RAKOMANYSULY) values ('063501','8','18,4354');
Insert into S_HOZZARENDEL (MEGRENDELES,KONTENER,RAKOMANYSULY) values ('063501','10','21,5839');
Insert into S_HOZZARENDEL (MEGRENDELES,KONTENER,RAKOMANYSULY) values ('063501','12','21,5906');
Insert into S_HOZZARENDEL (MEGRENDELES,KONTENER,RAKOMANYSULY) values ('063301','1','21,5189');
Insert into S_HOZZARENDEL (MEGRENDELES,KONTENER,RAKOMANYSULY) values ('063301','3','22,0291');
Insert into S_HOZZARENDEL (MEGRENDELES,KONTENER,RAKOMANYSULY) values ('063301','5','18,1781');
Insert into S_HOZZARENDEL (MEGRENDELES,KONTENER,RAKOMANYSULY) values ('063301','7','22,7722');
Insert into S_HOZZARENDEL (MEGRENDELES,KONTENER,RAKOMANYSULY) values ('063301','9','22,4589');
Insert into S_HOZZARENDEL (MEGRENDELES,KONTENER,RAKOMANYSULY) values ('063301','10','19,5581');
Insert into S_HOZZARENDEL (MEGRENDELES,KONTENER,RAKOMANYSULY) values ('063301','12','18,1953');
Insert into S_HOZZARENDEL (MEGRENDELES,KONTENER,RAKOMANYSULY) values ('063301','14','21,2706');
Insert into S_HOZZARENDEL (MEGRENDELES,KONTENER,RAKOMANYSULY) values ('065602','1','21,6126');
Insert into S_HOZZARENDEL (MEGRENDELES,KONTENER,RAKOMANYSULY) values ('065602','3','18,6723');
Insert into S_HOZZARENDEL (MEGRENDELES,KONTENER,RAKOMANYSULY) values ('065602','4','18,4705');
Insert into S_HOZZARENDEL (MEGRENDELES,KONTENER,RAKOMANYSULY) values ('065602','6','18,707');
Insert into S_HOZZARENDEL (MEGRENDELES,KONTENER,RAKOMANYSULY) values ('065602','8','21,7621');
Insert into S_HOZZARENDEL (MEGRENDELES,KONTENER,RAKOMANYSULY) values ('065602','10','21,0658');
Insert into S_HOZZARENDEL (MEGRENDELES,KONTENER,RAKOMANYSULY) values ('065602','12','21,6639');
Insert into S_HOZZARENDEL (MEGRENDELES,KONTENER,RAKOMANYSULY) values ('065602','13','21,1119');
Insert into S_HOZZARENDEL (MEGRENDELES,KONTENER,RAKOMANYSULY) values ('065602','15','21,8863');
Insert into S_HOZZARENDEL (MEGRENDELES,KONTENER,RAKOMANYSULY) values ('065602','17','22,7767');
Insert into S_HOZZARENDEL (MEGRENDELES,KONTENER,RAKOMANYSULY) values ('065602','19','22,1058');
Insert into S_HOZZARENDEL (MEGRENDELES,KONTENER,RAKOMANYSULY) values ('065602','21','22,2806');
Insert into S_HOZZARENDEL (MEGRENDELES,KONTENER,RAKOMANYSULY) values ('065602','22','22,9274');
Insert into S_HOZZARENDEL (MEGRENDELES,KONTENER,RAKOMANYSULY) values ('065602','24','22,747');
Insert into S_HOZZARENDEL (MEGRENDELES,KONTENER,RAKOMANYSULY) values ('065602','26','18,5198');
Insert into S_HOZZARENDEL (MEGRENDELES,KONTENER,RAKOMANYSULY) values ('065602','28','18,5662');
Insert into S_HOZZARENDEL (MEGRENDELES,KONTENER,RAKOMANYSULY) values ('065602','30','21,0219');
Insert into S_HOZZARENDEL (MEGRENDELES,KONTENER,RAKOMANYSULY) values ('065602','32','22,2183');
Insert into S_HOZZARENDEL (MEGRENDELES,KONTENER,RAKOMANYSULY) values ('065602','33','22,2418');
Insert into S_HOZZARENDEL (MEGRENDELES,KONTENER,RAKOMANYSULY) values ('065602','35','21,3351');
Insert into S_HOZZARENDEL (MEGRENDELES,KONTENER,RAKOMANYSULY) values ('065602','37','20,1701');
Insert into S_HOZZARENDEL (MEGRENDELES,KONTENER,RAKOMANYSULY) values ('065602','39','21,3874');
Insert into S_HOZZARENDEL (MEGRENDELES,KONTENER,RAKOMANYSULY) values ('065602','41','19,5848');
Insert into S_HOZZARENDEL (MEGRENDELES,KONTENER,RAKOMANYSULY) values ('065602','42','22,0514');
Insert into S_HOZZARENDEL (MEGRENDELES,KONTENER,RAKOMANYSULY) values ('065602','44','21,6289');
Insert into S_HOZZARENDEL (MEGRENDELES,KONTENER,RAKOMANYSULY) values ('065602','46','22,5258');
Insert into S_HOZZARENDEL (MEGRENDELES,KONTENER,RAKOMANYSULY) values ('065602','48','22,2629');
Insert into S_HOZZARENDEL (MEGRENDELES,KONTENER,RAKOMANYSULY) values ('065602','50','18,6639');
Insert into S_HOZZARENDEL (MEGRENDELES,KONTENER,RAKOMANYSULY) values ('061601','1','21,6494');
Insert into S_HOZZARENDEL (MEGRENDELES,KONTENER,RAKOMANYSULY) values ('061601','3','21,4438');
Insert into S_HOZZARENDEL (MEGRENDELES,KONTENER,RAKOMANYSULY) values ('061601','5','22,3428');
Insert into S_HOZZARENDEL (MEGRENDELES,KONTENER,RAKOMANYSULY) values ('061601','7','22,118');
Insert into S_HOZZARENDEL (MEGRENDELES,KONTENER,RAKOMANYSULY) values ('061601','9','19,0367');
Insert into S_HOZZARENDEL (MEGRENDELES,KONTENER,RAKOMANYSULY) values ('061601','10','19,8599');
Insert into S_HOZZARENDEL (MEGRENDELES,KONTENER,RAKOMANYSULY) values ('061601','12','22,0355');
Insert into S_HOZZARENDEL (MEGRENDELES,KONTENER,RAKOMANYSULY) values ('065604','1','20,257');
Insert into S_HOZZARENDEL (MEGRENDELES,KONTENER,RAKOMANYSULY) values ('065604','3','22,679');
Insert into S_HOZZARENDEL (MEGRENDELES,KONTENER,RAKOMANYSULY) values ('065604','5','21,282');
Insert into S_HOZZARENDEL (MEGRENDELES,KONTENER,RAKOMANYSULY) values ('065604','6','21,9042');
Insert into S_HOZZARENDEL (MEGRENDELES,KONTENER,RAKOMANYSULY) values ('065604','8','22,0449');
Insert into S_HOZZARENDEL (MEGRENDELES,KONTENER,RAKOMANYSULY) values ('056201','2','22,2669');
Insert into S_HOZZARENDEL (MEGRENDELES,KONTENER,RAKOMANYSULY) values ('056201','4','18,0586');
Insert into S_HOZZARENDEL (MEGRENDELES,KONTENER,RAKOMANYSULY) values ('053901','2','20,4532');
Insert into S_HOZZARENDEL (MEGRENDELES,KONTENER,RAKOMANYSULY) values ('053901','3','21,2701');
Insert into S_HOZZARENDEL (MEGRENDELES,KONTENER,RAKOMANYSULY) values ('053901','5','21,52');
Insert into S_HOZZARENDEL (MEGRENDELES,KONTENER,RAKOMANYSULY) values ('053901','7','20,4693');
Insert into S_HOZZARENDEL (MEGRENDELES,KONTENER,RAKOMANYSULY) values ('053901','9','21,1454');
Insert into S_HOZZARENDEL (MEGRENDELES,KONTENER,RAKOMANYSULY) values ('053901','11','22,0826');
Insert into S_HOZZARENDEL (MEGRENDELES,KONTENER,RAKOMANYSULY) values ('053901','12','20,6765');
Insert into S_HOZZARENDEL (MEGRENDELES,KONTENER,RAKOMANYSULY) values ('053901','14','22,9719');
Insert into S_HOZZARENDEL (MEGRENDELES,KONTENER,RAKOMANYSULY) values ('053901','16','22,4537');
Insert into S_HOZZARENDEL (MEGRENDELES,KONTENER,RAKOMANYSULY) values ('053901','18','21,9151');
Insert into S_HOZZARENDEL (MEGRENDELES,KONTENER,RAKOMANYSULY) values ('053901','20','19,8628');
Insert into S_HOZZARENDEL (MEGRENDELES,KONTENER,RAKOMANYSULY) values ('053901','21','20,1303');
Insert into S_HOZZARENDEL (MEGRENDELES,KONTENER,RAKOMANYSULY) values ('053901','23','22,9507');
Insert into S_HOZZARENDEL (MEGRENDELES,KONTENER,RAKOMANYSULY) values ('053901','25','21,1071');
Insert into S_HOZZARENDEL (MEGRENDELES,KONTENER,RAKOMANYSULY) values ('054202','35','19,4323');
Insert into S_HOZZARENDEL (MEGRENDELES,KONTENER,RAKOMANYSULY) values ('054202','37','22,236');
Insert into S_HOZZARENDEL (MEGRENDELES,KONTENER,RAKOMANYSULY) values ('054202','39','22,1468');
Insert into S_HOZZARENDEL (MEGRENDELES,KONTENER,RAKOMANYSULY) values ('054202','41','21,3459');
Insert into S_HOZZARENDEL (MEGRENDELES,KONTENER,RAKOMANYSULY) values ('053903','1','19,8853');
Insert into S_HOZZARENDEL (MEGRENDELES,KONTENER,RAKOMANYSULY) values ('053903','3','22,9782');
Insert into S_HOZZARENDEL (MEGRENDELES,KONTENER,RAKOMANYSULY) values ('053903','5','21,7364');
Insert into S_HOZZARENDEL (MEGRENDELES,KONTENER,RAKOMANYSULY) values ('053903','7','20,9623');
Insert into S_HOZZARENDEL (MEGRENDELES,KONTENER,RAKOMANYSULY) values ('053903','9','19,1181');
Insert into S_HOZZARENDEL (MEGRENDELES,KONTENER,RAKOMANYSULY) values ('053903','10','22,3789');
Insert into S_HOZZARENDEL (MEGRENDELES,KONTENER,RAKOMANYSULY) values ('053903','12','21,919');
Insert into S_HOZZARENDEL (MEGRENDELES,KONTENER,RAKOMANYSULY) values ('053903','14','22,2311');
Insert into S_HOZZARENDEL (MEGRENDELES,KONTENER,RAKOMANYSULY) values ('053903','16','22,0403');
Insert into S_HOZZARENDEL (MEGRENDELES,KONTENER,RAKOMANYSULY) values ('053903','18','20,2316');
Insert into S_HOZZARENDEL (MEGRENDELES,KONTENER,RAKOMANYSULY) values ('053903','19','22,6095');
Insert into S_HOZZARENDEL (MEGRENDELES,KONTENER,RAKOMANYSULY) values ('053903','21','19,4214');
Insert into S_HOZZARENDEL (MEGRENDELES,KONTENER,RAKOMANYSULY) values ('053903','23','22,8985');
Insert into S_HOZZARENDEL (MEGRENDELES,KONTENER,RAKOMANYSULY) values ('053903','25','19,6646');
Insert into S_HOZZARENDEL (MEGRENDELES,KONTENER,RAKOMANYSULY) values ('053903','27','21,1921');
Insert into S_HOZZARENDEL (MEGRENDELES,KONTENER,RAKOMANYSULY) values ('053903','28','22,8935');
Insert into S_HOZZARENDEL (MEGRENDELES,KONTENER,RAKOMANYSULY) values ('053903','30','21,9681');
Insert into S_HOZZARENDEL (MEGRENDELES,KONTENER,RAKOMANYSULY) values ('053903','32','22,1278');
Insert into S_HOZZARENDEL (MEGRENDELES,KONTENER,RAKOMANYSULY) values ('053903','34','19,424');
Insert into S_HOZZARENDEL (MEGRENDELES,KONTENER,RAKOMANYSULY) values ('053903','36','22,4358');
Insert into S_HOZZARENDEL (MEGRENDELES,KONTENER,RAKOMANYSULY) values ('053903','37','22,1346');
Insert into S_HOZZARENDEL (MEGRENDELES,KONTENER,RAKOMANYSULY) values ('053903','39','21,5252');
Insert into S_HOZZARENDEL (MEGRENDELES,KONTENER,RAKOMANYSULY) values ('053903','41','19,0654');
Insert into S_HOZZARENDEL (MEGRENDELES,KONTENER,RAKOMANYSULY) values ('053903','43','19,6523');
Insert into S_HOZZARENDEL (MEGRENDELES,KONTENER,RAKOMANYSULY) values ('053903','45','18,6574');
Insert into S_HOZZARENDEL (MEGRENDELES,KONTENER,RAKOMANYSULY) values ('053903','46','21,2791');
Insert into S_HOZZARENDEL (MEGRENDELES,KONTENER,RAKOMANYSULY) values ('053903','48','20,2788');
Insert into S_HOZZARENDEL (MEGRENDELES,KONTENER,RAKOMANYSULY) values ('053903','50','22,4659');
Insert into S_HOZZARENDEL (MEGRENDELES,KONTENER,RAKOMANYSULY) values ('055101','2','20,3658');
Insert into S_HOZZARENDEL (MEGRENDELES,KONTENER,RAKOMANYSULY) values ('055101','4','22,6382');
Insert into S_HOZZARENDEL (MEGRENDELES,KONTENER,RAKOMANYSULY) values ('055101','5','18,9569');
Insert into S_HOZZARENDEL (MEGRENDELES,KONTENER,RAKOMANYSULY) values ('063302','2','21,7285');
Insert into S_HOZZARENDEL (MEGRENDELES,KONTENER,RAKOMANYSULY) values ('063302','4','22,9594');
Insert into S_HOZZARENDEL (MEGRENDELES,KONTENER,RAKOMANYSULY) values ('063302','6','20,2775');
Insert into S_HOZZARENDEL (MEGRENDELES,KONTENER,RAKOMANYSULY) values ('063302','8','22,5816');
Insert into S_HOZZARENDEL (MEGRENDELES,KONTENER,RAKOMANYSULY) values ('063302','10','18,8029');
Insert into S_HOZZARENDEL (MEGRENDELES,KONTENER,RAKOMANYSULY) values ('065101','1','22,584');
Insert into S_HOZZARENDEL (MEGRENDELES,KONTENER,RAKOMANYSULY) values ('065101','3','22,8138');
Insert into S_HOZZARENDEL (MEGRENDELES,KONTENER,RAKOMANYSULY) values ('065101','5','19,9505');
Insert into S_HOZZARENDEL (MEGRENDELES,KONTENER,RAKOMANYSULY) values ('065101','7','20,3729');
Insert into S_HOZZARENDEL (MEGRENDELES,KONTENER,RAKOMANYSULY) values ('065101','9','22,2619');
Insert into S_HOZZARENDEL (MEGRENDELES,KONTENER,RAKOMANYSULY) values ('065101','10','21,7643');
Insert into S_HOZZARENDEL (MEGRENDELES,KONTENER,RAKOMANYSULY) values ('073901','2','20,3765');
Insert into S_HOZZARENDEL (MEGRENDELES,KONTENER,RAKOMANYSULY) values ('073901','4','22,8898');
Insert into S_HOZZARENDEL (MEGRENDELES,KONTENER,RAKOMANYSULY) values ('073901','6','22,5522');
Insert into S_HOZZARENDEL (MEGRENDELES,KONTENER,RAKOMANYSULY) values ('073901','8','20,2593');
Insert into S_HOZZARENDEL (MEGRENDELES,KONTENER,RAKOMANYSULY) values ('073901','9','21,4296');
Insert into S_HOZZARENDEL (MEGRENDELES,KONTENER,RAKOMANYSULY) values ('073901','11','19,314');
Insert into S_HOZZARENDEL (MEGRENDELES,KONTENER,RAKOMANYSULY) values ('073901','13','22,9784');
Insert into S_HOZZARENDEL (MEGRENDELES,KONTENER,RAKOMANYSULY) values ('073901','15','22,4297');
Insert into S_HOZZARENDEL (MEGRENDELES,KONTENER,RAKOMANYSULY) values ('073901','17','22,4121');
Insert into S_HOZZARENDEL (MEGRENDELES,KONTENER,RAKOMANYSULY) values ('073901','18','21,0245');
Insert into S_HOZZARENDEL (MEGRENDELES,KONTENER,RAKOMANYSULY) values ('073901','20','20,3726');
Insert into S_HOZZARENDEL (MEGRENDELES,KONTENER,RAKOMANYSULY) values ('073901','22','21,1423');
Insert into S_HOZZARENDEL (MEGRENDELES,KONTENER,RAKOMANYSULY) values ('073901','24','21,2578');
Insert into S_HOZZARENDEL (MEGRENDELES,KONTENER,RAKOMANYSULY) values ('073901','26','18,2297');
Insert into S_HOZZARENDEL (MEGRENDELES,KONTENER,RAKOMANYSULY) values ('073901','27','22,1335');
Insert into S_HOZZARENDEL (MEGRENDELES,KONTENER,RAKOMANYSULY) values ('073901','29','20,4539');
Insert into S_HOZZARENDEL (MEGRENDELES,KONTENER,RAKOMANYSULY) values ('073901','31','21,3207');
Insert into S_HOZZARENDEL (MEGRENDELES,KONTENER,RAKOMANYSULY) values ('073901','33','21,6206');
Insert into S_HOZZARENDEL (MEGRENDELES,KONTENER,RAKOMANYSULY) values ('073901','35','21,8468');
Insert into S_HOZZARENDEL (MEGRENDELES,KONTENER,RAKOMANYSULY) values ('073901','36','19,8785');
Insert into S_HOZZARENDEL (MEGRENDELES,KONTENER,RAKOMANYSULY) values ('073901','38','20,9187');
Insert into S_HOZZARENDEL (MEGRENDELES,KONTENER,RAKOMANYSULY) values ('073901','40','20,3514');
Insert into S_HOZZARENDEL (MEGRENDELES,KONTENER,RAKOMANYSULY) values ('073901','42','22,6334');
Insert into S_HOZZARENDEL (MEGRENDELES,KONTENER,RAKOMANYSULY) values ('073901','44','22,3464');
Insert into S_HOZZARENDEL (MEGRENDELES,KONTENER,RAKOMANYSULY) values ('073901','45','18,3973');
Insert into S_HOZZARENDEL (MEGRENDELES,KONTENER,RAKOMANYSULY) values ('073901','47','19,7123');
Insert into S_HOZZARENDEL (MEGRENDELES,KONTENER,RAKOMANYSULY) values ('073901','49','19,9607');
Insert into S_HOZZARENDEL (MEGRENDELES,KONTENER,RAKOMANYSULY) values ('052101','1','22,4176');
Insert into S_HOZZARENDEL (MEGRENDELES,KONTENER,RAKOMANYSULY) values ('052101','3','19,9322');
Insert into S_HOZZARENDEL (MEGRENDELES,KONTENER,RAKOMANYSULY) values ('052101','4','22,2689');
Insert into S_HOZZARENDEL (MEGRENDELES,KONTENER,RAKOMANYSULY) values ('052101','6','19,6724');
Insert into S_HOZZARENDEL (MEGRENDELES,KONTENER,RAKOMANYSULY) values ('052101','8','20,1205');
Insert into S_HOZZARENDEL (MEGRENDELES,KONTENER,RAKOMANYSULY) values ('052101','10','18,7825');
Insert into S_HOZZARENDEL (MEGRENDELES,KONTENER,RAKOMANYSULY) values ('052101','12','21,0691');
Insert into S_HOZZARENDEL (MEGRENDELES,KONTENER,RAKOMANYSULY) values ('052101','14','20,0502');
Insert into S_HOZZARENDEL (MEGRENDELES,KONTENER,RAKOMANYSULY) values ('052101','15','22,2315');
Insert into S_HOZZARENDEL (MEGRENDELES,KONTENER,RAKOMANYSULY) values ('052101','17','20,5563');
Insert into S_HOZZARENDEL (MEGRENDELES,KONTENER,RAKOMANYSULY) values ('052101','19','20,5131');
Insert into S_HOZZARENDEL (MEGRENDELES,KONTENER,RAKOMANYSULY) values ('052101','21','18,709');
Insert into S_HOZZARENDEL (MEGRENDELES,KONTENER,RAKOMANYSULY) values ('052101','23','18,6578');
Insert into S_HOZZARENDEL (MEGRENDELES,KONTENER,RAKOMANYSULY) values ('052101','24','19,3661');
Insert into S_HOZZARENDEL (MEGRENDELES,KONTENER,RAKOMANYSULY) values ('052101','26','20,2656');
Insert into S_HOZZARENDEL (MEGRENDELES,KONTENER,RAKOMANYSULY) values ('052101','28','22,7194');
Insert into S_HOZZARENDEL (MEGRENDELES,KONTENER,RAKOMANYSULY) values ('052101','30','19,5544');
Insert into S_HOZZARENDEL (MEGRENDELES,KONTENER,RAKOMANYSULY) values ('052101','32','21,5511');
Insert into S_HOZZARENDEL (MEGRENDELES,KONTENER,RAKOMANYSULY) values ('052101','33','19,893');
Insert into S_HOZZARENDEL (MEGRENDELES,KONTENER,RAKOMANYSULY) values ('052101','35','20,9967');
Insert into S_HOZZARENDEL (MEGRENDELES,KONTENER,RAKOMANYSULY) values ('043301','2','22,117');
Insert into S_HOZZARENDEL (MEGRENDELES,KONTENER,RAKOMANYSULY) values ('043301','4','22,7457');
Insert into S_HOZZARENDEL (MEGRENDELES,KONTENER,RAKOMANYSULY) values ('043301','6','20,661');
Insert into S_HOZZARENDEL (MEGRENDELES,KONTENER,RAKOMANYSULY) values ('043301','7','22,5608');
Insert into S_HOZZARENDEL (MEGRENDELES,KONTENER,RAKOMANYSULY) values ('054201','3','19,475');
Insert into S_HOZZARENDEL (MEGRENDELES,KONTENER,RAKOMANYSULY) values ('054201','5','21,817');
Insert into S_HOZZARENDEL (MEGRENDELES,KONTENER,RAKOMANYSULY) values ('054201','7','18,6577');
Insert into S_HOZZARENDEL (MEGRENDELES,KONTENER,RAKOMANYSULY) values ('054201','8','22,7446');
Insert into S_HOZZARENDEL (MEGRENDELES,KONTENER,RAKOMANYSULY) values ('054201','10','21,8402');
Insert into S_HOZZARENDEL (MEGRENDELES,KONTENER,RAKOMANYSULY) values ('054201','12','19,7719');
Insert into S_HOZZARENDEL (MEGRENDELES,KONTENER,RAKOMANYSULY) values ('054201','14','21,427');
Insert into S_HOZZARENDEL (MEGRENDELES,KONTENER,RAKOMANYSULY) values ('054201','16','20,1139');
Insert into S_HOZZARENDEL (MEGRENDELES,KONTENER,RAKOMANYSULY) values ('054201','17','21,0453');
Insert into S_HOZZARENDEL (MEGRENDELES,KONTENER,RAKOMANYSULY) values ('054201','19','22,5586');
Insert into S_HOZZARENDEL (MEGRENDELES,KONTENER,RAKOMANYSULY) values ('054201','21','22,8252');
Insert into S_HOZZARENDEL (MEGRENDELES,KONTENER,RAKOMANYSULY) values ('054201','23','18,0544');
Insert into S_HOZZARENDEL (MEGRENDELES,KONTENER,RAKOMANYSULY) values ('054201','25','22,2691');
Insert into S_HOZZARENDEL (MEGRENDELES,KONTENER,RAKOMANYSULY) values ('054201','26','20,3634');
Insert into S_HOZZARENDEL (MEGRENDELES,KONTENER,RAKOMANYSULY) values ('054201','28','20,4309');
Insert into S_HOZZARENDEL (MEGRENDELES,KONTENER,RAKOMANYSULY) values ('054201','30','22,7629');
Insert into S_HOZZARENDEL (MEGRENDELES,KONTENER,RAKOMANYSULY) values ('054201','32','18,6035');
commit;    




Insert into S_SZALLIT (UT,KONTENER,MEGRENDELES) values ('0530002','1','041202');
Insert into S_SZALLIT (UT,KONTENER,MEGRENDELES) values ('0530003','1','055603');
Insert into S_SZALLIT (UT,KONTENER,MEGRENDELES) values ('0530004','1','043301');
Insert into S_SZALLIT (UT,KONTENER,MEGRENDELES) values ('0530005','1','052403');
Insert into S_SZALLIT (UT,KONTENER,MEGRENDELES) values ('0530006','1','052402');
Insert into S_SZALLIT (UT,KONTENER,MEGRENDELES) values ('0530007','1','052401');
Insert into S_SZALLIT (UT,KONTENER,MEGRENDELES) values ('0530008','1','050401');
Insert into S_SZALLIT (UT,KONTENER,MEGRENDELES) values ('0530009','1','053402');
Insert into S_SZALLIT (UT,KONTENER,MEGRENDELES) values ('0535001','1','042002');
Insert into S_SZALLIT (UT,KONTENER,MEGRENDELES) values ('0535001','1','055602');
Insert into S_SZALLIT (UT,KONTENER,MEGRENDELES) values ('0535002','1','052101');
Insert into S_SZALLIT (UT,KONTENER,MEGRENDELES) values ('0535003','1','053903');
Insert into S_SZALLIT (UT,KONTENER,MEGRENDELES) values ('0535004','1','054201');
Insert into S_SZALLIT (UT,KONTENER,MEGRENDELES) values ('0535005','1','053301');
Insert into S_SZALLIT (UT,KONTENER,MEGRENDELES) values ('0545001','1','053901');
Insert into S_SZALLIT (UT,KONTENER,MEGRENDELES) values ('0545002','1','054202');
Insert into S_SZALLIT (UT,KONTENER,MEGRENDELES) values ('0545003','1','053902');
Insert into S_SZALLIT (UT,KONTENER,MEGRENDELES) values ('0545004','1','050101');
Insert into S_SZALLIT (UT,KONTENER,MEGRENDELES) values ('0545006','1','053401');
Insert into S_SZALLIT (UT,KONTENER,MEGRENDELES) values ('0620001','1','050901');
Insert into S_SZALLIT (UT,KONTENER,MEGRENDELES) values ('0620001','1','054502');
Insert into S_SZALLIT (UT,KONTENER,MEGRENDELES) values ('0620002','1','054502');
Insert into S_SZALLIT (UT,KONTENER,MEGRENDELES) values ('0620003','1','054502');
Insert into S_SZALLIT (UT,KONTENER,MEGRENDELES) values ('0620003','1','054503');
Insert into S_SZALLIT (UT,KONTENER,MEGRENDELES) values ('0620003','1','054804');
Insert into S_SZALLIT (UT,KONTENER,MEGRENDELES) values ('0620004','1','054503');
Insert into S_SZALLIT (UT,KONTENER,MEGRENDELES) values ('0620004','1','054804');
Insert into S_SZALLIT (UT,KONTENER,MEGRENDELES) values ('0620005','1','054804');
Insert into S_SZALLIT (UT,KONTENER,MEGRENDELES) values ('0620005','1','055005');
Insert into S_SZALLIT (UT,KONTENER,MEGRENDELES) values ('0620006','1','055005');
Insert into S_SZALLIT (UT,KONTENER,MEGRENDELES) values ('0620007','1','053207');
Insert into S_SZALLIT (UT,KONTENER,MEGRENDELES) values ('0620007','1','054506');
Insert into S_SZALLIT (UT,KONTENER,MEGRENDELES) values ('0620007','1','054708');
Insert into S_SZALLIT (UT,KONTENER,MEGRENDELES) values ('0620008','1','053207');
Insert into S_SZALLIT (UT,KONTENER,MEGRENDELES) values ('0620008','1','054708');
Insert into S_SZALLIT (UT,KONTENER,MEGRENDELES) values ('0620009','1','054708');
Insert into S_SZALLIT (UT,KONTENER,MEGRENDELES) values ('0630001','1','065601');
Insert into S_SZALLIT (UT,KONTENER,MEGRENDELES) values ('0630002','1','060401');
Insert into S_SZALLIT (UT,KONTENER,MEGRENDELES) values ('0630003','1','060201');
Insert into S_SZALLIT (UT,KONTENER,MEGRENDELES) values ('0630004','1','060901');
Insert into S_SZALLIT (UT,KONTENER,MEGRENDELES) values ('0630005','1','062601');
Insert into S_SZALLIT (UT,KONTENER,MEGRENDELES) values ('0635003','1','065602');
Insert into S_SZALLIT (UT,KONTENER,MEGRENDELES) values ('0635004','1','065603');
Insert into S_SZALLIT (UT,KONTENER,MEGRENDELES) values ('0635005','1','061601');
Insert into S_SZALLIT (UT,KONTENER,MEGRENDELES) values ('0635005','1','061701');
Insert into S_SZALLIT (UT,KONTENER,MEGRENDELES) values ('0635005','1','063701');
Insert into S_SZALLIT (UT,KONTENER,MEGRENDELES) values ('0635006','1','063702');
Insert into S_SZALLIT (UT,KONTENER,MEGRENDELES) values ('0640001','1','045001');
Insert into S_SZALLIT (UT,KONTENER,MEGRENDELES) values ('0640002','1','051902');
Insert into S_SZALLIT (UT,KONTENER,MEGRENDELES) values ('0640003','1','051803');
Insert into S_SZALLIT (UT,KONTENER,MEGRENDELES) values ('0640004','1','055604');
Insert into S_SZALLIT (UT,KONTENER,MEGRENDELES) values ('0640005','1','053605');
Insert into S_SZALLIT (UT,KONTENER,MEGRENDELES) values ('0640006','1','054806');
Insert into S_SZALLIT (UT,KONTENER,MEGRENDELES) values ('0640007','1','056207');
Insert into S_SZALLIT (UT,KONTENER,MEGRENDELES) values ('0640008','1','053208');
Insert into S_SZALLIT (UT,KONTENER,MEGRENDELES) values ('0640009','1','051309');
Insert into S_SZALLIT (UT,KONTENER,MEGRENDELES) values ('0640010','1','055110');
Insert into S_SZALLIT (UT,KONTENER,MEGRENDELES) values ('0645001','1','053501');
Insert into S_SZALLIT (UT,KONTENER,MEGRENDELES) values ('0645003','1','060101');
Insert into S_SZALLIT (UT,KONTENER,MEGRENDELES) values ('0645004','1','060102');
Insert into S_SZALLIT (UT,KONTENER,MEGRENDELES) values ('0645004','1','060202');
Insert into S_SZALLIT (UT,KONTENER,MEGRENDELES) values ('0645004','1','063301');
Insert into S_SZALLIT (UT,KONTENER,MEGRENDELES) values ('0645004','1','063501');
Insert into S_SZALLIT (UT,KONTENER,MEGRENDELES) values ('0645005','1','053302');
Insert into S_SZALLIT (UT,KONTENER,MEGRENDELES) values ('0645005','1','053502');
Insert into S_SZALLIT (UT,KONTENER,MEGRENDELES) values ('0645005','1','055101');
Insert into S_SZALLIT (UT,KONTENER,MEGRENDELES) values ('0645005','1','055601');
Insert into S_SZALLIT (UT,KONTENER,MEGRENDELES) values ('0645005','1','056201');
Insert into S_SZALLIT (UT,KONTENER,MEGRENDELES) values ('0725001','1','071701');
Insert into S_SZALLIT (UT,KONTENER,MEGRENDELES) values ('0725001','1','073702');
Insert into S_SZALLIT (UT,KONTENER,MEGRENDELES) values ('0725002','1','073702');
Insert into S_SZALLIT (UT,KONTENER,MEGRENDELES) values ('0725003','1','075105');
Insert into S_SZALLIT (UT,KONTENER,MEGRENDELES) values ('0725003','1','076003');
Insert into S_SZALLIT (UT,KONTENER,MEGRENDELES) values ('0725003','1','076004');
Insert into S_SZALLIT (UT,KONTENER,MEGRENDELES) values ('0725004','1','075105');
Insert into S_SZALLIT (UT,KONTENER,MEGRENDELES) values ('0725004','1','076004');
Insert into S_SZALLIT (UT,KONTENER,MEGRENDELES) values ('0725005','1','075105');
Insert into S_SZALLIT (UT,KONTENER,MEGRENDELES) values ('0725006','1','065106');
Insert into S_SZALLIT (UT,KONTENER,MEGRENDELES) values ('0725006','1','075105');
Insert into S_SZALLIT (UT,KONTENER,MEGRENDELES) values ('0730001','1','062602');
Insert into S_SZALLIT (UT,KONTENER,MEGRENDELES) values ('0735001','1','065301');
Insert into S_SZALLIT (UT,KONTENER,MEGRENDELES) values ('0750001','1','025001');
Insert into S_SZALLIT (UT,KONTENER,MEGRENDELES) values ('0750002','1','063303');
Insert into S_SZALLIT (UT,KONTENER,MEGRENDELES) values ('0750003','1','065903');
Insert into S_SZALLIT (UT,KONTENER,MEGRENDELES) values ('0750004','1','062501');
Insert into S_SZALLIT (UT,KONTENER,MEGRENDELES) values ('0750005','1','074101');
Insert into S_SZALLIT (UT,KONTENER,MEGRENDELES) values ('0825007','1','071109');
Insert into S_SZALLIT (UT,KONTENER,MEGRENDELES) values ('0825007','1','075407');
Insert into S_SZALLIT (UT,KONTENER,MEGRENDELES) values ('0825007','1','075908');
Insert into S_SZALLIT (UT,KONTENER,MEGRENDELES) values ('0825008','1','071109');
Insert into S_SZALLIT (UT,KONTENER,MEGRENDELES) values ('0825008','1','075908');
Insert into S_SZALLIT (UT,KONTENER,MEGRENDELES) values ('0825009','1','071109');
Insert into S_SZALLIT (UT,KONTENER,MEGRENDELES) values ('0825010','1','0762010');
Insert into S_SZALLIT (UT,KONTENER,MEGRENDELES) values ('0825011','1','0762010');
Insert into S_SZALLIT (UT,KONTENER,MEGRENDELES) values ('1050001','1','081601');
Insert into S_SZALLIT (UT,KONTENER,MEGRENDELES) values ('1050002','1','082102');
Insert into S_SZALLIT (UT,KONTENER,MEGRENDELES) values ('1050003','1','065605');
Insert into S_SZALLIT (UT,KONTENER,MEGRENDELES) values ('1050004','1','082901');
Insert into S_SZALLIT (UT,KONTENER,MEGRENDELES) values ('1050005','1','083401');
Insert into S_SZALLIT (UT,KONTENER,MEGRENDELES) values ('1050006','1','086201');
Insert into S_SZALLIT (UT,KONTENER,MEGRENDELES) values ('0530002','2','041202');
Insert into S_SZALLIT (UT,KONTENER,MEGRENDELES) values ('0530003','2','055603');
Insert into S_SZALLIT (UT,KONTENER,MEGRENDELES) values ('0530004','2','043301');
Insert into S_SZALLIT (UT,KONTENER,MEGRENDELES) values ('0530005','2','052403');
Insert into S_SZALLIT (UT,KONTENER,MEGRENDELES) values ('0530006','2','052402');
Insert into S_SZALLIT (UT,KONTENER,MEGRENDELES) values ('0530007','2','052401');
Insert into S_SZALLIT (UT,KONTENER,MEGRENDELES) values ('0530008','2','050401');
Insert into S_SZALLIT (UT,KONTENER,MEGRENDELES) values ('0530009','2','053402');
Insert into S_SZALLIT (UT,KONTENER,MEGRENDELES) values ('0535001','2','042002');
Insert into S_SZALLIT (UT,KONTENER,MEGRENDELES) values ('0535001','2','055602');
Insert into S_SZALLIT (UT,KONTENER,MEGRENDELES) values ('0535002','2','052101');
Insert into S_SZALLIT (UT,KONTENER,MEGRENDELES) values ('0535003','2','053903');
Insert into S_SZALLIT (UT,KONTENER,MEGRENDELES) values ('0535004','2','054201');
Insert into S_SZALLIT (UT,KONTENER,MEGRENDELES) values ('0535005','2','053301');
Insert into S_SZALLIT (UT,KONTENER,MEGRENDELES) values ('0545001','2','053901');
Insert into S_SZALLIT (UT,KONTENER,MEGRENDELES) values ('0545002','2','054202');
Insert into S_SZALLIT (UT,KONTENER,MEGRENDELES) values ('0545003','2','053902');
Insert into S_SZALLIT (UT,KONTENER,MEGRENDELES) values ('0545004','2','050101');
Insert into S_SZALLIT (UT,KONTENER,MEGRENDELES) values ('0545006','2','053401');
Insert into S_SZALLIT (UT,KONTENER,MEGRENDELES) values ('0620001','2','050901');
Insert into S_SZALLIT (UT,KONTENER,MEGRENDELES) values ('0620001','2','054502');
Insert into S_SZALLIT (UT,KONTENER,MEGRENDELES) values ('0620002','2','054502');
Insert into S_SZALLIT (UT,KONTENER,MEGRENDELES) values ('0620003','2','054502');
Insert into S_SZALLIT (UT,KONTENER,MEGRENDELES) values ('0620003','2','054503');
Insert into S_SZALLIT (UT,KONTENER,MEGRENDELES) values ('0620003','2','054804');
Insert into S_SZALLIT (UT,KONTENER,MEGRENDELES) values ('0620004','2','054503');
Insert into S_SZALLIT (UT,KONTENER,MEGRENDELES) values ('0620004','2','054804');
Insert into S_SZALLIT (UT,KONTENER,MEGRENDELES) values ('0620005','2','054804');
Insert into S_SZALLIT (UT,KONTENER,MEGRENDELES) values ('0620005','2','055005');
Insert into S_SZALLIT (UT,KONTENER,MEGRENDELES) values ('0620006','2','055005');
Insert into S_SZALLIT (UT,KONTENER,MEGRENDELES) values ('0620007','2','053207');
Insert into S_SZALLIT (UT,KONTENER,MEGRENDELES) values ('0620007','2','054506');
Insert into S_SZALLIT (UT,KONTENER,MEGRENDELES) values ('0620007','2','054708');
Insert into S_SZALLIT (UT,KONTENER,MEGRENDELES) values ('0620008','2','053207');
Insert into S_SZALLIT (UT,KONTENER,MEGRENDELES) values ('0620008','2','054708');
Insert into S_SZALLIT (UT,KONTENER,MEGRENDELES) values ('0620009','2','054708');
Insert into S_SZALLIT (UT,KONTENER,MEGRENDELES) values ('0630001','2','065601');
Insert into S_SZALLIT (UT,KONTENER,MEGRENDELES) values ('0630002','2','060401');
Insert into S_SZALLIT (UT,KONTENER,MEGRENDELES) values ('0630003','2','060201');
Insert into S_SZALLIT (UT,KONTENER,MEGRENDELES) values ('0630004','2','060901');
Insert into S_SZALLIT (UT,KONTENER,MEGRENDELES) values ('0630005','2','062601');
Insert into S_SZALLIT (UT,KONTENER,MEGRENDELES) values ('0635003','2','065602');
Insert into S_SZALLIT (UT,KONTENER,MEGRENDELES) values ('0635004','2','065603');
Insert into S_SZALLIT (UT,KONTENER,MEGRENDELES) values ('0635005','2','061601');
Insert into S_SZALLIT (UT,KONTENER,MEGRENDELES) values ('0635005','2','061701');
Insert into S_SZALLIT (UT,KONTENER,MEGRENDELES) values ('0635005','2','063701');
Insert into S_SZALLIT (UT,KONTENER,MEGRENDELES) values ('0635006','2','063702');
Insert into S_SZALLIT (UT,KONTENER,MEGRENDELES) values ('0640001','2','045001');
Insert into S_SZALLIT (UT,KONTENER,MEGRENDELES) values ('0640003','2','051803');
Insert into S_SZALLIT (UT,KONTENER,MEGRENDELES) values ('0640004','2','055604');
Insert into S_SZALLIT (UT,KONTENER,MEGRENDELES) values ('0640005','2','053605');
Insert into S_SZALLIT (UT,KONTENER,MEGRENDELES) values ('0640006','2','054806');
Insert into S_SZALLIT (UT,KONTENER,MEGRENDELES) values ('0640007','2','056207');
Insert into S_SZALLIT (UT,KONTENER,MEGRENDELES) values ('0640008','2','053208');
Insert into S_SZALLIT (UT,KONTENER,MEGRENDELES) values ('0640009','2','051309');
Insert into S_SZALLIT (UT,KONTENER,MEGRENDELES) values ('0645001','2','053501');
Insert into S_SZALLIT (UT,KONTENER,MEGRENDELES) values ('0645003','2','060101');
Insert into S_SZALLIT (UT,KONTENER,MEGRENDELES) values ('0645004','2','060102');
Insert into S_SZALLIT (UT,KONTENER,MEGRENDELES) values ('0645004','2','060202');
Insert into S_SZALLIT (UT,KONTENER,MEGRENDELES) values ('0645004','2','063301');
Insert into S_SZALLIT (UT,KONTENER,MEGRENDELES) values ('0645004','2','063501');
Insert into S_SZALLIT (UT,KONTENER,MEGRENDELES) values ('0645005','2','053302');
Insert into S_SZALLIT (UT,KONTENER,MEGRENDELES) values ('0645005','2','053502');
Insert into S_SZALLIT (UT,KONTENER,MEGRENDELES) values ('0645005','2','055101');
Insert into S_SZALLIT (UT,KONTENER,MEGRENDELES) values ('0645005','2','055601');
Insert into S_SZALLIT (UT,KONTENER,MEGRENDELES) values ('0645005','2','056201');
Insert into S_SZALLIT (UT,KONTENER,MEGRENDELES) values ('0725001','2','071701');
Insert into S_SZALLIT (UT,KONTENER,MEGRENDELES) values ('0725001','2','073702');
Insert into S_SZALLIT (UT,KONTENER,MEGRENDELES) values ('0725002','2','073702');
Insert into S_SZALLIT (UT,KONTENER,MEGRENDELES) values ('0725003','2','076003');
Insert into S_SZALLIT (UT,KONTENER,MEGRENDELES) values ('0725003','2','076004');
Insert into S_SZALLIT (UT,KONTENER,MEGRENDELES) values ('0725004','2','076004');
Insert into S_SZALLIT (UT,KONTENER,MEGRENDELES) values ('0725006','2','065106');
Insert into S_SZALLIT (UT,KONTENER,MEGRENDELES) values ('0730001','2','062602');
Insert into S_SZALLIT (UT,KONTENER,MEGRENDELES) values ('0735001','2','065301');
Insert into S_SZALLIT (UT,KONTENER,MEGRENDELES) values ('0750001','2','025001');
Insert into S_SZALLIT (UT,KONTENER,MEGRENDELES) values ('0750002','2','063303');
Insert into S_SZALLIT (UT,KONTENER,MEGRENDELES) values ('0750003','2','065903');
Insert into S_SZALLIT (UT,KONTENER,MEGRENDELES) values ('0750004','2','062501');
Insert into S_SZALLIT (UT,KONTENER,MEGRENDELES) values ('0750005','2','074101');
Insert into S_SZALLIT (UT,KONTENER,MEGRENDELES) values ('0825007','2','071109');
Insert into S_SZALLIT (UT,KONTENER,MEGRENDELES) values ('0825008','2','071109');
Insert into S_SZALLIT (UT,KONTENER,MEGRENDELES) values ('0825009','2','071109');
Insert into S_SZALLIT (UT,KONTENER,MEGRENDELES) values ('0825010','2','0762010');
Insert into S_SZALLIT (UT,KONTENER,MEGRENDELES) values ('0825011','2','0762010');
Insert into S_SZALLIT (UT,KONTENER,MEGRENDELES) values ('1050001','2','081601');
Insert into S_SZALLIT (UT,KONTENER,MEGRENDELES) values ('1050002','2','082102');
Insert into S_SZALLIT (UT,KONTENER,MEGRENDELES) values ('1050003','2','065605');
Insert into S_SZALLIT (UT,KONTENER,MEGRENDELES) values ('1050004','2','082901');
Insert into S_SZALLIT (UT,KONTENER,MEGRENDELES) values ('1050005','2','083401');
Insert into S_SZALLIT (UT,KONTENER,MEGRENDELES) values ('0530002','3','041202');
Insert into S_SZALLIT (UT,KONTENER,MEGRENDELES) values ('0530003','3','055603');
Insert into S_SZALLIT (UT,KONTENER,MEGRENDELES) values ('0530004','3','043301');
Insert into S_SZALLIT (UT,KONTENER,MEGRENDELES) values ('0530005','3','052403');
Insert into S_SZALLIT (UT,KONTENER,MEGRENDELES) values ('0530006','3','052402');
Insert into S_SZALLIT (UT,KONTENER,MEGRENDELES) values ('0530007','3','052401');
Insert into S_SZALLIT (UT,KONTENER,MEGRENDELES) values ('0530008','3','050401');
Insert into S_SZALLIT (UT,KONTENER,MEGRENDELES) values ('0530009','3','053402');
Insert into S_SZALLIT (UT,KONTENER,MEGRENDELES) values ('0535001','3','042002');
Insert into S_SZALLIT (UT,KONTENER,MEGRENDELES) values ('0535001','3','055602');
Insert into S_SZALLIT (UT,KONTENER,MEGRENDELES) values ('0535002','3','052101');
Insert into S_SZALLIT (UT,KONTENER,MEGRENDELES) values ('0535003','3','053903');
Insert into S_SZALLIT (UT,KONTENER,MEGRENDELES) values ('0535004','3','054201');
Insert into S_SZALLIT (UT,KONTENER,MEGRENDELES) values ('0535005','3','053301');
Insert into S_SZALLIT (UT,KONTENER,MEGRENDELES) values ('0545001','3','053901');
Insert into S_SZALLIT (UT,KONTENER,MEGRENDELES) values ('0545002','3','054202');
Insert into S_SZALLIT (UT,KONTENER,MEGRENDELES) values ('0545003','3','053902');
Insert into S_SZALLIT (UT,KONTENER,MEGRENDELES) values ('0545004','3','050101');
Insert into S_SZALLIT (UT,KONTENER,MEGRENDELES) values ('0545006','3','053401');
Insert into S_SZALLIT (UT,KONTENER,MEGRENDELES) values ('0620001','3','050901');
Insert into S_SZALLIT (UT,KONTENER,MEGRENDELES) values ('0620001','3','054502');
Insert into S_SZALLIT (UT,KONTENER,MEGRENDELES) values ('0620002','3','054502');
Insert into S_SZALLIT (UT,KONTENER,MEGRENDELES) values ('0620003','3','054502');
Insert into S_SZALLIT (UT,KONTENER,MEGRENDELES) values ('0620003','3','054503');
Insert into S_SZALLIT (UT,KONTENER,MEGRENDELES) values ('0620003','3','054804');
Insert into S_SZALLIT (UT,KONTENER,MEGRENDELES) values ('0620004','3','054503');
Insert into S_SZALLIT (UT,KONTENER,MEGRENDELES) values ('0620004','3','054804');
Insert into S_SZALLIT (UT,KONTENER,MEGRENDELES) values ('0620005','3','054804');
Insert into S_SZALLIT (UT,KONTENER,MEGRENDELES) values ('0620005','3','055005');
Insert into S_SZALLIT (UT,KONTENER,MEGRENDELES) values ('0620006','3','055005');
Insert into S_SZALLIT (UT,KONTENER,MEGRENDELES) values ('0620007','3','053207');
Insert into S_SZALLIT (UT,KONTENER,MEGRENDELES) values ('0620007','3','054708');
Insert into S_SZALLIT (UT,KONTENER,MEGRENDELES) values ('0620008','3','053207');
Insert into S_SZALLIT (UT,KONTENER,MEGRENDELES) values ('0620008','3','054708');
Insert into S_SZALLIT (UT,KONTENER,MEGRENDELES) values ('0620009','3','054708');
Insert into S_SZALLIT (UT,KONTENER,MEGRENDELES) values ('0630001','3','065601');
Insert into S_SZALLIT (UT,KONTENER,MEGRENDELES) values ('0630002','3','060401');
Insert into S_SZALLIT (UT,KONTENER,MEGRENDELES) values ('0630003','3','060201');
Insert into S_SZALLIT (UT,KONTENER,MEGRENDELES) values ('0630004','3','060901');
Insert into S_SZALLIT (UT,KONTENER,MEGRENDELES) values ('0630005','3','062601');
Insert into S_SZALLIT (UT,KONTENER,MEGRENDELES) values ('0635003','3','065602');
Insert into S_SZALLIT (UT,KONTENER,MEGRENDELES) values ('0635004','3','065603');
Insert into S_SZALLIT (UT,KONTENER,MEGRENDELES) values ('0635005','3','061601');
Insert into S_SZALLIT (UT,KONTENER,MEGRENDELES) values ('0635005','3','061701');
Insert into S_SZALLIT (UT,KONTENER,MEGRENDELES) values ('0635005','3','063701');
Insert into S_SZALLIT (UT,KONTENER,MEGRENDELES) values ('0635006','3','063702');
Insert into S_SZALLIT (UT,KONTENER,MEGRENDELES) values ('0640001','3','045001');
Insert into S_SZALLIT (UT,KONTENER,MEGRENDELES) values ('0640003','3','051803');
Insert into S_SZALLIT (UT,KONTENER,MEGRENDELES) values ('0640004','3','055604');
Insert into S_SZALLIT (UT,KONTENER,MEGRENDELES) values ('0640005','3','053605');
Insert into S_SZALLIT (UT,KONTENER,MEGRENDELES) values ('0640006','3','054806');
Insert into S_SZALLIT (UT,KONTENER,MEGRENDELES) values ('0640007','3','056207');
Insert into S_SZALLIT (UT,KONTENER,MEGRENDELES) values ('0640008','3','053208');
Insert into S_SZALLIT (UT,KONTENER,MEGRENDELES) values ('0645001','3','053501');
Insert into S_SZALLIT (UT,KONTENER,MEGRENDELES) values ('0645003','3','060101');
Insert into S_SZALLIT (UT,KONTENER,MEGRENDELES) values ('0645004','3','060102');
Insert into S_SZALLIT (UT,KONTENER,MEGRENDELES) values ('0645004','3','060202');
Insert into S_SZALLIT (UT,KONTENER,MEGRENDELES) values ('0645004','3','063301');
Insert into S_SZALLIT (UT,KONTENER,MEGRENDELES) values ('0645004','3','063501');
Insert into S_SZALLIT (UT,KONTENER,MEGRENDELES) values ('0645005','3','053302');
Insert into S_SZALLIT (UT,KONTENER,MEGRENDELES) values ('0645005','3','053502');
Insert into S_SZALLIT (UT,KONTENER,MEGRENDELES) values ('0645005','3','055101');
Insert into S_SZALLIT (UT,KONTENER,MEGRENDELES) values ('0645005','3','055601');
Insert into S_SZALLIT (UT,KONTENER,MEGRENDELES) values ('0645005','3','056201');
Insert into S_SZALLIT (UT,KONTENER,MEGRENDELES) values ('0365002','50','020701');
Insert into S_SZALLIT (UT,KONTENER,MEGRENDELES) values ('0365003','50','020701');
Insert into S_SZALLIT (UT,KONTENER,MEGRENDELES) values ('0365004','50','020701');
Insert into S_SZALLIT (UT,KONTENER,MEGRENDELES) values ('0365005','50','020701');
Insert into S_SZALLIT (UT,KONTENER,MEGRENDELES) values ('0365006','50','020701');
Insert into S_SZALLIT (UT,KONTENER,MEGRENDELES) values ('0365007','50','020701');
Insert into S_SZALLIT (UT,KONTENER,MEGRENDELES) values ('0365008','50','020701');
Insert into S_SZALLIT (UT,KONTENER,MEGRENDELES) values ('0535003','50','053903');
Insert into S_SZALLIT (UT,KONTENER,MEGRENDELES) values ('0545005','50','050401');
Insert into S_SZALLIT (UT,KONTENER,MEGRENDELES) values ('0635002','50','065601');
Insert into S_SZALLIT (UT,KONTENER,MEGRENDELES) values ('0635003','50','065602');
Insert into S_SZALLIT (UT,KONTENER,MEGRENDELES) values ('0645003','50','060101');
Insert into S_SZALLIT (UT,KONTENER,MEGRENDELES) values ('0645006','50','062601');
Insert into S_SZALLIT (UT,KONTENER,MEGRENDELES) values ('0735001','50','065301');
Insert into S_SZALLIT (UT,KONTENER,MEGRENDELES) values ('0745001','50','062602');
Insert into S_SZALLIT (UT,KONTENER,MEGRENDELES) values ('0365002','51','020701');
Insert into S_SZALLIT (UT,KONTENER,MEGRENDELES) values ('0365003','51','020701');
Insert into S_SZALLIT (UT,KONTENER,MEGRENDELES) values ('0365004','51','020701');
Insert into S_SZALLIT (UT,KONTENER,MEGRENDELES) values ('0365005','51','020701');
Insert into S_SZALLIT (UT,KONTENER,MEGRENDELES) values ('0365006','51','020701');
Insert into S_SZALLIT (UT,KONTENER,MEGRENDELES) values ('0365007','51','020701');
Insert into S_SZALLIT (UT,KONTENER,MEGRENDELES) values ('0365008','51','020701');
Insert into S_SZALLIT (UT,KONTENER,MEGRENDELES) values ('0545005','51','050401');
Insert into S_SZALLIT (UT,KONTENER,MEGRENDELES) values ('0635002','51','065601');
Insert into S_SZALLIT (UT,KONTENER,MEGRENDELES) values ('0645006','51','062601');
Insert into S_SZALLIT (UT,KONTENER,MEGRENDELES) values ('0745001','51','062602');
Insert into S_SZALLIT (UT,KONTENER,MEGRENDELES) values ('0365002','52','020701');
Insert into S_SZALLIT (UT,KONTENER,MEGRENDELES) values ('0365003','52','020701');
Insert into S_SZALLIT (UT,KONTENER,MEGRENDELES) values ('0365004','52','020701');
Insert into S_SZALLIT (UT,KONTENER,MEGRENDELES) values ('0365005','52','020701');
Insert into S_SZALLIT (UT,KONTENER,MEGRENDELES) values ('0365006','52','020701');
Insert into S_SZALLIT (UT,KONTENER,MEGRENDELES) values ('0365007','52','020701');
Insert into S_SZALLIT (UT,KONTENER,MEGRENDELES) values ('0365008','52','020701');
Insert into S_SZALLIT (UT,KONTENER,MEGRENDELES) values ('0545005','52','050401');
Insert into S_SZALLIT (UT,KONTENER,MEGRENDELES) values ('0635002','52','065601');
Insert into S_SZALLIT (UT,KONTENER,MEGRENDELES) values ('0645006','52','062601');
Insert into S_SZALLIT (UT,KONTENER,MEGRENDELES) values ('0745001','52','062602');
Insert into S_SZALLIT (UT,KONTENER,MEGRENDELES) values ('0365002','53','020701');
Insert into S_SZALLIT (UT,KONTENER,MEGRENDELES) values ('0365003','53','020701');
Insert into S_SZALLIT (UT,KONTENER,MEGRENDELES) values ('0365004','53','020701');
Insert into S_SZALLIT (UT,KONTENER,MEGRENDELES) values ('0365005','53','020701');
Insert into S_SZALLIT (UT,KONTENER,MEGRENDELES) values ('0365006','53','020701');
Insert into S_SZALLIT (UT,KONTENER,MEGRENDELES) values ('0365007','53','020701');
Insert into S_SZALLIT (UT,KONTENER,MEGRENDELES) values ('0365008','53','020701');
Insert into S_SZALLIT (UT,KONTENER,MEGRENDELES) values ('0545005','53','050401');
Insert into S_SZALLIT (UT,KONTENER,MEGRENDELES) values ('0635002','53','065601');
Insert into S_SZALLIT (UT,KONTENER,MEGRENDELES) values ('0645006','53','062601');
Insert into S_SZALLIT (UT,KONTENER,MEGRENDELES) values ('0745001','53','062602');
Insert into S_SZALLIT (UT,KONTENER,MEGRENDELES) values ('0365002','54','020701');
Insert into S_SZALLIT (UT,KONTENER,MEGRENDELES) values ('0365003','54','020701');
Insert into S_SZALLIT (UT,KONTENER,MEGRENDELES) values ('0365004','54','020701');
Insert into S_SZALLIT (UT,KONTENER,MEGRENDELES) values ('0365005','54','020701');
Insert into S_SZALLIT (UT,KONTENER,MEGRENDELES) values ('0365006','54','020701');
Insert into S_SZALLIT (UT,KONTENER,MEGRENDELES) values ('0365007','54','020701');
Insert into S_SZALLIT (UT,KONTENER,MEGRENDELES) values ('0365008','54','020701');
Insert into S_SZALLIT (UT,KONTENER,MEGRENDELES) values ('0545005','54','050401');
Insert into S_SZALLIT (UT,KONTENER,MEGRENDELES) values ('0635002','54','065601');
Insert into S_SZALLIT (UT,KONTENER,MEGRENDELES) values ('0645006','54','062601');
Insert into S_SZALLIT (UT,KONTENER,MEGRENDELES) values ('0745001','54','062602');
Insert into S_SZALLIT (UT,KONTENER,MEGRENDELES) values ('0365002','55','020701');
Insert into S_SZALLIT (UT,KONTENER,MEGRENDELES) values ('0365003','55','020701');
Insert into S_SZALLIT (UT,KONTENER,MEGRENDELES) values ('0365004','55','020701');
Insert into S_SZALLIT (UT,KONTENER,MEGRENDELES) values ('0365005','55','020701');
Insert into S_SZALLIT (UT,KONTENER,MEGRENDELES) values ('0365006','55','020701');
Insert into S_SZALLIT (UT,KONTENER,MEGRENDELES) values ('0365007','55','020701');
Insert into S_SZALLIT (UT,KONTENER,MEGRENDELES) values ('0365008','55','020701');
Insert into S_SZALLIT (UT,KONTENER,MEGRENDELES) values ('0545005','55','050401');
Insert into S_SZALLIT (UT,KONTENER,MEGRENDELES) values ('0635002','55','065601');
Insert into S_SZALLIT (UT,KONTENER,MEGRENDELES) values ('0645006','55','062601');
Insert into S_SZALLIT (UT,KONTENER,MEGRENDELES) values ('0745001','55','062602');
Insert into S_SZALLIT (UT,KONTENER,MEGRENDELES) values ('0365002','56','020701');
Insert into S_SZALLIT (UT,KONTENER,MEGRENDELES) values ('0365003','56','020701');
Insert into S_SZALLIT (UT,KONTENER,MEGRENDELES) values ('0365004','56','020701');
Insert into S_SZALLIT (UT,KONTENER,MEGRENDELES) values ('0365005','56','020701');
Insert into S_SZALLIT (UT,KONTENER,MEGRENDELES) values ('0365006','56','020701');
Insert into S_SZALLIT (UT,KONTENER,MEGRENDELES) values ('0365007','56','020701');
Insert into S_SZALLIT (UT,KONTENER,MEGRENDELES) values ('0365008','56','020701');
Insert into S_SZALLIT (UT,KONTENER,MEGRENDELES) values ('0545005','56','050401');
Insert into S_SZALLIT (UT,KONTENER,MEGRENDELES) values ('0635002','56','065601');
Insert into S_SZALLIT (UT,KONTENER,MEGRENDELES) values ('0645006','56','062601');
Insert into S_SZALLIT (UT,KONTENER,MEGRENDELES) values ('0745001','56','062602');
Insert into S_SZALLIT (UT,KONTENER,MEGRENDELES) values ('0365002','57','020701');
Insert into S_SZALLIT (UT,KONTENER,MEGRENDELES) values ('0365003','57','020701');
Insert into S_SZALLIT (UT,KONTENER,MEGRENDELES) values ('0365004','57','020701');
Insert into S_SZALLIT (UT,KONTENER,MEGRENDELES) values ('0365005','57','020701');
Insert into S_SZALLIT (UT,KONTENER,MEGRENDELES) values ('0365006','57','020701');
Insert into S_SZALLIT (UT,KONTENER,MEGRENDELES) values ('0365007','57','020701');
Insert into S_SZALLIT (UT,KONTENER,MEGRENDELES) values ('0365008','57','020701');
Insert into S_SZALLIT (UT,KONTENER,MEGRENDELES) values ('0545005','57','050401');
Insert into S_SZALLIT (UT,KONTENER,MEGRENDELES) values ('0635002','57','065601');
Insert into S_SZALLIT (UT,KONTENER,MEGRENDELES) values ('0645006','57','062601');
Insert into S_SZALLIT (UT,KONTENER,MEGRENDELES) values ('0745001','57','062602');
Insert into S_SZALLIT (UT,KONTENER,MEGRENDELES) values ('0365002','58','020701');
Insert into S_SZALLIT (UT,KONTENER,MEGRENDELES) values ('0365003','58','020701');
Insert into S_SZALLIT (UT,KONTENER,MEGRENDELES) values ('0365004','58','020701');
Insert into S_SZALLIT (UT,KONTENER,MEGRENDELES) values ('0365005','58','020701');
Insert into S_SZALLIT (UT,KONTENER,MEGRENDELES) values ('0365006','58','020701');
Insert into S_SZALLIT (UT,KONTENER,MEGRENDELES) values ('0365007','58','020701');
Insert into S_SZALLIT (UT,KONTENER,MEGRENDELES) values ('0365008','58','020701');
Insert into S_SZALLIT (UT,KONTENER,MEGRENDELES) values ('0545005','58','050401');
Insert into S_SZALLIT (UT,KONTENER,MEGRENDELES) values ('0635002','58','065601');
Insert into S_SZALLIT (UT,KONTENER,MEGRENDELES) values ('0645006','58','062601');
Insert into S_SZALLIT (UT,KONTENER,MEGRENDELES) values ('0745001','58','062602');
Insert into S_SZALLIT (UT,KONTENER,MEGRENDELES) values ('0365002','59','020701');
Insert into S_SZALLIT (UT,KONTENER,MEGRENDELES) values ('0365003','59','020701');
Insert into S_SZALLIT (UT,KONTENER,MEGRENDELES) values ('0365004','59','020701');
Insert into S_SZALLIT (UT,KONTENER,MEGRENDELES) values ('0365005','59','020701');
Insert into S_SZALLIT (UT,KONTENER,MEGRENDELES) values ('0365006','59','020701');
Insert into S_SZALLIT (UT,KONTENER,MEGRENDELES) values ('0365007','59','020701');
Insert into S_SZALLIT (UT,KONTENER,MEGRENDELES) values ('0365008','59','020701');
Insert into S_SZALLIT (UT,KONTENER,MEGRENDELES) values ('0545005','59','050401');
Insert into S_SZALLIT (UT,KONTENER,MEGRENDELES) values ('0635002','59','065601');
Insert into S_SZALLIT (UT,KONTENER,MEGRENDELES) values ('0645006','59','062601');
Insert into S_SZALLIT (UT,KONTENER,MEGRENDELES) values ('0745001','59','062602');
Insert into S_SZALLIT (UT,KONTENER,MEGRENDELES) values ('0365002','60','020702');
Insert into S_SZALLIT (UT,KONTENER,MEGRENDELES) values ('0365003','60','020702');
Insert into S_SZALLIT (UT,KONTENER,MEGRENDELES) values ('0365004','60','020702');
Insert into S_SZALLIT (UT,KONTENER,MEGRENDELES) values ('0365005','60','020702');
Insert into S_SZALLIT (UT,KONTENER,MEGRENDELES) values ('0365006','60','020702');
Insert into S_SZALLIT (UT,KONTENER,MEGRENDELES) values ('0365007','60','020702');
Insert into S_SZALLIT (UT,KONTENER,MEGRENDELES) values ('0635002','60','065601');
Insert into S_SZALLIT (UT,KONTENER,MEGRENDELES) values ('0745001','60','062602');
Insert into S_SZALLIT (UT,KONTENER,MEGRENDELES) values ('0365004','61','020703');
Insert into S_SZALLIT (UT,KONTENER,MEGRENDELES) values ('0365005','61','020703');
Insert into S_SZALLIT (UT,KONTENER,MEGRENDELES) values ('0365006','61','020703');
Insert into S_SZALLIT (UT,KONTENER,MEGRENDELES) values ('0365007','61','020703');
Insert into S_SZALLIT (UT,KONTENER,MEGRENDELES) values ('0365008','61','020703');
Insert into S_SZALLIT (UT,KONTENER,MEGRENDELES) values ('0645002','61','065601');
Insert into S_SZALLIT (UT,KONTENER,MEGRENDELES) values ('0365004','62','020703');
Insert into S_SZALLIT (UT,KONTENER,MEGRENDELES) values ('0365005','62','020703');
Insert into S_SZALLIT (UT,KONTENER,MEGRENDELES) values ('0365006','62','020703');
Insert into S_SZALLIT (UT,KONTENER,MEGRENDELES) values ('0365007','62','020703');
Insert into S_SZALLIT (UT,KONTENER,MEGRENDELES) values ('0365008','62','020703');
Insert into S_SZALLIT (UT,KONTENER,MEGRENDELES) values ('0645002','62','065601');
Insert into S_SZALLIT (UT,KONTENER,MEGRENDELES) values ('0365004','63','020703');
Insert into S_SZALLIT (UT,KONTENER,MEGRENDELES) values ('0365005','63','020703');
Insert into S_SZALLIT (UT,KONTENER,MEGRENDELES) values ('0365006','63','020703');
Insert into S_SZALLIT (UT,KONTENER,MEGRENDELES) values ('0365007','63','020703');
Insert into S_SZALLIT (UT,KONTENER,MEGRENDELES) values ('0365008','63','020703');
Insert into S_SZALLIT (UT,KONTENER,MEGRENDELES) values ('0645002','63','065601');
Insert into S_SZALLIT (UT,KONTENER,MEGRENDELES) values ('0365004','64','020703');
Insert into S_SZALLIT (UT,KONTENER,MEGRENDELES) values ('0365005','64','020703');
Insert into S_SZALLIT (UT,KONTENER,MEGRENDELES) values ('0365006','64','020703');
Insert into S_SZALLIT (UT,KONTENER,MEGRENDELES) values ('0365007','64','020703');
Insert into S_SZALLIT (UT,KONTENER,MEGRENDELES) values ('0365008','64','020703');
Insert into S_SZALLIT (UT,KONTENER,MEGRENDELES) values ('0645002','64','065601');
Insert into S_SZALLIT (UT,KONTENER,MEGRENDELES) values ('0365004','65','020703');
Insert into S_SZALLIT (UT,KONTENER,MEGRENDELES) values ('0365005','65','020703');
Insert into S_SZALLIT (UT,KONTENER,MEGRENDELES) values ('0365006','65','020703');
Insert into S_SZALLIT (UT,KONTENER,MEGRENDELES) values ('0365007','65','020703');
Insert into S_SZALLIT (UT,KONTENER,MEGRENDELES) values ('0365008','65','020703');
Insert into S_SZALLIT (UT,KONTENER,MEGRENDELES) values ('0645002','65','065601');
Insert into S_SZALLIT (UT,KONTENER,MEGRENDELES) values ('0365006','66','020704');
Insert into S_SZALLIT (UT,KONTENER,MEGRENDELES) values ('0365007','66','020704');
Insert into S_SZALLIT (UT,KONTENER,MEGRENDELES) values ('0365008','66','020704');
Insert into S_SZALLIT (UT,KONTENER,MEGRENDELES) values ('0645002','66','065601');
Insert into S_SZALLIT (UT,KONTENER,MEGRENDELES) values ('0365006','67','020704');
Insert into S_SZALLIT (UT,KONTENER,MEGRENDELES) values ('0365007','67','020704');
Insert into S_SZALLIT (UT,KONTENER,MEGRENDELES) values ('0365008','67','020704');
Insert into S_SZALLIT (UT,KONTENER,MEGRENDELES) values ('0645002','67','065601');
Insert into S_SZALLIT (UT,KONTENER,MEGRENDELES) values ('0365006','68','020704');
Insert into S_SZALLIT (UT,KONTENER,MEGRENDELES) values ('0365007','68','020704');
Insert into S_SZALLIT (UT,KONTENER,MEGRENDELES) values ('0365008','68','020704');
Insert into S_SZALLIT (UT,KONTENER,MEGRENDELES) values ('0645002','68','065601');
Insert into S_SZALLIT (UT,KONTENER,MEGRENDELES) values ('0365006','69','020704');
Insert into S_SZALLIT (UT,KONTENER,MEGRENDELES) values ('0365007','69','020704');
Insert into S_SZALLIT (UT,KONTENER,MEGRENDELES) values ('0365008','69','020704');
Insert into S_SZALLIT (UT,KONTENER,MEGRENDELES) values ('0645002','69','065601');
Insert into S_SZALLIT (UT,KONTENER,MEGRENDELES) values ('0465001','70','020705');
Insert into S_SZALLIT (UT,KONTENER,MEGRENDELES) values ('0465002','70','020705');
Insert into S_SZALLIT (UT,KONTENER,MEGRENDELES) values ('0465003','70','020705');
Insert into S_SZALLIT (UT,KONTENER,MEGRENDELES) values ('0465004','70','020705');
Insert into S_SZALLIT (UT,KONTENER,MEGRENDELES) values ('0465005','70','020705');
Insert into S_SZALLIT (UT,KONTENER,MEGRENDELES) values ('0645002','70','065601');
Insert into S_SZALLIT (UT,KONTENER,MEGRENDELES) values ('0465001','71','020705');
Insert into S_SZALLIT (UT,KONTENER,MEGRENDELES) values ('0465002','71','020705');
Insert into S_SZALLIT (UT,KONTENER,MEGRENDELES) values ('0465003','71','020705');
Insert into S_SZALLIT (UT,KONTENER,MEGRENDELES) values ('0465004','71','020705');
Insert into S_SZALLIT (UT,KONTENER,MEGRENDELES) values ('0465005','71','020705');
Insert into S_SZALLIT (UT,KONTENER,MEGRENDELES) values ('0645002','71','065601');
Insert into S_SZALLIT (UT,KONTENER,MEGRENDELES) values ('0465001','72','020705');
Insert into S_SZALLIT (UT,KONTENER,MEGRENDELES) values ('0465002','72','020705');
Insert into S_SZALLIT (UT,KONTENER,MEGRENDELES) values ('0465003','72','020705');
Insert into S_SZALLIT (UT,KONTENER,MEGRENDELES) values ('0465004','72','020705');
Insert into S_SZALLIT (UT,KONTENER,MEGRENDELES) values ('0465005','72','020705');
Insert into S_SZALLIT (UT,KONTENER,MEGRENDELES) values ('0645002','72','065601');
Insert into S_SZALLIT (UT,KONTENER,MEGRENDELES) values ('0465001','73','020705');
Insert into S_SZALLIT (UT,KONTENER,MEGRENDELES) values ('0465002','73','020705');
Insert into S_SZALLIT (UT,KONTENER,MEGRENDELES) values ('0465003','73','020705');
Insert into S_SZALLIT (UT,KONTENER,MEGRENDELES) values ('0465004','73','020705');
Insert into S_SZALLIT (UT,KONTENER,MEGRENDELES) values ('0465005','73','020705');
Insert into S_SZALLIT (UT,KONTENER,MEGRENDELES) values ('0645002','73','065601');
Insert into S_SZALLIT (UT,KONTENER,MEGRENDELES) values ('0465001','74','020705');
Insert into S_SZALLIT (UT,KONTENER,MEGRENDELES) values ('0465002','74','020705');
Insert into S_SZALLIT (UT,KONTENER,MEGRENDELES) values ('0465003','74','020705');
Insert into S_SZALLIT (UT,KONTENER,MEGRENDELES) values ('0465004','74','020705');
Insert into S_SZALLIT (UT,KONTENER,MEGRENDELES) values ('0465005','74','020705');
Insert into S_SZALLIT (UT,KONTENER,MEGRENDELES) values ('0645002','74','065601');
Insert into S_SZALLIT (UT,KONTENER,MEGRENDELES) values ('0645002','75','065601');
Insert into S_SZALLIT (UT,KONTENER,MEGRENDELES) values ('0645002','76','065601');
Insert into S_SZALLIT (UT,KONTENER,MEGRENDELES) values ('0645002','77','065601');
Insert into S_SZALLIT (UT,KONTENER,MEGRENDELES) values ('0645002','78','065601');
Insert into S_SZALLIT (UT,KONTENER,MEGRENDELES) values ('0645002','79','065601');
Insert into S_SZALLIT (UT,KONTENER,MEGRENDELES) values ('0530001','16','044901');
Insert into S_SZALLIT (UT,KONTENER,MEGRENDELES) values ('0535001','16','042002');
Insert into S_SZALLIT (UT,KONTENER,MEGRENDELES) values ('0535002','16','052101');
Insert into S_SZALLIT (UT,KONTENER,MEGRENDELES) values ('0535003','16','053903');
Insert into S_SZALLIT (UT,KONTENER,MEGRENDELES) values ('0535004','16','054201');
Insert into S_SZALLIT (UT,KONTENER,MEGRENDELES) values ('0535005','16','053301');
Insert into S_SZALLIT (UT,KONTENER,MEGRENDELES) values ('0545001','16','053901');
Insert into S_SZALLIT (UT,KONTENER,MEGRENDELES) values ('0545002','16','054202');
Insert into S_SZALLIT (UT,KONTENER,MEGRENDELES) values ('0545003','16','053902');
Insert into S_SZALLIT (UT,KONTENER,MEGRENDELES) values ('0545004','16','050101');
Insert into S_SZALLIT (UT,KONTENER,MEGRENDELES) values ('0545005','16','050401');
Insert into S_SZALLIT (UT,KONTENER,MEGRENDELES) values ('0545006','16','053401');
Insert into S_SZALLIT (UT,KONTENER,MEGRENDELES) values ('0635002','16','065601');
Insert into S_SZALLIT (UT,KONTENER,MEGRENDELES) values ('0635003','16','065602');
Insert into S_SZALLIT (UT,KONTENER,MEGRENDELES) values ('0635004','16','065603');
Insert into S_SZALLIT (UT,KONTENER,MEGRENDELES) values ('0635005','16','061701');
Insert into S_SZALLIT (UT,KONTENER,MEGRENDELES) values ('0635006','16','063702');
Insert into S_SZALLIT (UT,KONTENER,MEGRENDELES) values ('0645001','16','053501');
Insert into S_SZALLIT (UT,KONTENER,MEGRENDELES) values ('0645003','16','060101');
Insert into S_SZALLIT (UT,KONTENER,MEGRENDELES) values ('0645005','16','053302');
Insert into S_SZALLIT (UT,KONTENER,MEGRENDELES) values ('0645006','16','062601');
Insert into S_SZALLIT (UT,KONTENER,MEGRENDELES) values ('0735001','16','065301');
Insert into S_SZALLIT (UT,KONTENER,MEGRENDELES) values ('0745001','16','062602');
Insert into S_SZALLIT (UT,KONTENER,MEGRENDELES) values ('0530001','17','044901');
Insert into S_SZALLIT (UT,KONTENER,MEGRENDELES) values ('0535001','17','042002');
Insert into S_SZALLIT (UT,KONTENER,MEGRENDELES) values ('0535002','17','052101');
Insert into S_SZALLIT (UT,KONTENER,MEGRENDELES) values ('0535003','17','053903');
Insert into S_SZALLIT (UT,KONTENER,MEGRENDELES) values ('0535004','17','054201');
Insert into S_SZALLIT (UT,KONTENER,MEGRENDELES) values ('0535005','17','053301');
Insert into S_SZALLIT (UT,KONTENER,MEGRENDELES) values ('0545001','17','053901');
Insert into S_SZALLIT (UT,KONTENER,MEGRENDELES) values ('0545002','17','054202');
Insert into S_SZALLIT (UT,KONTENER,MEGRENDELES) values ('0545003','17','053902');
Insert into S_SZALLIT (UT,KONTENER,MEGRENDELES) values ('0545004','17','050101');
Insert into S_SZALLIT (UT,KONTENER,MEGRENDELES) values ('0545005','17','050401');
Insert into S_SZALLIT (UT,KONTENER,MEGRENDELES) values ('0545006','17','053401');
Insert into S_SZALLIT (UT,KONTENER,MEGRENDELES) values ('0635002','17','065601');
Insert into S_SZALLIT (UT,KONTENER,MEGRENDELES) values ('0635003','17','065602');
Insert into S_SZALLIT (UT,KONTENER,MEGRENDELES) values ('0635004','17','065603');
Insert into S_SZALLIT (UT,KONTENER,MEGRENDELES) values ('0635005','17','061701');
Insert into S_SZALLIT (UT,KONTENER,MEGRENDELES) values ('0635006','17','063702');
Insert into S_SZALLIT (UT,KONTENER,MEGRENDELES) values ('0645001','17','053501');
Insert into S_SZALLIT (UT,KONTENER,MEGRENDELES) values ('0645003','17','060101');
Insert into S_SZALLIT (UT,KONTENER,MEGRENDELES) values ('0645005','17','053302');
Insert into S_SZALLIT (UT,KONTENER,MEGRENDELES) values ('0645006','17','062601');
Insert into S_SZALLIT (UT,KONTENER,MEGRENDELES) values ('0735001','17','065301');
Insert into S_SZALLIT (UT,KONTENER,MEGRENDELES) values ('0745001','17','062602');
Insert into S_SZALLIT (UT,KONTENER,MEGRENDELES) values ('0530001','18','044901');
Insert into S_SZALLIT (UT,KONTENER,MEGRENDELES) values ('0535001','18','042002');
Insert into S_SZALLIT (UT,KONTENER,MEGRENDELES) values ('0535002','18','052101');
Insert into S_SZALLIT (UT,KONTENER,MEGRENDELES) values ('0535003','18','053903');
Insert into S_SZALLIT (UT,KONTENER,MEGRENDELES) values ('0535004','18','054201');
Insert into S_SZALLIT (UT,KONTENER,MEGRENDELES) values ('0535005','18','053301');
Insert into S_SZALLIT (UT,KONTENER,MEGRENDELES) values ('0545001','18','053901');
Insert into S_SZALLIT (UT,KONTENER,MEGRENDELES) values ('0545002','18','054202');
Insert into S_SZALLIT (UT,KONTENER,MEGRENDELES) values ('0545003','18','053902');
Insert into S_SZALLIT (UT,KONTENER,MEGRENDELES) values ('0545004','18','050101');
Insert into S_SZALLIT (UT,KONTENER,MEGRENDELES) values ('0545005','18','050401');
Insert into S_SZALLIT (UT,KONTENER,MEGRENDELES) values ('0545006','18','053401');
Insert into S_SZALLIT (UT,KONTENER,MEGRENDELES) values ('0635002','18','065601');
Insert into S_SZALLIT (UT,KONTENER,MEGRENDELES) values ('0635003','18','065602');
Insert into S_SZALLIT (UT,KONTENER,MEGRENDELES) values ('0635004','18','065603');
Insert into S_SZALLIT (UT,KONTENER,MEGRENDELES) values ('0635005','18','061701');
Insert into S_SZALLIT (UT,KONTENER,MEGRENDELES) values ('0635006','18','063702');
Insert into S_SZALLIT (UT,KONTENER,MEGRENDELES) values ('0645001','18','053501');
Insert into S_SZALLIT (UT,KONTENER,MEGRENDELES) values ('0645003','18','060101');
Insert into S_SZALLIT (UT,KONTENER,MEGRENDELES) values ('0645005','18','053302');
Insert into S_SZALLIT (UT,KONTENER,MEGRENDELES) values ('0645006','18','062601');
Insert into S_SZALLIT (UT,KONTENER,MEGRENDELES) values ('0735001','18','065301');
Insert into S_SZALLIT (UT,KONTENER,MEGRENDELES) values ('0745001','18','062602');
Insert into S_SZALLIT (UT,KONTENER,MEGRENDELES) values ('0535001','19','042002');
Insert into S_SZALLIT (UT,KONTENER,MEGRENDELES) values ('0535002','19','052101');
Insert into S_SZALLIT (UT,KONTENER,MEGRENDELES) values ('0535003','19','053903');
Insert into S_SZALLIT (UT,KONTENER,MEGRENDELES) values ('0535004','19','054201');
Insert into S_SZALLIT (UT,KONTENER,MEGRENDELES) values ('0535005','19','053301');
Insert into S_SZALLIT (UT,KONTENER,MEGRENDELES) values ('0545001','19','053901');
Insert into S_SZALLIT (UT,KONTENER,MEGRENDELES) values ('0545002','19','054202');
Insert into S_SZALLIT (UT,KONTENER,MEGRENDELES) values ('0545003','19','053902');
Insert into S_SZALLIT (UT,KONTENER,MEGRENDELES) values ('0545004','19','050101');
Insert into S_SZALLIT (UT,KONTENER,MEGRENDELES) values ('0545005','19','050401');
Insert into S_SZALLIT (UT,KONTENER,MEGRENDELES) values ('0545006','19','053401');
Insert into S_SZALLIT (UT,KONTENER,MEGRENDELES) values ('0635002','19','065601');
Insert into S_SZALLIT (UT,KONTENER,MEGRENDELES) values ('0635003','19','065602');
Insert into S_SZALLIT (UT,KONTENER,MEGRENDELES) values ('0635004','19','065603');
Insert into S_SZALLIT (UT,KONTENER,MEGRENDELES) values ('0635005','19','061701');
Insert into S_SZALLIT (UT,KONTENER,MEGRENDELES) values ('0635006','19','063702');
Insert into S_SZALLIT (UT,KONTENER,MEGRENDELES) values ('0645001','19','053501');
Insert into S_SZALLIT (UT,KONTENER,MEGRENDELES) values ('0645003','19','060101');
Insert into S_SZALLIT (UT,KONTENER,MEGRENDELES) values ('0645005','19','053302');
Insert into S_SZALLIT (UT,KONTENER,MEGRENDELES) values ('0645006','19','062601');
Insert into S_SZALLIT (UT,KONTENER,MEGRENDELES) values ('0735001','19','065301');
Insert into S_SZALLIT (UT,KONTENER,MEGRENDELES) values ('0745001','19','062602');
Insert into S_SZALLIT (UT,KONTENER,MEGRENDELES) values ('0535001','20','042002');
Insert into S_SZALLIT (UT,KONTENER,MEGRENDELES) values ('0535002','20','052101');
Insert into S_SZALLIT (UT,KONTENER,MEGRENDELES) values ('0535003','20','053903');
Insert into S_SZALLIT (UT,KONTENER,MEGRENDELES) values ('0535004','20','054201');
Insert into S_SZALLIT (UT,KONTENER,MEGRENDELES) values ('0535005','20','053301');
Insert into S_SZALLIT (UT,KONTENER,MEGRENDELES) values ('0545001','20','053901');
Insert into S_SZALLIT (UT,KONTENER,MEGRENDELES) values ('0545002','20','054202');
Insert into S_SZALLIT (UT,KONTENER,MEGRENDELES) values ('0545003','20','053902');
Insert into S_SZALLIT (UT,KONTENER,MEGRENDELES) values ('0545004','20','050101');
Insert into S_SZALLIT (UT,KONTENER,MEGRENDELES) values ('0545005','20','050401');
Insert into S_SZALLIT (UT,KONTENER,MEGRENDELES) values ('0545006','20','053401');
Insert into S_SZALLIT (UT,KONTENER,MEGRENDELES) values ('0635002','20','065601');
Insert into S_SZALLIT (UT,KONTENER,MEGRENDELES) values ('0635003','20','065602');
Insert into S_SZALLIT (UT,KONTENER,MEGRENDELES) values ('0635004','20','065603');
Insert into S_SZALLIT (UT,KONTENER,MEGRENDELES) values ('0635005','20','061701');
Insert into S_SZALLIT (UT,KONTENER,MEGRENDELES) values ('0635006','20','063702');
Insert into S_SZALLIT (UT,KONTENER,MEGRENDELES) values ('0645001','20','053501');
Insert into S_SZALLIT (UT,KONTENER,MEGRENDELES) values ('0645003','20','060101');
Insert into S_SZALLIT (UT,KONTENER,MEGRENDELES) values ('0645005','20','053302');
Insert into S_SZALLIT (UT,KONTENER,MEGRENDELES) values ('0645006','20','062601');
Insert into S_SZALLIT (UT,KONTENER,MEGRENDELES) values ('0735001','20','065301');
Insert into S_SZALLIT (UT,KONTENER,MEGRENDELES) values ('0745001','20','062602');
Insert into S_SZALLIT (UT,KONTENER,MEGRENDELES) values ('0535001','21','042002');
Insert into S_SZALLIT (UT,KONTENER,MEGRENDELES) values ('0535002','21','052101');
Insert into S_SZALLIT (UT,KONTENER,MEGRENDELES) values ('0535003','21','053903');
Insert into S_SZALLIT (UT,KONTENER,MEGRENDELES) values ('0535004','21','054201');
Insert into S_SZALLIT (UT,KONTENER,MEGRENDELES) values ('0535005','21','053301');
Insert into S_SZALLIT (UT,KONTENER,MEGRENDELES) values ('0545001','21','053901');
Insert into S_SZALLIT (UT,KONTENER,MEGRENDELES) values ('0545002','21','054202');
Insert into S_SZALLIT (UT,KONTENER,MEGRENDELES) values ('0545003','21','053902');
Insert into S_SZALLIT (UT,KONTENER,MEGRENDELES) values ('0545004','21','050101');
Insert into S_SZALLIT (UT,KONTENER,MEGRENDELES) values ('0545005','21','050401');
Insert into S_SZALLIT (UT,KONTENER,MEGRENDELES) values ('0545006','21','053401');
Insert into S_SZALLIT (UT,KONTENER,MEGRENDELES) values ('0635002','21','065601');
Insert into S_SZALLIT (UT,KONTENER,MEGRENDELES) values ('0635003','21','065602');
Insert into S_SZALLIT (UT,KONTENER,MEGRENDELES) values ('0635004','21','065603');
Insert into S_SZALLIT (UT,KONTENER,MEGRENDELES) values ('0635005','21','061701');
Insert into S_SZALLIT (UT,KONTENER,MEGRENDELES) values ('0635006','21','063702');
Insert into S_SZALLIT (UT,KONTENER,MEGRENDELES) values ('0645001','21','053501');
Insert into S_SZALLIT (UT,KONTENER,MEGRENDELES) values ('0645003','21','060101');
Insert into S_SZALLIT (UT,KONTENER,MEGRENDELES) values ('0645006','21','062601');
Insert into S_SZALLIT (UT,KONTENER,MEGRENDELES) values ('0735001','21','065301');
Insert into S_SZALLIT (UT,KONTENER,MEGRENDELES) values ('0745001','21','062602');
Insert into S_SZALLIT (UT,KONTENER,MEGRENDELES) values ('0535001','22','042002');
Insert into S_SZALLIT (UT,KONTENER,MEGRENDELES) values ('0535002','22','052101');
Insert into S_SZALLIT (UT,KONTENER,MEGRENDELES) values ('0535003','22','053903');
Insert into S_SZALLIT (UT,KONTENER,MEGRENDELES) values ('0535004','22','054201');
Insert into S_SZALLIT (UT,KONTENER,MEGRENDELES) values ('0535005','22','053301');
Insert into S_SZALLIT (UT,KONTENER,MEGRENDELES) values ('0545001','22','053901');
Insert into S_SZALLIT (UT,KONTENER,MEGRENDELES) values ('0545002','22','054202');
Insert into S_SZALLIT (UT,KONTENER,MEGRENDELES) values ('0545003','22','053902');
Insert into S_SZALLIT (UT,KONTENER,MEGRENDELES) values ('0545004','22','050101');
Insert into S_SZALLIT (UT,KONTENER,MEGRENDELES) values ('0545005','22','050401');
Insert into S_SZALLIT (UT,KONTENER,MEGRENDELES) values ('0545006','22','053401');
Insert into S_SZALLIT (UT,KONTENER,MEGRENDELES) values ('0530002','7','041202');
Insert into S_SZALLIT (UT,KONTENER,MEGRENDELES) values ('0530003','7','055603');
Insert into S_SZALLIT (UT,KONTENER,MEGRENDELES) values ('0530004','7','043301');
Insert into S_SZALLIT (UT,KONTENER,MEGRENDELES) values ('0530005','7','052403');
Insert into S_SZALLIT (UT,KONTENER,MEGRENDELES) values ('0530006','7','052402');
Insert into S_SZALLIT (UT,KONTENER,MEGRENDELES) values ('0530007','7','052401');
Insert into S_SZALLIT (UT,KONTENER,MEGRENDELES) values ('0530008','7','050401');
Insert into S_SZALLIT (UT,KONTENER,MEGRENDELES) values ('0530009','7','053402');
Insert into S_SZALLIT (UT,KONTENER,MEGRENDELES) values ('0535001','7','042002');
Insert into S_SZALLIT (UT,KONTENER,MEGRENDELES) values ('0535001','7','055602');
Insert into S_SZALLIT (UT,KONTENER,MEGRENDELES) values ('0535002','7','052101');
Insert into S_SZALLIT (UT,KONTENER,MEGRENDELES) values ('0535003','7','053903');
Insert into S_SZALLIT (UT,KONTENER,MEGRENDELES) values ('0535004','7','054201');
Insert into S_SZALLIT (UT,KONTENER,MEGRENDELES) values ('0535005','7','053301');
Insert into S_SZALLIT (UT,KONTENER,MEGRENDELES) values ('0545001','7','053901');
Insert into S_SZALLIT (UT,KONTENER,MEGRENDELES) values ('0545002','7','054202');
Insert into S_SZALLIT (UT,KONTENER,MEGRENDELES) values ('0545003','7','053902');
Insert into S_SZALLIT (UT,KONTENER,MEGRENDELES) values ('0545004','7','050101');
Insert into S_SZALLIT (UT,KONTENER,MEGRENDELES) values ('0545006','7','053401');
Insert into S_SZALLIT (UT,KONTENER,MEGRENDELES) values ('0630001','7','065601');
Insert into S_SZALLIT (UT,KONTENER,MEGRENDELES) values ('0630002','7','060401');
Insert into S_SZALLIT (UT,KONTENER,MEGRENDELES) values ('0630003','7','060201');
Insert into S_SZALLIT (UT,KONTENER,MEGRENDELES) values ('0630004','7','060901');
Insert into S_SZALLIT (UT,KONTENER,MEGRENDELES) values ('0630005','7','062601');
Insert into S_SZALLIT (UT,KONTENER,MEGRENDELES) values ('0635003','7','065602');
Insert into S_SZALLIT (UT,KONTENER,MEGRENDELES) values ('0635004','7','065603');
Insert into S_SZALLIT (UT,KONTENER,MEGRENDELES) values ('0635005','7','061601');
Insert into S_SZALLIT (UT,KONTENER,MEGRENDELES) values ('0635005','7','061701');
Insert into S_SZALLIT (UT,KONTENER,MEGRENDELES) values ('0635005','7','063701');
Insert into S_SZALLIT (UT,KONTENER,MEGRENDELES) values ('0635006','7','063702');
Insert into S_SZALLIT (UT,KONTENER,MEGRENDELES) values ('0640004','7','055604');
Insert into S_SZALLIT (UT,KONTENER,MEGRENDELES) values ('0640005','7','053605');
Insert into S_SZALLIT (UT,KONTENER,MEGRENDELES) values ('0640008','7','053208');
Insert into S_SZALLIT (UT,KONTENER,MEGRENDELES) values ('0645001','7','053501');
Insert into S_SZALLIT (UT,KONTENER,MEGRENDELES) values ('0645003','7','060101');
Insert into S_SZALLIT (UT,KONTENER,MEGRENDELES) values ('0645004','7','060102');
Insert into S_SZALLIT (UT,KONTENER,MEGRENDELES) values ('0645004','7','060202');
Insert into S_SZALLIT (UT,KONTENER,MEGRENDELES) values ('0645004','7','063301');
Insert into S_SZALLIT (UT,KONTENER,MEGRENDELES) values ('0645004','7','063501');
Insert into S_SZALLIT (UT,KONTENER,MEGRENDELES) values ('0645005','7','053302');
Insert into S_SZALLIT (UT,KONTENER,MEGRENDELES) values ('0645005','7','053502');
Insert into S_SZALLIT (UT,KONTENER,MEGRENDELES) values ('0645005','7','055601');
Insert into S_SZALLIT (UT,KONTENER,MEGRENDELES) values ('0730001','7','062602');
Insert into S_SZALLIT (UT,KONTENER,MEGRENDELES) values ('0735001','7','065301');
Insert into S_SZALLIT (UT,KONTENER,MEGRENDELES) values ('0750004','7','062501');
Insert into S_SZALLIT (UT,KONTENER,MEGRENDELES) values ('1050004','7','082901');
Insert into S_SZALLIT (UT,KONTENER,MEGRENDELES) values ('0530002','8','041202');
Insert into S_SZALLIT (UT,KONTENER,MEGRENDELES) values ('0530003','8','055603');
Insert into S_SZALLIT (UT,KONTENER,MEGRENDELES) values ('0530004','8','043301');
Insert into S_SZALLIT (UT,KONTENER,MEGRENDELES) values ('0530005','8','052403');
Insert into S_SZALLIT (UT,KONTENER,MEGRENDELES) values ('0530006','8','052402');
Insert into S_SZALLIT (UT,KONTENER,MEGRENDELES) values ('0530007','8','052401');
Insert into S_SZALLIT (UT,KONTENER,MEGRENDELES) values ('0530008','8','050401');
Insert into S_SZALLIT (UT,KONTENER,MEGRENDELES) values ('0530009','8','053402');
Insert into S_SZALLIT (UT,KONTENER,MEGRENDELES) values ('0535001','8','042002');
Insert into S_SZALLIT (UT,KONTENER,MEGRENDELES) values ('0535001','8','055602');
Insert into S_SZALLIT (UT,KONTENER,MEGRENDELES) values ('0535002','8','052101');
Insert into S_SZALLIT (UT,KONTENER,MEGRENDELES) values ('0535003','8','053903');
Insert into S_SZALLIT (UT,KONTENER,MEGRENDELES) values ('0535004','8','054201');
Insert into S_SZALLIT (UT,KONTENER,MEGRENDELES) values ('0535005','8','053301');
Insert into S_SZALLIT (UT,KONTENER,MEGRENDELES) values ('0545001','8','053901');
Insert into S_SZALLIT (UT,KONTENER,MEGRENDELES) values ('0545002','8','054202');
Insert into S_SZALLIT (UT,KONTENER,MEGRENDELES) values ('0545003','8','053902');
Insert into S_SZALLIT (UT,KONTENER,MEGRENDELES) values ('0545004','8','050101');
Insert into S_SZALLIT (UT,KONTENER,MEGRENDELES) values ('0545006','8','053401');
Insert into S_SZALLIT (UT,KONTENER,MEGRENDELES) values ('0630001','8','065601');
Insert into S_SZALLIT (UT,KONTENER,MEGRENDELES) values ('0630002','8','060401');
Insert into S_SZALLIT (UT,KONTENER,MEGRENDELES) values ('0630003','8','060201');
Insert into S_SZALLIT (UT,KONTENER,MEGRENDELES) values ('0630004','8','060901');
Insert into S_SZALLIT (UT,KONTENER,MEGRENDELES) values ('0630005','8','062601');
Insert into S_SZALLIT (UT,KONTENER,MEGRENDELES) values ('0635003','8','065602');
Insert into S_SZALLIT (UT,KONTENER,MEGRENDELES) values ('0635004','8','065603');
Insert into S_SZALLIT (UT,KONTENER,MEGRENDELES) values ('0635005','8','061601');
Insert into S_SZALLIT (UT,KONTENER,MEGRENDELES) values ('0635005','8','061701');
Insert into S_SZALLIT (UT,KONTENER,MEGRENDELES) values ('0635005','8','063701');
Insert into S_SZALLIT (UT,KONTENER,MEGRENDELES) values ('0635006','8','063702');
Insert into S_SZALLIT (UT,KONTENER,MEGRENDELES) values ('0640004','8','055604');
Insert into S_SZALLIT (UT,KONTENER,MEGRENDELES) values ('0640005','8','053605');
Insert into S_SZALLIT (UT,KONTENER,MEGRENDELES) values ('0645001','8','053501');
Insert into S_SZALLIT (UT,KONTENER,MEGRENDELES) values ('0645003','8','060101');
Insert into S_SZALLIT (UT,KONTENER,MEGRENDELES) values ('0645004','8','060102');
Insert into S_SZALLIT (UT,KONTENER,MEGRENDELES) values ('0645004','8','060202');
Insert into S_SZALLIT (UT,KONTENER,MEGRENDELES) values ('0645004','8','063301');
Insert into S_SZALLIT (UT,KONTENER,MEGRENDELES) values ('0645004','8','063501');
Insert into S_SZALLIT (UT,KONTENER,MEGRENDELES) values ('0645005','8','053302');
Insert into S_SZALLIT (UT,KONTENER,MEGRENDELES) values ('0645005','8','053502');
Insert into S_SZALLIT (UT,KONTENER,MEGRENDELES) values ('0645005','8','055601');
Insert into S_SZALLIT (UT,KONTENER,MEGRENDELES) values ('0730001','8','062602');
Insert into S_SZALLIT (UT,KONTENER,MEGRENDELES) values ('0735001','8','065301');
Insert into S_SZALLIT (UT,KONTENER,MEGRENDELES) values ('0750004','8','062501');
Insert into S_SZALLIT (UT,KONTENER,MEGRENDELES) values ('0530003','9','055603');
Insert into S_SZALLIT (UT,KONTENER,MEGRENDELES) values ('0530005','9','052403');
Insert into S_SZALLIT (UT,KONTENER,MEGRENDELES) values ('0530006','9','052402');
Insert into S_SZALLIT (UT,KONTENER,MEGRENDELES) values ('0530007','9','052401');
Insert into S_SZALLIT (UT,KONTENER,MEGRENDELES) values ('0530008','9','050401');
Insert into S_SZALLIT (UT,KONTENER,MEGRENDELES) values ('0535001','9','042002');
Insert into S_SZALLIT (UT,KONTENER,MEGRENDELES) values ('0535001','9','055602');
Insert into S_SZALLIT (UT,KONTENER,MEGRENDELES) values ('0535002','9','052101');
Insert into S_SZALLIT (UT,KONTENER,MEGRENDELES) values ('0535003','9','053903');
Insert into S_SZALLIT (UT,KONTENER,MEGRENDELES) values ('0535004','9','054201');
Insert into S_SZALLIT (UT,KONTENER,MEGRENDELES) values ('0535005','9','053301');
Insert into S_SZALLIT (UT,KONTENER,MEGRENDELES) values ('0545001','9','053901');
Insert into S_SZALLIT (UT,KONTENER,MEGRENDELES) values ('0545002','9','054202');
Insert into S_SZALLIT (UT,KONTENER,MEGRENDELES) values ('0545003','9','053902');
Insert into S_SZALLIT (UT,KONTENER,MEGRENDELES) values ('0545004','9','050101');
Insert into S_SZALLIT (UT,KONTENER,MEGRENDELES) values ('0545006','9','053401');
Insert into S_SZALLIT (UT,KONTENER,MEGRENDELES) values ('0630001','9','065601');
Insert into S_SZALLIT (UT,KONTENER,MEGRENDELES) values ('0630002','9','060401');
Insert into S_SZALLIT (UT,KONTENER,MEGRENDELES) values ('0630003','9','060201');
Insert into S_SZALLIT (UT,KONTENER,MEGRENDELES) values ('0630004','9','060901');
Insert into S_SZALLIT (UT,KONTENER,MEGRENDELES) values ('0630005','9','062601');
Insert into S_SZALLIT (UT,KONTENER,MEGRENDELES) values ('0635003','9','065602');
Insert into S_SZALLIT (UT,KONTENER,MEGRENDELES) values ('0635004','9','065603');
Insert into S_SZALLIT (UT,KONTENER,MEGRENDELES) values ('0635005','9','061601');
Insert into S_SZALLIT (UT,KONTENER,MEGRENDELES) values ('0635005','9','061701');
Insert into S_SZALLIT (UT,KONTENER,MEGRENDELES) values ('0635005','9','063701');
Insert into S_SZALLIT (UT,KONTENER,MEGRENDELES) values ('0635006','9','063702');
Insert into S_SZALLIT (UT,KONTENER,MEGRENDELES) values ('0640004','9','055604');
Insert into S_SZALLIT (UT,KONTENER,MEGRENDELES) values ('0640005','9','053605');
Insert into S_SZALLIT (UT,KONTENER,MEGRENDELES) values ('0645001','9','053501');
Insert into S_SZALLIT (UT,KONTENER,MEGRENDELES) values ('0645003','9','060101');
Insert into S_SZALLIT (UT,KONTENER,MEGRENDELES) values ('0645004','9','060102');
Insert into S_SZALLIT (UT,KONTENER,MEGRENDELES) values ('0645004','9','060202');
Insert into S_SZALLIT (UT,KONTENER,MEGRENDELES) values ('0645004','9','063301');
Insert into S_SZALLIT (UT,KONTENER,MEGRENDELES) values ('0645004','9','063501');
Insert into S_SZALLIT (UT,KONTENER,MEGRENDELES) values ('0645005','9','053302');
Insert into S_SZALLIT (UT,KONTENER,MEGRENDELES) values ('0645005','9','053502');
Insert into S_SZALLIT (UT,KONTENER,MEGRENDELES) values ('0730001','9','062602');
Insert into S_SZALLIT (UT,KONTENER,MEGRENDELES) values ('0735001','9','065301');
Insert into S_SZALLIT (UT,KONTENER,MEGRENDELES) values ('0750004','9','062501');
Insert into S_SZALLIT (UT,KONTENER,MEGRENDELES) values ('0530001','10','041201');
Insert into S_SZALLIT (UT,KONTENER,MEGRENDELES) values ('0530005','10','052403');
Insert into S_SZALLIT (UT,KONTENER,MEGRENDELES) values ('0530006','10','052402');
Insert into S_SZALLIT (UT,KONTENER,MEGRENDELES) values ('0530007','10','052401');
Insert into S_SZALLIT (UT,KONTENER,MEGRENDELES) values ('0530008','10','050401');
Insert into S_SZALLIT (UT,KONTENER,MEGRENDELES) values ('0535001','10','042002');
Insert into S_SZALLIT (UT,KONTENER,MEGRENDELES) values ('0535001','10','055602');
Insert into S_SZALLIT (UT,KONTENER,MEGRENDELES) values ('0535002','10','052101');
Insert into S_SZALLIT (UT,KONTENER,MEGRENDELES) values ('0535003','10','053903');
Insert into S_SZALLIT (UT,KONTENER,MEGRENDELES) values ('0535004','10','054201');
Insert into S_SZALLIT (UT,KONTENER,MEGRENDELES) values ('0535005','10','053301');
Insert into S_SZALLIT (UT,KONTENER,MEGRENDELES) values ('0545001','10','053901');
Insert into S_SZALLIT (UT,KONTENER,MEGRENDELES) values ('0545002','10','054202');
Insert into S_SZALLIT (UT,KONTENER,MEGRENDELES) values ('0545003','10','053902');
Insert into S_SZALLIT (UT,KONTENER,MEGRENDELES) values ('0545004','10','050101');
Insert into S_SZALLIT (UT,KONTENER,MEGRENDELES) values ('0545006','10','053401');
Insert into S_SZALLIT (UT,KONTENER,MEGRENDELES) values ('0630001','10','065601');
Insert into S_SZALLIT (UT,KONTENER,MEGRENDELES) values ('0630002','10','060401');
Insert into S_SZALLIT (UT,KONTENER,MEGRENDELES) values ('0630003','10','060201');
Insert into S_SZALLIT (UT,KONTENER,MEGRENDELES) values ('0630004','10','060901');
Insert into S_SZALLIT (UT,KONTENER,MEGRENDELES) values ('0630005','10','062601');
Insert into S_SZALLIT (UT,KONTENER,MEGRENDELES) values ('0635003','10','065602');
Insert into S_SZALLIT (UT,KONTENER,MEGRENDELES) values ('0635004','10','065603');
Insert into S_SZALLIT (UT,KONTENER,MEGRENDELES) values ('0635005','10','061601');
Insert into S_SZALLIT (UT,KONTENER,MEGRENDELES) values ('0635005','10','061701');
Insert into S_SZALLIT (UT,KONTENER,MEGRENDELES) values ('0635005','10','063701');
Insert into S_SZALLIT (UT,KONTENER,MEGRENDELES) values ('0635006','10','063702');
Insert into S_SZALLIT (UT,KONTENER,MEGRENDELES) values ('0535001','30','042002');
Insert into S_SZALLIT (UT,KONTENER,MEGRENDELES) values ('0535002','30','052101');
Insert into S_SZALLIT (UT,KONTENER,MEGRENDELES) values ('0535003','30','053903');
Insert into S_SZALLIT (UT,KONTENER,MEGRENDELES) values ('0535004','30','054201');
Insert into S_SZALLIT (UT,KONTENER,MEGRENDELES) values ('0535005','30','053301');
Insert into S_SZALLIT (UT,KONTENER,MEGRENDELES) values ('0545001','30','053901');
Insert into S_SZALLIT (UT,KONTENER,MEGRENDELES) values ('0545002','30','054202');
Insert into S_SZALLIT (UT,KONTENER,MEGRENDELES) values ('0545003','30','053902');
Insert into S_SZALLIT (UT,KONTENER,MEGRENDELES) values ('0545004','30','050101');
Insert into S_SZALLIT (UT,KONTENER,MEGRENDELES) values ('0545005','30','050401');
Insert into S_SZALLIT (UT,KONTENER,MEGRENDELES) values ('0545006','30','053401');
Insert into S_SZALLIT (UT,KONTENER,MEGRENDELES) values ('0635002','30','065601');
Insert into S_SZALLIT (UT,KONTENER,MEGRENDELES) values ('0635003','30','065602');
Insert into S_SZALLIT (UT,KONTENER,MEGRENDELES) values ('0635004','30','065603');
Insert into S_SZALLIT (UT,KONTENER,MEGRENDELES) values ('0635006','30','063702');
Insert into S_SZALLIT (UT,KONTENER,MEGRENDELES) values ('0645001','30','053501');
Insert into S_SZALLIT (UT,KONTENER,MEGRENDELES) values ('0645003','30','060101');
Insert into S_SZALLIT (UT,KONTENER,MEGRENDELES) values ('0645006','30','062601');
Insert into S_SZALLIT (UT,KONTENER,MEGRENDELES) values ('0735001','30','065301');
Insert into S_SZALLIT (UT,KONTENER,MEGRENDELES) values ('0745001','30','062602');
Insert into S_SZALLIT (UT,KONTENER,MEGRENDELES) values ('0535001','31','042002');
Insert into S_SZALLIT (UT,KONTENER,MEGRENDELES) values ('0535002','31','052101');
Insert into S_SZALLIT (UT,KONTENER,MEGRENDELES) values ('0535003','31','053903');
Insert into S_SZALLIT (UT,KONTENER,MEGRENDELES) values ('0535004','31','054201');
Insert into S_SZALLIT (UT,KONTENER,MEGRENDELES) values ('0535005','31','053301');
Insert into S_SZALLIT (UT,KONTENER,MEGRENDELES) values ('0545001','31','053901');
Insert into S_SZALLIT (UT,KONTENER,MEGRENDELES) values ('0545002','31','054202');
Insert into S_SZALLIT (UT,KONTENER,MEGRENDELES) values ('0545003','31','053902');
Insert into S_SZALLIT (UT,KONTENER,MEGRENDELES) values ('0545004','31','050101');
Insert into S_SZALLIT (UT,KONTENER,MEGRENDELES) values ('0545005','31','050401');
Insert into S_SZALLIT (UT,KONTENER,MEGRENDELES) values ('0545006','31','053401');
Insert into S_SZALLIT (UT,KONTENER,MEGRENDELES) values ('0635002','31','065601');
Insert into S_SZALLIT (UT,KONTENER,MEGRENDELES) values ('0635003','31','065602');
Insert into S_SZALLIT (UT,KONTENER,MEGRENDELES) values ('0635004','31','065603');
Insert into S_SZALLIT (UT,KONTENER,MEGRENDELES) values ('0635006','31','063702');
Insert into S_SZALLIT (UT,KONTENER,MEGRENDELES) values ('0645001','31','053501');
Insert into S_SZALLIT (UT,KONTENER,MEGRENDELES) values ('0645003','31','060101');
Insert into S_SZALLIT (UT,KONTENER,MEGRENDELES) values ('0645006','31','062601');
Insert into S_SZALLIT (UT,KONTENER,MEGRENDELES) values ('0735001','31','065301');
Insert into S_SZALLIT (UT,KONTENER,MEGRENDELES) values ('0745001','31','062602');
Insert into S_SZALLIT (UT,KONTENER,MEGRENDELES) values ('0535001','32','042002');
Insert into S_SZALLIT (UT,KONTENER,MEGRENDELES) values ('0535002','32','052101');
Insert into S_SZALLIT (UT,KONTENER,MEGRENDELES) values ('0535003','32','053903');
Insert into S_SZALLIT (UT,KONTENER,MEGRENDELES) values ('0535004','32','054201');
Insert into S_SZALLIT (UT,KONTENER,MEGRENDELES) values ('0535005','32','053301');
Insert into S_SZALLIT (UT,KONTENER,MEGRENDELES) values ('0545001','32','053901');
Insert into S_SZALLIT (UT,KONTENER,MEGRENDELES) values ('0545002','32','054202');
Insert into S_SZALLIT (UT,KONTENER,MEGRENDELES) values ('0545003','32','053902');
Insert into S_SZALLIT (UT,KONTENER,MEGRENDELES) values ('0545004','32','050101');
Insert into S_SZALLIT (UT,KONTENER,MEGRENDELES) values ('0545005','32','050401');
Insert into S_SZALLIT (UT,KONTENER,MEGRENDELES) values ('0545006','32','053401');
Insert into S_SZALLIT (UT,KONTENER,MEGRENDELES) values ('0635002','32','065601');
Insert into S_SZALLIT (UT,KONTENER,MEGRENDELES) values ('0635003','32','065602');
Insert into S_SZALLIT (UT,KONTENER,MEGRENDELES) values ('0635004','32','065603');
Insert into S_SZALLIT (UT,KONTENER,MEGRENDELES) values ('0635006','32','063702');
Insert into S_SZALLIT (UT,KONTENER,MEGRENDELES) values ('0645001','32','053501');
Insert into S_SZALLIT (UT,KONTENER,MEGRENDELES) values ('0645003','32','060101');
Insert into S_SZALLIT (UT,KONTENER,MEGRENDELES) values ('0645006','32','062601');
Insert into S_SZALLIT (UT,KONTENER,MEGRENDELES) values ('0735001','32','065301');
Insert into S_SZALLIT (UT,KONTENER,MEGRENDELES) values ('0745001','32','062602');
Insert into S_SZALLIT (UT,KONTENER,MEGRENDELES) values ('0535001','33','042002');
Insert into S_SZALLIT (UT,KONTENER,MEGRENDELES) values ('0535002','33','052101');
Insert into S_SZALLIT (UT,KONTENER,MEGRENDELES) values ('0535003','33','053903');
Insert into S_SZALLIT (UT,KONTENER,MEGRENDELES) values ('0535004','33','054201');
Insert into S_SZALLIT (UT,KONTENER,MEGRENDELES) values ('0535005','33','053301');
Insert into S_SZALLIT (UT,KONTENER,MEGRENDELES) values ('0545001','33','053901');
Insert into S_SZALLIT (UT,KONTENER,MEGRENDELES) values ('0545002','33','054202');
Insert into S_SZALLIT (UT,KONTENER,MEGRENDELES) values ('0545003','33','053902');
Insert into S_SZALLIT (UT,KONTENER,MEGRENDELES) values ('0545004','33','050101');
Insert into S_SZALLIT (UT,KONTENER,MEGRENDELES) values ('0545005','33','050401');
Insert into S_SZALLIT (UT,KONTENER,MEGRENDELES) values ('0545006','33','053401');
Insert into S_SZALLIT (UT,KONTENER,MEGRENDELES) values ('0635002','33','065601');
Insert into S_SZALLIT (UT,KONTENER,MEGRENDELES) values ('0635003','33','065602');
Insert into S_SZALLIT (UT,KONTENER,MEGRENDELES) values ('0635004','33','065603');
Insert into S_SZALLIT (UT,KONTENER,MEGRENDELES) values ('0635006','33','063702');
Insert into S_SZALLIT (UT,KONTENER,MEGRENDELES) values ('0645001','33','053501');
Insert into S_SZALLIT (UT,KONTENER,MEGRENDELES) values ('0645003','33','060101');
Insert into S_SZALLIT (UT,KONTENER,MEGRENDELES) values ('0645006','33','062601');
Insert into S_SZALLIT (UT,KONTENER,MEGRENDELES) values ('0735001','33','065301');
Insert into S_SZALLIT (UT,KONTENER,MEGRENDELES) values ('0745001','33','062602');
Insert into S_SZALLIT (UT,KONTENER,MEGRENDELES) values ('0535001','34','042002');
Insert into S_SZALLIT (UT,KONTENER,MEGRENDELES) values ('0535002','34','052101');
Insert into S_SZALLIT (UT,KONTENER,MEGRENDELES) values ('0535003','34','053903');
Insert into S_SZALLIT (UT,KONTENER,MEGRENDELES) values ('0535004','34','054201');
Insert into S_SZALLIT (UT,KONTENER,MEGRENDELES) values ('0535005','34','053301');
Insert into S_SZALLIT (UT,KONTENER,MEGRENDELES) values ('0545001','34','053901');
Insert into S_SZALLIT (UT,KONTENER,MEGRENDELES) values ('0545002','34','054202');
Insert into S_SZALLIT (UT,KONTENER,MEGRENDELES) values ('0545003','34','053902');
Insert into S_SZALLIT (UT,KONTENER,MEGRENDELES) values ('0545004','34','050101');
Insert into S_SZALLIT (UT,KONTENER,MEGRENDELES) values ('0545005','34','050401');
Insert into S_SZALLIT (UT,KONTENER,MEGRENDELES) values ('0545006','34','053401');
Insert into S_SZALLIT (UT,KONTENER,MEGRENDELES) values ('0635002','34','065601');
Insert into S_SZALLIT (UT,KONTENER,MEGRENDELES) values ('0635003','34','065602');
Insert into S_SZALLIT (UT,KONTENER,MEGRENDELES) values ('0635004','34','065603');
Insert into S_SZALLIT (UT,KONTENER,MEGRENDELES) values ('0635006','34','063702');
Insert into S_SZALLIT (UT,KONTENER,MEGRENDELES) values ('0645001','34','053501');
Insert into S_SZALLIT (UT,KONTENER,MEGRENDELES) values ('0645003','34','060101');
Insert into S_SZALLIT (UT,KONTENER,MEGRENDELES) values ('0645006','34','062601');
Insert into S_SZALLIT (UT,KONTENER,MEGRENDELES) values ('0735001','34','065301');
Insert into S_SZALLIT (UT,KONTENER,MEGRENDELES) values ('0745001','34','062602');
Insert into S_SZALLIT (UT,KONTENER,MEGRENDELES) values ('0535001','35','042002');
Insert into S_SZALLIT (UT,KONTENER,MEGRENDELES) values ('0535002','35','052101');
Insert into S_SZALLIT (UT,KONTENER,MEGRENDELES) values ('0535003','35','053903');
Insert into S_SZALLIT (UT,KONTENER,MEGRENDELES) values ('0535004','35','054201');
Insert into S_SZALLIT (UT,KONTENER,MEGRENDELES) values ('0535005','35','053301');
Insert into S_SZALLIT (UT,KONTENER,MEGRENDELES) values ('0545001','35','053901');
Insert into S_SZALLIT (UT,KONTENER,MEGRENDELES) values ('0545002','35','054202');
Insert into S_SZALLIT (UT,KONTENER,MEGRENDELES) values ('0545003','35','053902');
Insert into S_SZALLIT (UT,KONTENER,MEGRENDELES) values ('0545004','35','050101');
Insert into S_SZALLIT (UT,KONTENER,MEGRENDELES) values ('0545005','35','050401');
Insert into S_SZALLIT (UT,KONTENER,MEGRENDELES) values ('0545006','35','053401');
Insert into S_SZALLIT (UT,KONTENER,MEGRENDELES) values ('0635002','35','065601');
Insert into S_SZALLIT (UT,KONTENER,MEGRENDELES) values ('0635003','35','065602');
Insert into S_SZALLIT (UT,KONTENER,MEGRENDELES) values ('0635004','35','065603');
Insert into S_SZALLIT (UT,KONTENER,MEGRENDELES) values ('0635006','35','063702');
Insert into S_SZALLIT (UT,KONTENER,MEGRENDELES) values ('0645001','35','053501');
Insert into S_SZALLIT (UT,KONTENER,MEGRENDELES) values ('0645003','35','060101');
Insert into S_SZALLIT (UT,KONTENER,MEGRENDELES) values ('0645006','35','062601');
Insert into S_SZALLIT (UT,KONTENER,MEGRENDELES) values ('0735001','35','065301');
Insert into S_SZALLIT (UT,KONTENER,MEGRENDELES) values ('0745001','35','062602');
Insert into S_SZALLIT (UT,KONTENER,MEGRENDELES) values ('0535003','36','053903');
Insert into S_SZALLIT (UT,KONTENER,MEGRENDELES) values ('0535004','36','054201');
Insert into S_SZALLIT (UT,KONTENER,MEGRENDELES) values ('0535005','36','053301');
Insert into S_SZALLIT (UT,KONTENER,MEGRENDELES) values ('0545001','36','053901');
Insert into S_SZALLIT (UT,KONTENER,MEGRENDELES) values ('0545002','36','054202');
Insert into S_SZALLIT (UT,KONTENER,MEGRENDELES) values ('0545003','36','053902');
Insert into S_SZALLIT (UT,KONTENER,MEGRENDELES) values ('0545004','36','050101');
Insert into S_SZALLIT (UT,KONTENER,MEGRENDELES) values ('0545005','36','050401');
Insert into S_SZALLIT (UT,KONTENER,MEGRENDELES) values ('0545006','36','053401');
Insert into S_SZALLIT (UT,KONTENER,MEGRENDELES) values ('0635002','36','065601');
Insert into S_SZALLIT (UT,KONTENER,MEGRENDELES) values ('0635003','36','065602');
Insert into S_SZALLIT (UT,KONTENER,MEGRENDELES) values ('0635004','36','065603');
Insert into S_SZALLIT (UT,KONTENER,MEGRENDELES) values ('0635006','36','063702');
Insert into S_SZALLIT (UT,KONTENER,MEGRENDELES) values ('0645001','36','053501');
Insert into S_SZALLIT (UT,KONTENER,MEGRENDELES) values ('0645003','36','060101');
Insert into S_SZALLIT (UT,KONTENER,MEGRENDELES) values ('0645006','36','062601');
Insert into S_SZALLIT (UT,KONTENER,MEGRENDELES) values ('0735001','36','065301');
Insert into S_SZALLIT (UT,KONTENER,MEGRENDELES) values ('0745001','36','062602');
Insert into S_SZALLIT (UT,KONTENER,MEGRENDELES) values ('0535003','37','053903');
Insert into S_SZALLIT (UT,KONTENER,MEGRENDELES) values ('0535004','37','054201');
Insert into S_SZALLIT (UT,KONTENER,MEGRENDELES) values ('0535005','37','053301');
Insert into S_SZALLIT (UT,KONTENER,MEGRENDELES) values ('0545001','37','053901');
Insert into S_SZALLIT (UT,KONTENER,MEGRENDELES) values ('0545002','37','054202');
Insert into S_SZALLIT (UT,KONTENER,MEGRENDELES) values ('0545003','37','053902');
Insert into S_SZALLIT (UT,KONTENER,MEGRENDELES) values ('0545004','37','050101');
Insert into S_SZALLIT (UT,KONTENER,MEGRENDELES) values ('0545005','37','050401');
Insert into S_SZALLIT (UT,KONTENER,MEGRENDELES) values ('0545006','37','053401');
Insert into S_SZALLIT (UT,KONTENER,MEGRENDELES) values ('0635002','37','065601');
Insert into S_SZALLIT (UT,KONTENER,MEGRENDELES) values ('0635003','37','065602');
Insert into S_SZALLIT (UT,KONTENER,MEGRENDELES) values ('0635004','37','065603');
Insert into S_SZALLIT (UT,KONTENER,MEGRENDELES) values ('0635006','37','063702');
Insert into S_SZALLIT (UT,KONTENER,MEGRENDELES) values ('0645001','37','053501');
Insert into S_SZALLIT (UT,KONTENER,MEGRENDELES) values ('0645003','37','060101');
Insert into S_SZALLIT (UT,KONTENER,MEGRENDELES) values ('0645006','37','062601');
Insert into S_SZALLIT (UT,KONTENER,MEGRENDELES) values ('0735001','37','065301');
Insert into S_SZALLIT (UT,KONTENER,MEGRENDELES) values ('0745001','37','062602');
Insert into S_SZALLIT (UT,KONTENER,MEGRENDELES) values ('0535003','38','053903');
Insert into S_SZALLIT (UT,KONTENER,MEGRENDELES) values ('0535004','38','054201');
Insert into S_SZALLIT (UT,KONTENER,MEGRENDELES) values ('0535005','38','053301');
Insert into S_SZALLIT (UT,KONTENER,MEGRENDELES) values ('0545001','38','053901');
Insert into S_SZALLIT (UT,KONTENER,MEGRENDELES) values ('0545002','38','054202');
Insert into S_SZALLIT (UT,KONTENER,MEGRENDELES) values ('0545003','38','053902');
Insert into S_SZALLIT (UT,KONTENER,MEGRENDELES) values ('0545004','38','050101');
Insert into S_SZALLIT (UT,KONTENER,MEGRENDELES) values ('0545005','38','050401');
Insert into S_SZALLIT (UT,KONTENER,MEGRENDELES) values ('0545006','38','053401');
Insert into S_SZALLIT (UT,KONTENER,MEGRENDELES) values ('0635002','38','065601');
Insert into S_SZALLIT (UT,KONTENER,MEGRENDELES) values ('0635003','38','065602');
Insert into S_SZALLIT (UT,KONTENER,MEGRENDELES) values ('0635004','38','065603');
Insert into S_SZALLIT (UT,KONTENER,MEGRENDELES) values ('0635006','38','063702');
Insert into S_SZALLIT (UT,KONTENER,MEGRENDELES) values ('0645001','38','053501');
Insert into S_SZALLIT (UT,KONTENER,MEGRENDELES) values ('0645003','38','060101');
Insert into S_SZALLIT (UT,KONTENER,MEGRENDELES) values ('0645006','38','062601');
Insert into S_SZALLIT (UT,KONTENER,MEGRENDELES) values ('0735001','38','065301');
Insert into S_SZALLIT (UT,KONTENER,MEGRENDELES) values ('0745001','38','062602');
Insert into S_SZALLIT (UT,KONTENER,MEGRENDELES) values ('0535003','39','053903');
Insert into S_SZALLIT (UT,KONTENER,MEGRENDELES) values ('0535004','39','054201');
Insert into S_SZALLIT (UT,KONTENER,MEGRENDELES) values ('0535005','39','053301');
Insert into S_SZALLIT (UT,KONTENER,MEGRENDELES) values ('0545001','39','053901');
Insert into S_SZALLIT (UT,KONTENER,MEGRENDELES) values ('0545002','39','054202');
Insert into S_SZALLIT (UT,KONTENER,MEGRENDELES) values ('0545003','39','053902');
Insert into S_SZALLIT (UT,KONTENER,MEGRENDELES) values ('0545004','39','050101');
Insert into S_SZALLIT (UT,KONTENER,MEGRENDELES) values ('0545005','39','050401');
Insert into S_SZALLIT (UT,KONTENER,MEGRENDELES) values ('0545006','39','053401');
Insert into S_SZALLIT (UT,KONTENER,MEGRENDELES) values ('0635002','39','065601');
Insert into S_SZALLIT (UT,KONTENER,MEGRENDELES) values ('0635003','39','065602');
Insert into S_SZALLIT (UT,KONTENER,MEGRENDELES) values ('0635004','39','065603');
Insert into S_SZALLIT (UT,KONTENER,MEGRENDELES) values ('0635006','39','063702');
Insert into S_SZALLIT (UT,KONTENER,MEGRENDELES) values ('0645001','39','053501');
Insert into S_SZALLIT (UT,KONTENER,MEGRENDELES) values ('0645003','39','060101');
Insert into S_SZALLIT (UT,KONTENER,MEGRENDELES) values ('0645006','39','062601');
Insert into S_SZALLIT (UT,KONTENER,MEGRENDELES) values ('0735001','39','065301');
Insert into S_SZALLIT (UT,KONTENER,MEGRENDELES) values ('0745001','39','062602');
Insert into S_SZALLIT (UT,KONTENER,MEGRENDELES) values ('0535003','40','053903');
Insert into S_SZALLIT (UT,KONTENER,MEGRENDELES) values ('0535004','40','054201');
Insert into S_SZALLIT (UT,KONTENER,MEGRENDELES) values ('0535005','40','053301');
Insert into S_SZALLIT (UT,KONTENER,MEGRENDELES) values ('0545001','40','053901');
Insert into S_SZALLIT (UT,KONTENER,MEGRENDELES) values ('0545002','40','054202');
Insert into S_SZALLIT (UT,KONTENER,MEGRENDELES) values ('0545003','40','053902');
Insert into S_SZALLIT (UT,KONTENER,MEGRENDELES) values ('0545004','40','050101');
Insert into S_SZALLIT (UT,KONTENER,MEGRENDELES) values ('0545005','40','050401');
Insert into S_SZALLIT (UT,KONTENER,MEGRENDELES) values ('0545006','40','053401');
Insert into S_SZALLIT (UT,KONTENER,MEGRENDELES) values ('0635002','40','065601');
Insert into S_SZALLIT (UT,KONTENER,MEGRENDELES) values ('0635003','40','065602');
Insert into S_SZALLIT (UT,KONTENER,MEGRENDELES) values ('0635004','40','065603');
Insert into S_SZALLIT (UT,KONTENER,MEGRENDELES) values ('0635006','40','063702');
Insert into S_SZALLIT (UT,KONTENER,MEGRENDELES) values ('0645001','40','053501');
Insert into S_SZALLIT (UT,KONTENER,MEGRENDELES) values ('0645003','40','060101');
Insert into S_SZALLIT (UT,KONTENER,MEGRENDELES) values ('0645006','40','062601');
Insert into S_SZALLIT (UT,KONTENER,MEGRENDELES) values ('0735001','40','065301');
Insert into S_SZALLIT (UT,KONTENER,MEGRENDELES) values ('0745001','40','062602');
Insert into S_SZALLIT (UT,KONTENER,MEGRENDELES) values ('0535003','41','053903');
Insert into S_SZALLIT (UT,KONTENER,MEGRENDELES) values ('0535004','41','054201');
Insert into S_SZALLIT (UT,KONTENER,MEGRENDELES) values ('0535005','41','053301');
Insert into S_SZALLIT (UT,KONTENER,MEGRENDELES) values ('0545001','41','053901');
Insert into S_SZALLIT (UT,KONTENER,MEGRENDELES) values ('0545002','41','054202');
Insert into S_SZALLIT (UT,KONTENER,MEGRENDELES) values ('0545003','41','053902');
Insert into S_SZALLIT (UT,KONTENER,MEGRENDELES) values ('0545004','41','050101');
Insert into S_SZALLIT (UT,KONTENER,MEGRENDELES) values ('0545005','41','050401');
Insert into S_SZALLIT (UT,KONTENER,MEGRENDELES) values ('0545006','41','053401');
Insert into S_SZALLIT (UT,KONTENER,MEGRENDELES) values ('0635002','41','065601');
Insert into S_SZALLIT (UT,KONTENER,MEGRENDELES) values ('0635003','41','065602');
Insert into S_SZALLIT (UT,KONTENER,MEGRENDELES) values ('0635004','41','065603');
Insert into S_SZALLIT (UT,KONTENER,MEGRENDELES) values ('0635006','41','063702');
Insert into S_SZALLIT (UT,KONTENER,MEGRENDELES) values ('0645001','41','053501');
Insert into S_SZALLIT (UT,KONTENER,MEGRENDELES) values ('0645003','41','060101');
Insert into S_SZALLIT (UT,KONTENER,MEGRENDELES) values ('0645006','41','062601');
Insert into S_SZALLIT (UT,KONTENER,MEGRENDELES) values ('0735001','41','065301');
Insert into S_SZALLIT (UT,KONTENER,MEGRENDELES) values ('0745001','41','062602');
Insert into S_SZALLIT (UT,KONTENER,MEGRENDELES) values ('0535003','42','053903');
Insert into S_SZALLIT (UT,KONTENER,MEGRENDELES) values ('0535004','42','054201');
Insert into S_SZALLIT (UT,KONTENER,MEGRENDELES) values ('0535005','42','053301');
Insert into S_SZALLIT (UT,KONTENER,MEGRENDELES) values ('0545001','42','053901');
Insert into S_SZALLIT (UT,KONTENER,MEGRENDELES) values ('0545003','42','053902');
Insert into S_SZALLIT (UT,KONTENER,MEGRENDELES) values ('0545004','42','050101');
Insert into S_SZALLIT (UT,KONTENER,MEGRENDELES) values ('0545005','42','050401');
Insert into S_SZALLIT (UT,KONTENER,MEGRENDELES) values ('0545006','42','053401');
Insert into S_SZALLIT (UT,KONTENER,MEGRENDELES) values ('0635002','42','065601');
Insert into S_SZALLIT (UT,KONTENER,MEGRENDELES) values ('0635003','42','065602');
Insert into S_SZALLIT (UT,KONTENER,MEGRENDELES) values ('0635004','42','065603');
Insert into S_SZALLIT (UT,KONTENER,MEGRENDELES) values ('0635006','42','063702');
Insert into S_SZALLIT (UT,KONTENER,MEGRENDELES) values ('0645001','42','053501');
Insert into S_SZALLIT (UT,KONTENER,MEGRENDELES) values ('0645003','42','060101');
Insert into S_SZALLIT (UT,KONTENER,MEGRENDELES) values ('0645006','42','062601');
Insert into S_SZALLIT (UT,KONTENER,MEGRENDELES) values ('0735001','42','065301');
Insert into S_SZALLIT (UT,KONTENER,MEGRENDELES) values ('0745001','42','062602');
Insert into S_SZALLIT (UT,KONTENER,MEGRENDELES) values ('0535003','43','053903');
Insert into S_SZALLIT (UT,KONTENER,MEGRENDELES) values ('0535004','43','054201');
Insert into S_SZALLIT (UT,KONTENER,MEGRENDELES) values ('0535005','43','053301');
Insert into S_SZALLIT (UT,KONTENER,MEGRENDELES) values ('0545001','43','053901');
Insert into S_SZALLIT (UT,KONTENER,MEGRENDELES) values ('0545003','43','053902');
Insert into S_SZALLIT (UT,KONTENER,MEGRENDELES) values ('0545004','43','050101');
Insert into S_SZALLIT (UT,KONTENER,MEGRENDELES) values ('0545005','43','050401');
Insert into S_SZALLIT (UT,KONTENER,MEGRENDELES) values ('0545006','43','053401');
Insert into S_SZALLIT (UT,KONTENER,MEGRENDELES) values ('0635002','43','065601');
Insert into S_SZALLIT (UT,KONTENER,MEGRENDELES) values ('0635003','43','065602');
Insert into S_SZALLIT (UT,KONTENER,MEGRENDELES) values ('0635004','43','065603');
Insert into S_SZALLIT (UT,KONTENER,MEGRENDELES) values ('0635006','43','063702');
Insert into S_SZALLIT (UT,KONTENER,MEGRENDELES) values ('0645001','43','053501');
Insert into S_SZALLIT (UT,KONTENER,MEGRENDELES) values ('0645003','43','060101');
Insert into S_SZALLIT (UT,KONTENER,MEGRENDELES) values ('0645006','43','062601');
Insert into S_SZALLIT (UT,KONTENER,MEGRENDELES) values ('0735001','43','065301');
Insert into S_SZALLIT (UT,KONTENER,MEGRENDELES) values ('0745001','43','062602');
Insert into S_SZALLIT (UT,KONTENER,MEGRENDELES) values ('0535003','44','053903');
Insert into S_SZALLIT (UT,KONTENER,MEGRENDELES) values ('0535004','44','054201');
Insert into S_SZALLIT (UT,KONTENER,MEGRENDELES) values ('0535005','44','053301');
Insert into S_SZALLIT (UT,KONTENER,MEGRENDELES) values ('0545001','44','053901');
Insert into S_SZALLIT (UT,KONTENER,MEGRENDELES) values ('0545003','44','053902');
Insert into S_SZALLIT (UT,KONTENER,MEGRENDELES) values ('0545004','44','050101');
Insert into S_SZALLIT (UT,KONTENER,MEGRENDELES) values ('0545005','44','050401');
Insert into S_SZALLIT (UT,KONTENER,MEGRENDELES) values ('0545006','44','053401');
Insert into S_SZALLIT (UT,KONTENER,MEGRENDELES) values ('0635002','44','065601');
Insert into S_SZALLIT (UT,KONTENER,MEGRENDELES) values ('0635003','44','065602');
Insert into S_SZALLIT (UT,KONTENER,MEGRENDELES) values ('0635006','44','063702');
Insert into S_SZALLIT (UT,KONTENER,MEGRENDELES) values ('0645001','44','053501');
Insert into S_SZALLIT (UT,KONTENER,MEGRENDELES) values ('0645003','44','060101');
Insert into S_SZALLIT (UT,KONTENER,MEGRENDELES) values ('0645006','44','062601');
Insert into S_SZALLIT (UT,KONTENER,MEGRENDELES) values ('0735001','44','065301');
Insert into S_SZALLIT (UT,KONTENER,MEGRENDELES) values ('0745001','44','062602');
Insert into S_SZALLIT (UT,KONTENER,MEGRENDELES) values ('0535003','45','053903');
Insert into S_SZALLIT (UT,KONTENER,MEGRENDELES) values ('0535004','45','054201');
Insert into S_SZALLIT (UT,KONTENER,MEGRENDELES) values ('0535005','45','053301');
Insert into S_SZALLIT (UT,KONTENER,MEGRENDELES) values ('0545001','45','053901');
Insert into S_SZALLIT (UT,KONTENER,MEGRENDELES) values ('0545003','45','053902');
Insert into S_SZALLIT (UT,KONTENER,MEGRENDELES) values ('0545004','45','050101');
Insert into S_SZALLIT (UT,KONTENER,MEGRENDELES) values ('0545005','45','050401');
Insert into S_SZALLIT (UT,KONTENER,MEGRENDELES) values ('0545006','45','053401');
Insert into S_SZALLIT (UT,KONTENER,MEGRENDELES) values ('0635002','45','065601');
Insert into S_SZALLIT (UT,KONTENER,MEGRENDELES) values ('0635003','45','065602');
Insert into S_SZALLIT (UT,KONTENER,MEGRENDELES) values ('0635006','45','063702');
Insert into S_SZALLIT (UT,KONTENER,MEGRENDELES) values ('0645001','45','053501');
Insert into S_SZALLIT (UT,KONTENER,MEGRENDELES) values ('0645003','45','060101');
Insert into S_SZALLIT (UT,KONTENER,MEGRENDELES) values ('0645006','45','062601');
Insert into S_SZALLIT (UT,KONTENER,MEGRENDELES) values ('0735001','45','065301');
Insert into S_SZALLIT (UT,KONTENER,MEGRENDELES) values ('0745001','45','062602');
Insert into S_SZALLIT (UT,KONTENER,MEGRENDELES) values ('0535003','46','053903');
Insert into S_SZALLIT (UT,KONTENER,MEGRENDELES) values ('0535004','46','054201');
Insert into S_SZALLIT (UT,KONTENER,MEGRENDELES) values ('0535005','46','053301');
Insert into S_SZALLIT (UT,KONTENER,MEGRENDELES) values ('0545001','46','053901');
Insert into S_SZALLIT (UT,KONTENER,MEGRENDELES) values ('0545003','46','053902');
Insert into S_SZALLIT (UT,KONTENER,MEGRENDELES) values ('0545004','46','050101');
Insert into S_SZALLIT (UT,KONTENER,MEGRENDELES) values ('0545005','46','050401');
Insert into S_SZALLIT (UT,KONTENER,MEGRENDELES) values ('0545006','46','053401');
Insert into S_SZALLIT (UT,KONTENER,MEGRENDELES) values ('0635002','46','065601');
Insert into S_SZALLIT (UT,KONTENER,MEGRENDELES) values ('0635003','46','065602');
Insert into S_SZALLIT (UT,KONTENER,MEGRENDELES) values ('0635006','46','063702');
Insert into S_SZALLIT (UT,KONTENER,MEGRENDELES) values ('0645001','46','053501');
Insert into S_SZALLIT (UT,KONTENER,MEGRENDELES) values ('0645003','46','060101');
Insert into S_SZALLIT (UT,KONTENER,MEGRENDELES) values ('0645006','46','062601');
Insert into S_SZALLIT (UT,KONTENER,MEGRENDELES) values ('0735001','46','065301');
Insert into S_SZALLIT (UT,KONTENER,MEGRENDELES) values ('0745001','46','062602');
Insert into S_SZALLIT (UT,KONTENER,MEGRENDELES) values ('0535003','47','053903');
Insert into S_SZALLIT (UT,KONTENER,MEGRENDELES) values ('0535004','47','054201');
Insert into S_SZALLIT (UT,KONTENER,MEGRENDELES) values ('0535005','47','053301');
Insert into S_SZALLIT (UT,KONTENER,MEGRENDELES) values ('0545001','47','053901');
Insert into S_SZALLIT (UT,KONTENER,MEGRENDELES) values ('0545003','47','053902');
Insert into S_SZALLIT (UT,KONTENER,MEGRENDELES) values ('0545004','47','050101');
Insert into S_SZALLIT (UT,KONTENER,MEGRENDELES) values ('0545005','47','050401');
Insert into S_SZALLIT (UT,KONTENER,MEGRENDELES) values ('0635002','47','065601');
Insert into S_SZALLIT (UT,KONTENER,MEGRENDELES) values ('0635003','47','065602');
Insert into S_SZALLIT (UT,KONTENER,MEGRENDELES) values ('0635006','47','063702');
Insert into S_SZALLIT (UT,KONTENER,MEGRENDELES) values ('0645003','47','060101');
Insert into S_SZALLIT (UT,KONTENER,MEGRENDELES) values ('0645006','47','062601');
Insert into S_SZALLIT (UT,KONTENER,MEGRENDELES) values ('0735001','47','065301');
Insert into S_SZALLIT (UT,KONTENER,MEGRENDELES) values ('0745001','47','062602');
Insert into S_SZALLIT (UT,KONTENER,MEGRENDELES) values ('0535003','48','053903');
Insert into S_SZALLIT (UT,KONTENER,MEGRENDELES) values ('0535005','48','053301');
Insert into S_SZALLIT (UT,KONTENER,MEGRENDELES) values ('0545001','48','053901');
Insert into S_SZALLIT (UT,KONTENER,MEGRENDELES) values ('0545003','48','053902');
Insert into S_SZALLIT (UT,KONTENER,MEGRENDELES) values ('0545004','48','050101');
Insert into S_SZALLIT (UT,KONTENER,MEGRENDELES) values ('0545005','48','050401');
Insert into S_SZALLIT (UT,KONTENER,MEGRENDELES) values ('0635002','48','065601');
Insert into S_SZALLIT (UT,KONTENER,MEGRENDELES) values ('0635003','48','065602');
Insert into S_SZALLIT (UT,KONTENER,MEGRENDELES) values ('0635006','48','063702');
Insert into S_SZALLIT (UT,KONTENER,MEGRENDELES) values ('0645003','48','060101');
Insert into S_SZALLIT (UT,KONTENER,MEGRENDELES) values ('0645006','48','062601');
Insert into S_SZALLIT (UT,KONTENER,MEGRENDELES) values ('0735001','48','065301');
Insert into S_SZALLIT (UT,KONTENER,MEGRENDELES) values ('0745001','48','062602');
Insert into S_SZALLIT (UT,KONTENER,MEGRENDELES) values ('0535003','49','053903');
Insert into S_SZALLIT (UT,KONTENER,MEGRENDELES) values ('0545004','49','050101');
Insert into S_SZALLIT (UT,KONTENER,MEGRENDELES) values ('0545005','49','050401');
Insert into S_SZALLIT (UT,KONTENER,MEGRENDELES) values ('0635002','49','065601');
Insert into S_SZALLIT (UT,KONTENER,MEGRENDELES) values ('0635003','49','065602');
Insert into S_SZALLIT (UT,KONTENER,MEGRENDELES) values ('0635006','49','063702');
Insert into S_SZALLIT (UT,KONTENER,MEGRENDELES) values ('0645003','49','060101');
Insert into S_SZALLIT (UT,KONTENER,MEGRENDELES) values ('0645006','49','062601');
Insert into S_SZALLIT (UT,KONTENER,MEGRENDELES) values ('0735001','49','065301');
Insert into S_SZALLIT (UT,KONTENER,MEGRENDELES) values ('0745001','49','062602');
Insert into S_SZALLIT (UT,KONTENER,MEGRENDELES) values ('0365003','80','035701');
Insert into S_SZALLIT (UT,KONTENER,MEGRENDELES) values ('0365004','80','035701');
Insert into S_SZALLIT (UT,KONTENER,MEGRENDELES) values ('0365005','80','035701');
Insert into S_SZALLIT (UT,KONTENER,MEGRENDELES) values ('0365006','80','035701');
Insert into S_SZALLIT (UT,KONTENER,MEGRENDELES) values ('0365007','80','035701');
Insert into S_SZALLIT (UT,KONTENER,MEGRENDELES) values ('0365008','80','035701');
Insert into S_SZALLIT (UT,KONTENER,MEGRENDELES) values ('0465001','80','035701');
Insert into S_SZALLIT (UT,KONTENER,MEGRENDELES) values ('0465002','80','035701');
Insert into S_SZALLIT (UT,KONTENER,MEGRENDELES) values ('0465003','80','035701');
Insert into S_SZALLIT (UT,KONTENER,MEGRENDELES) values ('0465004','80','035701');
Insert into S_SZALLIT (UT,KONTENER,MEGRENDELES) values ('0465005','80','035701');
Insert into S_SZALLIT (UT,KONTENER,MEGRENDELES) values ('0465006','80','035701');
Insert into S_SZALLIT (UT,KONTENER,MEGRENDELES) values ('0465007','80','035701');
Insert into S_SZALLIT (UT,KONTENER,MEGRENDELES) values ('0465008','80','035701');
Insert into S_SZALLIT (UT,KONTENER,MEGRENDELES) values ('0645002','80','065601');
Insert into S_SZALLIT (UT,KONTENER,MEGRENDELES) values ('0365003','81','035701');
Insert into S_SZALLIT (UT,KONTENER,MEGRENDELES) values ('0365004','81','035701');
Insert into S_SZALLIT (UT,KONTENER,MEGRENDELES) values ('0365005','81','035701');
Insert into S_SZALLIT (UT,KONTENER,MEGRENDELES) values ('0365006','81','035701');
Insert into S_SZALLIT (UT,KONTENER,MEGRENDELES) values ('0365007','81','035701');
Insert into S_SZALLIT (UT,KONTENER,MEGRENDELES) values ('0365008','81','035701');
Insert into S_SZALLIT (UT,KONTENER,MEGRENDELES) values ('0465001','81','035701');
Insert into S_SZALLIT (UT,KONTENER,MEGRENDELES) values ('0465002','81','035701');
Insert into S_SZALLIT (UT,KONTENER,MEGRENDELES) values ('0465003','81','035701');
Insert into S_SZALLIT (UT,KONTENER,MEGRENDELES) values ('0465004','81','035701');
Insert into S_SZALLIT (UT,KONTENER,MEGRENDELES) values ('0465005','81','035701');
Insert into S_SZALLIT (UT,KONTENER,MEGRENDELES) values ('0465006','81','035701');
Insert into S_SZALLIT (UT,KONTENER,MEGRENDELES) values ('0465007','81','035701');
Insert into S_SZALLIT (UT,KONTENER,MEGRENDELES) values ('0465008','81','035701');
Insert into S_SZALLIT (UT,KONTENER,MEGRENDELES) values ('0645002','81','065601');
Insert into S_SZALLIT (UT,KONTENER,MEGRENDELES) values ('0365006','82','033501');
Insert into S_SZALLIT (UT,KONTENER,MEGRENDELES) values ('0645002','82','065601');
Insert into S_SZALLIT (UT,KONTENER,MEGRENDELES) values ('0365006','83','033501');
Insert into S_SZALLIT (UT,KONTENER,MEGRENDELES) values ('0645002','83','065601');
Insert into S_SZALLIT (UT,KONTENER,MEGRENDELES) values ('0365008','84','033502');
Insert into S_SZALLIT (UT,KONTENER,MEGRENDELES) values ('0465001','84','033502');
Insert into S_SZALLIT (UT,KONTENER,MEGRENDELES) values ('0465002','84','033502');
Insert into S_SZALLIT (UT,KONTENER,MEGRENDELES) values ('0465003','84','033502');
Insert into S_SZALLIT (UT,KONTENER,MEGRENDELES) values ('0465004','84','033502');
Insert into S_SZALLIT (UT,KONTENER,MEGRENDELES) values ('0645002','84','065601');
Insert into S_SZALLIT (UT,KONTENER,MEGRENDELES) values ('0645002','85','065601');
Insert into S_SZALLIT (UT,KONTENER,MEGRENDELES) values ('0645002','86','065601');
Insert into S_SZALLIT (UT,KONTENER,MEGRENDELES) values ('0645002','87','065601');
Insert into S_SZALLIT (UT,KONTENER,MEGRENDELES) values ('0645002','88','065601');
Insert into S_SZALLIT (UT,KONTENER,MEGRENDELES) values ('0645002','89','065601');
Insert into S_SZALLIT (UT,KONTENER,MEGRENDELES) values ('0465002','90','046101');
Insert into S_SZALLIT (UT,KONTENER,MEGRENDELES) values ('0465003','90','046101');
Insert into S_SZALLIT (UT,KONTENER,MEGRENDELES) values ('0465004','90','046101');
Insert into S_SZALLIT (UT,KONTENER,MEGRENDELES) values ('0465005','90','046101');
Insert into S_SZALLIT (UT,KONTENER,MEGRENDELES) values ('0465006','90','046101');
Insert into S_SZALLIT (UT,KONTENER,MEGRENDELES) values ('0465007','90','046101');
Insert into S_SZALLIT (UT,KONTENER,MEGRENDELES) values ('0465008','90','046101');
Insert into S_SZALLIT (UT,KONTENER,MEGRENDELES) values ('0465009','90','046101');
Insert into S_SZALLIT (UT,KONTENER,MEGRENDELES) values ('0645002','90','065601');
Insert into S_SZALLIT (UT,KONTENER,MEGRENDELES) values ('0465002','91','046101');
Insert into S_SZALLIT (UT,KONTENER,MEGRENDELES) values ('0465003','91','046101');
Insert into S_SZALLIT (UT,KONTENER,MEGRENDELES) values ('0465004','91','046101');
Insert into S_SZALLIT (UT,KONTENER,MEGRENDELES) values ('0465005','91','046101');
Insert into S_SZALLIT (UT,KONTENER,MEGRENDELES) values ('0465006','91','046101');
Insert into S_SZALLIT (UT,KONTENER,MEGRENDELES) values ('0465007','91','046101');
Insert into S_SZALLIT (UT,KONTENER,MEGRENDELES) values ('0465008','91','046101');
Insert into S_SZALLIT (UT,KONTENER,MEGRENDELES) values ('0465009','91','046101');
Insert into S_SZALLIT (UT,KONTENER,MEGRENDELES) values ('0645002','91','065601');
Insert into S_SZALLIT (UT,KONTENER,MEGRENDELES) values ('0465003','92','043401');
Insert into S_SZALLIT (UT,KONTENER,MEGRENDELES) values ('0645002','92','065601');
Insert into S_SZALLIT (UT,KONTENER,MEGRENDELES) values ('0465003','93','043401');
Insert into S_SZALLIT (UT,KONTENER,MEGRENDELES) values ('0645002','93','065601');
Insert into S_SZALLIT (UT,KONTENER,MEGRENDELES) values ('0465003','94','043401');
Insert into S_SZALLIT (UT,KONTENER,MEGRENDELES) values ('0645002','94','065601');
Insert into S_SZALLIT (UT,KONTENER,MEGRENDELES) values ('0645002','95','065601');
Insert into S_SZALLIT (UT,KONTENER,MEGRENDELES) values ('0645002','96','065601');
Insert into S_SZALLIT (UT,KONTENER,MEGRENDELES) values ('0645002','97','065601');
Insert into S_SZALLIT (UT,KONTENER,MEGRENDELES) values ('0465007','98','035001');
Insert into S_SZALLIT (UT,KONTENER,MEGRENDELES) values ('0465008','98','035001');
Insert into S_SZALLIT (UT,KONTENER,MEGRENDELES) values ('0465009','98','035001');
Insert into S_SZALLIT (UT,KONTENER,MEGRENDELES) values ('0465010','98','035001');
Insert into S_SZALLIT (UT,KONTENER,MEGRENDELES) values ('0645002','98','065601');
Insert into S_SZALLIT (UT,KONTENER,MEGRENDELES) values ('0465008','99','035002');
Insert into S_SZALLIT (UT,KONTENER,MEGRENDELES) values ('0465009','99','035002');
Insert into S_SZALLIT (UT,KONTENER,MEGRENDELES) values ('0465010','99','035002');
Insert into S_SZALLIT (UT,KONTENER,MEGRENDELES) values ('0645002','99','065601');
Insert into S_SZALLIT (UT,KONTENER,MEGRENDELES) values ('0645002','100','065601');
Insert into S_SZALLIT (UT,KONTENER,MEGRENDELES) values ('0645002','101','065601');
Insert into S_SZALLIT (UT,KONTENER,MEGRENDELES) values ('0645002','102','065601');
Insert into S_SZALLIT (UT,KONTENER,MEGRENDELES) values ('0645002','103','065601');
Insert into S_SZALLIT (UT,KONTENER,MEGRENDELES) values ('0645002','104','065601');
Insert into S_SZALLIT (UT,KONTENER,MEGRENDELES) values ('0645002','105','065601');
Insert into S_SZALLIT (UT,KONTENER,MEGRENDELES) values ('0645002','106','065601');
Insert into S_SZALLIT (UT,KONTENER,MEGRENDELES) values ('0645002','107','065601');
Insert into S_SZALLIT (UT,KONTENER,MEGRENDELES) values ('0645002','108','065601');
Insert into S_SZALLIT (UT,KONTENER,MEGRENDELES) values ('0645002','109','065601');
Insert into S_SZALLIT (UT,KONTENER,MEGRENDELES) values ('0645002','110','065601');
Insert into S_SZALLIT (UT,KONTENER,MEGRENDELES) values ('0960001','222','066001');
Insert into S_SZALLIT (UT,KONTENER,MEGRENDELES) values ('0960002','222','066001');
Insert into S_SZALLIT (UT,KONTENER,MEGRENDELES) values ('0960001','223','066001');
Insert into S_SZALLIT (UT,KONTENER,MEGRENDELES) values ('0960002','223','066001');
Insert into S_SZALLIT (UT,KONTENER,MEGRENDELES) values ('0960001','224','066001');
Insert into S_SZALLIT (UT,KONTENER,MEGRENDELES) values ('0960002','224','066001');
Insert into S_SZALLIT (UT,KONTENER,MEGRENDELES) values ('0960001','225','066001');
Insert into S_SZALLIT (UT,KONTENER,MEGRENDELES) values ('0960002','225','066001');
Insert into S_SZALLIT (UT,KONTENER,MEGRENDELES) values ('0960001','226','066001');
Insert into S_SZALLIT (UT,KONTENER,MEGRENDELES) values ('0960002','226','066001');
Insert into S_SZALLIT (UT,KONTENER,MEGRENDELES) values ('0960001','227','066001');
Insert into S_SZALLIT (UT,KONTENER,MEGRENDELES) values ('0960002','227','066001');
Insert into S_SZALLIT (UT,KONTENER,MEGRENDELES) values ('0960001','228','066001');
Insert into S_SZALLIT (UT,KONTENER,MEGRENDELES) values ('0960002','228','066001');
Insert into S_SZALLIT (UT,KONTENER,MEGRENDELES) values ('0960001','229','066001');
Insert into S_SZALLIT (UT,KONTENER,MEGRENDELES) values ('0960002','229','066001');
Insert into S_SZALLIT (UT,KONTENER,MEGRENDELES) values ('0960001','230','066001');
Insert into S_SZALLIT (UT,KONTENER,MEGRENDELES) values ('0960002','230','066001');
Insert into S_SZALLIT (UT,KONTENER,MEGRENDELES) values ('0960001','231','066001');
Insert into S_SZALLIT (UT,KONTENER,MEGRENDELES) values ('0960002','231','066001');
Insert into S_SZALLIT (UT,KONTENER,MEGRENDELES) values ('0960001','232','066002');
Insert into S_SZALLIT (UT,KONTENER,MEGRENDELES) values ('0960002','232','066002');
Insert into S_SZALLIT (UT,KONTENER,MEGRENDELES) values ('0960003','232','066002');
Insert into S_SZALLIT (UT,KONTENER,MEGRENDELES) values ('0960004','232','066002');
Insert into S_SZALLIT (UT,KONTENER,MEGRENDELES) values ('0960005','232','066002');
Insert into S_SZALLIT (UT,KONTENER,MEGRENDELES) values ('0960001','233','066002');
Insert into S_SZALLIT (UT,KONTENER,MEGRENDELES) values ('0960002','233','066002');
Insert into S_SZALLIT (UT,KONTENER,MEGRENDELES) values ('0960003','233','066002');
Insert into S_SZALLIT (UT,KONTENER,MEGRENDELES) values ('0960004','233','066002');
Insert into S_SZALLIT (UT,KONTENER,MEGRENDELES) values ('0960005','233','066002');
Insert into S_SZALLIT (UT,KONTENER,MEGRENDELES) values ('0960001','234','066002');
Insert into S_SZALLIT (UT,KONTENER,MEGRENDELES) values ('0960002','234','066002');
Insert into S_SZALLIT (UT,KONTENER,MEGRENDELES) values ('0960003','234','066002');
Insert into S_SZALLIT (UT,KONTENER,MEGRENDELES) values ('0960004','234','066002');
Insert into S_SZALLIT (UT,KONTENER,MEGRENDELES) values ('0960005','234','066002');
Insert into S_SZALLIT (UT,KONTENER,MEGRENDELES) values ('0960001','235','066002');
Insert into S_SZALLIT (UT,KONTENER,MEGRENDELES) values ('0960002','235','066002');
Insert into S_SZALLIT (UT,KONTENER,MEGRENDELES) values ('0960003','235','066002');
Insert into S_SZALLIT (UT,KONTENER,MEGRENDELES) values ('0960004','235','066002');
Insert into S_SZALLIT (UT,KONTENER,MEGRENDELES) values ('0960005','235','066002');
Insert into S_SZALLIT (UT,KONTENER,MEGRENDELES) values ('0960002','240','080101');
Insert into S_SZALLIT (UT,KONTENER,MEGRENDELES) values ('0960003','240','080101');
Insert into S_SZALLIT (UT,KONTENER,MEGRENDELES) values ('0960002','241','080101');
Insert into S_SZALLIT (UT,KONTENER,MEGRENDELES) values ('0960003','241','080101');
Insert into S_SZALLIT (UT,KONTENER,MEGRENDELES) values ('0960002','242','080101');
Insert into S_SZALLIT (UT,KONTENER,MEGRENDELES) values ('0960003','242','080101');
Insert into S_SZALLIT (UT,KONTENER,MEGRENDELES) values ('0960002','243','080101');
Insert into S_SZALLIT (UT,KONTENER,MEGRENDELES) values ('0960003','243','080101');
Insert into S_SZALLIT (UT,KONTENER,MEGRENDELES) values ('0960002','244','080101');
Insert into S_SZALLIT (UT,KONTENER,MEGRENDELES) values ('0960003','244','080101');
Insert into S_SZALLIT (UT,KONTENER,MEGRENDELES) values ('0960002','245','080101');
Insert into S_SZALLIT (UT,KONTENER,MEGRENDELES) values ('0960003','245','080101');
Insert into S_SZALLIT (UT,KONTENER,MEGRENDELES) values ('0960003','250','070201');
Insert into S_SZALLIT (UT,KONTENER,MEGRENDELES) values ('0960004','250','070201');
Insert into S_SZALLIT (UT,KONTENER,MEGRENDELES) values ('0960005','250','070201');
Insert into S_SZALLIT (UT,KONTENER,MEGRENDELES) values ('0960006','250','070201');
Insert into S_SZALLIT (UT,KONTENER,MEGRENDELES) values ('1060001','250','070201');
Insert into S_SZALLIT (UT,KONTENER,MEGRENDELES) values ('1060002','250','070201');
Insert into S_SZALLIT (UT,KONTENER,MEGRENDELES) values ('0960005','263','072601');
Insert into S_SZALLIT (UT,KONTENER,MEGRENDELES) values ('0960006','263','072601');
Insert into S_SZALLIT (UT,KONTENER,MEGRENDELES) values ('1060001','263','072601');
Insert into S_SZALLIT (UT,KONTENER,MEGRENDELES) values ('0960005','264','072601');
Insert into S_SZALLIT (UT,KONTENER,MEGRENDELES) values ('0960006','264','072601');
Insert into S_SZALLIT (UT,KONTENER,MEGRENDELES) values ('1060001','264','072601');
Insert into S_SZALLIT (UT,KONTENER,MEGRENDELES) values ('0960005','265','072601');
Insert into S_SZALLIT (UT,KONTENER,MEGRENDELES) values ('0960006','265','072601');
Insert into S_SZALLIT (UT,KONTENER,MEGRENDELES) values ('1060001','265','072601');
Insert into S_SZALLIT (UT,KONTENER,MEGRENDELES) values ('0960005','266','072601');
Insert into S_SZALLIT (UT,KONTENER,MEGRENDELES) values ('0960006','266','072601');
Insert into S_SZALLIT (UT,KONTENER,MEGRENDELES) values ('1060001','266','072601');
Insert into S_SZALLIT (UT,KONTENER,MEGRENDELES) values ('1060001','280','072602');
Insert into S_SZALLIT (UT,KONTENER,MEGRENDELES) values ('1060002','280','072602');
Insert into S_SZALLIT (UT,KONTENER,MEGRENDELES) values ('1060003','280','072602');
Insert into S_SZALLIT (UT,KONTENER,MEGRENDELES) values ('1060001','281','072602');
Insert into S_SZALLIT (UT,KONTENER,MEGRENDELES) values ('1060002','281','072602');
Insert into S_SZALLIT (UT,KONTENER,MEGRENDELES) values ('1060003','281','072602');
Insert into S_SZALLIT (UT,KONTENER,MEGRENDELES) values ('1060001','282','072602');
Insert into S_SZALLIT (UT,KONTENER,MEGRENDELES) values ('1060002','282','072602');
Insert into S_SZALLIT (UT,KONTENER,MEGRENDELES) values ('1060003','282','072602');
Insert into S_SZALLIT (UT,KONTENER,MEGRENDELES) values ('1060001','283','072602');
Insert into S_SZALLIT (UT,KONTENER,MEGRENDELES) values ('1060002','283','072602');
Insert into S_SZALLIT (UT,KONTENER,MEGRENDELES) values ('1060003','283','072602');
Insert into S_SZALLIT (UT,KONTENER,MEGRENDELES) values ('1060001','284','072602');
Insert into S_SZALLIT (UT,KONTENER,MEGRENDELES) values ('1060002','284','072602');
Insert into S_SZALLIT (UT,KONTENER,MEGRENDELES) values ('1060003','284','072602');
Insert into S_SZALLIT (UT,KONTENER,MEGRENDELES) values ('1060001','285','072602');
Insert into S_SZALLIT (UT,KONTENER,MEGRENDELES) values ('1060002','285','072602');
Insert into S_SZALLIT (UT,KONTENER,MEGRENDELES) values ('1060003','285','072602');
Insert into S_SZALLIT (UT,KONTENER,MEGRENDELES) values ('1060001','286','072602');
Insert into S_SZALLIT (UT,KONTENER,MEGRENDELES) values ('1060002','286','072602');
Insert into S_SZALLIT (UT,KONTENER,MEGRENDELES) values ('1060003','286','072602');
Insert into S_SZALLIT (UT,KONTENER,MEGRENDELES) values ('1060001','287','072602');
Insert into S_SZALLIT (UT,KONTENER,MEGRENDELES) values ('1060002','287','072602');
Insert into S_SZALLIT (UT,KONTENER,MEGRENDELES) values ('1060003','287','072602');
Insert into S_SZALLIT (UT,KONTENER,MEGRENDELES) values ('1060001','288','072602');
Insert into S_SZALLIT (UT,KONTENER,MEGRENDELES) values ('1060002','288','072602');
Insert into S_SZALLIT (UT,KONTENER,MEGRENDELES) values ('1060003','288','072602');
Insert into S_SZALLIT (UT,KONTENER,MEGRENDELES) values ('1060001','289','072602');
Insert into S_SZALLIT (UT,KONTENER,MEGRENDELES) values ('1060002','289','072602');
Insert into S_SZALLIT (UT,KONTENER,MEGRENDELES) values ('1060003','289','072602');
Insert into S_SZALLIT (UT,KONTENER,MEGRENDELES) values ('0635002','22','065601');
Insert into S_SZALLIT (UT,KONTENER,MEGRENDELES) values ('0635003','22','065602');
Insert into S_SZALLIT (UT,KONTENER,MEGRENDELES) values ('0635004','22','065603');
Insert into S_SZALLIT (UT,KONTENER,MEGRENDELES) values ('0635005','22','061701');
Insert into S_SZALLIT (UT,KONTENER,MEGRENDELES) values ('0635006','22','063702');
Insert into S_SZALLIT (UT,KONTENER,MEGRENDELES) values ('0645001','22','053501');
Insert into S_SZALLIT (UT,KONTENER,MEGRENDELES) values ('0645003','22','060101');
Insert into S_SZALLIT (UT,KONTENER,MEGRENDELES) values ('0645006','22','062601');
Insert into S_SZALLIT (UT,KONTENER,MEGRENDELES) values ('0735001','22','065301');
Insert into S_SZALLIT (UT,KONTENER,MEGRENDELES) values ('0745001','22','062602');
Insert into S_SZALLIT (UT,KONTENER,MEGRENDELES) values ('0535001','23','042002');
Insert into S_SZALLIT (UT,KONTENER,MEGRENDELES) values ('0535002','23','052101');
Insert into S_SZALLIT (UT,KONTENER,MEGRENDELES) values ('0535003','23','053903');
Insert into S_SZALLIT (UT,KONTENER,MEGRENDELES) values ('0535004','23','054201');
Insert into S_SZALLIT (UT,KONTENER,MEGRENDELES) values ('0535005','23','053301');
Insert into S_SZALLIT (UT,KONTENER,MEGRENDELES) values ('0545001','23','053901');
Insert into S_SZALLIT (UT,KONTENER,MEGRENDELES) values ('0545002','23','054202');
Insert into S_SZALLIT (UT,KONTENER,MEGRENDELES) values ('0545003','23','053902');
Insert into S_SZALLIT (UT,KONTENER,MEGRENDELES) values ('0545004','23','050101');
Insert into S_SZALLIT (UT,KONTENER,MEGRENDELES) values ('0545005','23','050401');
Insert into S_SZALLIT (UT,KONTENER,MEGRENDELES) values ('0545006','23','053401');
Insert into S_SZALLIT (UT,KONTENER,MEGRENDELES) values ('0635002','23','065601');
Insert into S_SZALLIT (UT,KONTENER,MEGRENDELES) values ('0635003','23','065602');
Insert into S_SZALLIT (UT,KONTENER,MEGRENDELES) values ('0635004','23','065603');
Insert into S_SZALLIT (UT,KONTENER,MEGRENDELES) values ('0635005','23','061701');
Insert into S_SZALLIT (UT,KONTENER,MEGRENDELES) values ('0635006','23','063702');
Insert into S_SZALLIT (UT,KONTENER,MEGRENDELES) values ('0645001','23','053501');
Insert into S_SZALLIT (UT,KONTENER,MEGRENDELES) values ('0645003','23','060101');
Insert into S_SZALLIT (UT,KONTENER,MEGRENDELES) values ('0645006','23','062601');
Insert into S_SZALLIT (UT,KONTENER,MEGRENDELES) values ('0735001','23','065301');
Insert into S_SZALLIT (UT,KONTENER,MEGRENDELES) values ('0745001','23','062602');
Insert into S_SZALLIT (UT,KONTENER,MEGRENDELES) values ('0535001','24','042002');
Insert into S_SZALLIT (UT,KONTENER,MEGRENDELES) values ('0535002','24','052101');
Insert into S_SZALLIT (UT,KONTENER,MEGRENDELES) values ('0535003','24','053903');
Insert into S_SZALLIT (UT,KONTENER,MEGRENDELES) values ('0535004','24','054201');
Insert into S_SZALLIT (UT,KONTENER,MEGRENDELES) values ('0535005','24','053301');
Insert into S_SZALLIT (UT,KONTENER,MEGRENDELES) values ('0545001','24','053901');
Insert into S_SZALLIT (UT,KONTENER,MEGRENDELES) values ('0545002','24','054202');
Insert into S_SZALLIT (UT,KONTENER,MEGRENDELES) values ('0545003','24','053902');
Insert into S_SZALLIT (UT,KONTENER,MEGRENDELES) values ('0545004','24','050101');
Insert into S_SZALLIT (UT,KONTENER,MEGRENDELES) values ('0545005','24','050401');
Insert into S_SZALLIT (UT,KONTENER,MEGRENDELES) values ('0545006','24','053401');
Insert into S_SZALLIT (UT,KONTENER,MEGRENDELES) values ('0635002','24','065601');
Insert into S_SZALLIT (UT,KONTENER,MEGRENDELES) values ('0635003','24','065602');
Insert into S_SZALLIT (UT,KONTENER,MEGRENDELES) values ('0635004','24','065603');
Insert into S_SZALLIT (UT,KONTENER,MEGRENDELES) values ('0635006','24','063702');
Insert into S_SZALLIT (UT,KONTENER,MEGRENDELES) values ('0645001','24','053501');
Insert into S_SZALLIT (UT,KONTENER,MEGRENDELES) values ('0645003','24','060101');
Insert into S_SZALLIT (UT,KONTENER,MEGRENDELES) values ('0645006','24','062601');
Insert into S_SZALLIT (UT,KONTENER,MEGRENDELES) values ('0735001','24','065301');
Insert into S_SZALLIT (UT,KONTENER,MEGRENDELES) values ('0745001','24','062602');
Insert into S_SZALLIT (UT,KONTENER,MEGRENDELES) values ('0535001','25','042002');
Insert into S_SZALLIT (UT,KONTENER,MEGRENDELES) values ('0535002','25','052101');
Insert into S_SZALLIT (UT,KONTENER,MEGRENDELES) values ('0535003','25','053903');
Insert into S_SZALLIT (UT,KONTENER,MEGRENDELES) values ('0535004','25','054201');
Insert into S_SZALLIT (UT,KONTENER,MEGRENDELES) values ('0535005','25','053301');
Insert into S_SZALLIT (UT,KONTENER,MEGRENDELES) values ('0545001','25','053901');
Insert into S_SZALLIT (UT,KONTENER,MEGRENDELES) values ('0545002','25','054202');
Insert into S_SZALLIT (UT,KONTENER,MEGRENDELES) values ('0545003','25','053902');
Insert into S_SZALLIT (UT,KONTENER,MEGRENDELES) values ('0545004','25','050101');
Insert into S_SZALLIT (UT,KONTENER,MEGRENDELES) values ('0545005','25','050401');
Insert into S_SZALLIT (UT,KONTENER,MEGRENDELES) values ('0545006','25','053401');
Insert into S_SZALLIT (UT,KONTENER,MEGRENDELES) values ('0635002','25','065601');
Insert into S_SZALLIT (UT,KONTENER,MEGRENDELES) values ('0635003','25','065602');
Insert into S_SZALLIT (UT,KONTENER,MEGRENDELES) values ('0635004','25','065603');
Insert into S_SZALLIT (UT,KONTENER,MEGRENDELES) values ('0635006','25','063702');
Insert into S_SZALLIT (UT,KONTENER,MEGRENDELES) values ('0645001','25','053501');
Insert into S_SZALLIT (UT,KONTENER,MEGRENDELES) values ('0645003','25','060101');
Insert into S_SZALLIT (UT,KONTENER,MEGRENDELES) values ('0645006','25','062601');
Insert into S_SZALLIT (UT,KONTENER,MEGRENDELES) values ('0735001','25','065301');
Insert into S_SZALLIT (UT,KONTENER,MEGRENDELES) values ('0745001','25','062602');
Insert into S_SZALLIT (UT,KONTENER,MEGRENDELES) values ('0535001','26','042002');
Insert into S_SZALLIT (UT,KONTENER,MEGRENDELES) values ('0535002','26','052101');
Insert into S_SZALLIT (UT,KONTENER,MEGRENDELES) values ('0535003','26','053903');
Insert into S_SZALLIT (UT,KONTENER,MEGRENDELES) values ('0535004','26','054201');
Insert into S_SZALLIT (UT,KONTENER,MEGRENDELES) values ('0535005','26','053301');
Insert into S_SZALLIT (UT,KONTENER,MEGRENDELES) values ('0545001','26','053901');
Insert into S_SZALLIT (UT,KONTENER,MEGRENDELES) values ('0545002','26','054202');
Insert into S_SZALLIT (UT,KONTENER,MEGRENDELES) values ('0545003','26','053902');
Insert into S_SZALLIT (UT,KONTENER,MEGRENDELES) values ('0545004','26','050101');
Insert into S_SZALLIT (UT,KONTENER,MEGRENDELES) values ('0545005','26','050401');
Insert into S_SZALLIT (UT,KONTENER,MEGRENDELES) values ('0545006','26','053401');
Insert into S_SZALLIT (UT,KONTENER,MEGRENDELES) values ('0635002','26','065601');
Insert into S_SZALLIT (UT,KONTENER,MEGRENDELES) values ('0635003','26','065602');
Insert into S_SZALLIT (UT,KONTENER,MEGRENDELES) values ('0635004','26','065603');
Insert into S_SZALLIT (UT,KONTENER,MEGRENDELES) values ('0635006','26','063702');
Insert into S_SZALLIT (UT,KONTENER,MEGRENDELES) values ('0645001','26','053501');
Insert into S_SZALLIT (UT,KONTENER,MEGRENDELES) values ('0645003','26','060101');
Insert into S_SZALLIT (UT,KONTENER,MEGRENDELES) values ('0645006','26','062601');
Insert into S_SZALLIT (UT,KONTENER,MEGRENDELES) values ('0735001','26','065301');
Insert into S_SZALLIT (UT,KONTENER,MEGRENDELES) values ('0745001','26','062602');
Insert into S_SZALLIT (UT,KONTENER,MEGRENDELES) values ('0535001','27','042002');
Insert into S_SZALLIT (UT,KONTENER,MEGRENDELES) values ('0535002','27','052101');
Insert into S_SZALLIT (UT,KONTENER,MEGRENDELES) values ('0535003','27','053903');
Insert into S_SZALLIT (UT,KONTENER,MEGRENDELES) values ('0535004','27','054201');
Insert into S_SZALLIT (UT,KONTENER,MEGRENDELES) values ('0535005','27','053301');
Insert into S_SZALLIT (UT,KONTENER,MEGRENDELES) values ('0545001','27','053901');
Insert into S_SZALLIT (UT,KONTENER,MEGRENDELES) values ('0545002','27','054202');
Insert into S_SZALLIT (UT,KONTENER,MEGRENDELES) values ('0545003','27','053902');
Insert into S_SZALLIT (UT,KONTENER,MEGRENDELES) values ('0545004','27','050101');
Insert into S_SZALLIT (UT,KONTENER,MEGRENDELES) values ('0545005','27','050401');
Insert into S_SZALLIT (UT,KONTENER,MEGRENDELES) values ('0545006','27','053401');
Insert into S_SZALLIT (UT,KONTENER,MEGRENDELES) values ('0635002','27','065601');
Insert into S_SZALLIT (UT,KONTENER,MEGRENDELES) values ('0635003','27','065602');
Insert into S_SZALLIT (UT,KONTENER,MEGRENDELES) values ('0635004','27','065603');
Insert into S_SZALLIT (UT,KONTENER,MEGRENDELES) values ('0635006','27','063702');
Insert into S_SZALLIT (UT,KONTENER,MEGRENDELES) values ('0645001','27','053501');
Insert into S_SZALLIT (UT,KONTENER,MEGRENDELES) values ('0645003','27','060101');
Insert into S_SZALLIT (UT,KONTENER,MEGRENDELES) values ('0645006','27','062601');
Insert into S_SZALLIT (UT,KONTENER,MEGRENDELES) values ('0735001','27','065301');
Insert into S_SZALLIT (UT,KONTENER,MEGRENDELES) values ('0745001','27','062602');
Insert into S_SZALLIT (UT,KONTENER,MEGRENDELES) values ('0535001','28','042002');
Insert into S_SZALLIT (UT,KONTENER,MEGRENDELES) values ('0535002','28','052101');
Insert into S_SZALLIT (UT,KONTENER,MEGRENDELES) values ('0535003','28','053903');
Insert into S_SZALLIT (UT,KONTENER,MEGRENDELES) values ('0535004','28','054201');
Insert into S_SZALLIT (UT,KONTENER,MEGRENDELES) values ('0535005','28','053301');
Insert into S_SZALLIT (UT,KONTENER,MEGRENDELES) values ('0545001','28','053901');
Insert into S_SZALLIT (UT,KONTENER,MEGRENDELES) values ('0545002','28','054202');
Insert into S_SZALLIT (UT,KONTENER,MEGRENDELES) values ('0545003','28','053902');
Insert into S_SZALLIT (UT,KONTENER,MEGRENDELES) values ('0545004','28','050101');
Insert into S_SZALLIT (UT,KONTENER,MEGRENDELES) values ('0545005','28','050401');
Insert into S_SZALLIT (UT,KONTENER,MEGRENDELES) values ('0545006','28','053401');
Insert into S_SZALLIT (UT,KONTENER,MEGRENDELES) values ('0635002','28','065601');
Insert into S_SZALLIT (UT,KONTENER,MEGRENDELES) values ('0635003','28','065602');
Insert into S_SZALLIT (UT,KONTENER,MEGRENDELES) values ('0635004','28','065603');
Insert into S_SZALLIT (UT,KONTENER,MEGRENDELES) values ('0635006','28','063702');
Insert into S_SZALLIT (UT,KONTENER,MEGRENDELES) values ('0645001','28','053501');
Insert into S_SZALLIT (UT,KONTENER,MEGRENDELES) values ('0645003','28','060101');
Insert into S_SZALLIT (UT,KONTENER,MEGRENDELES) values ('0645006','28','062601');
Insert into S_SZALLIT (UT,KONTENER,MEGRENDELES) values ('0735001','28','065301');
Insert into S_SZALLIT (UT,KONTENER,MEGRENDELES) values ('0745001','28','062602');
Insert into S_SZALLIT (UT,KONTENER,MEGRENDELES) values ('0535001','29','042002');
Insert into S_SZALLIT (UT,KONTENER,MEGRENDELES) values ('0535002','29','052101');
Insert into S_SZALLIT (UT,KONTENER,MEGRENDELES) values ('0535003','29','053903');
Insert into S_SZALLIT (UT,KONTENER,MEGRENDELES) values ('0535004','29','054201');
Insert into S_SZALLIT (UT,KONTENER,MEGRENDELES) values ('0535005','29','053301');
Insert into S_SZALLIT (UT,KONTENER,MEGRENDELES) values ('0545001','29','053901');
Insert into S_SZALLIT (UT,KONTENER,MEGRENDELES) values ('0545002','29','054202');
Insert into S_SZALLIT (UT,KONTENER,MEGRENDELES) values ('0545003','29','053902');
Insert into S_SZALLIT (UT,KONTENER,MEGRENDELES) values ('0545004','29','050101');
Insert into S_SZALLIT (UT,KONTENER,MEGRENDELES) values ('0545005','29','050401');
Insert into S_SZALLIT (UT,KONTENER,MEGRENDELES) values ('0545006','29','053401');
Insert into S_SZALLIT (UT,KONTENER,MEGRENDELES) values ('0635002','29','065601');
Insert into S_SZALLIT (UT,KONTENER,MEGRENDELES) values ('0635003','29','065602');
Insert into S_SZALLIT (UT,KONTENER,MEGRENDELES) values ('0635004','29','065603');
Insert into S_SZALLIT (UT,KONTENER,MEGRENDELES) values ('0635006','29','063702');
Insert into S_SZALLIT (UT,KONTENER,MEGRENDELES) values ('0645001','29','053501');
Insert into S_SZALLIT (UT,KONTENER,MEGRENDELES) values ('0645003','29','060101');
Insert into S_SZALLIT (UT,KONTENER,MEGRENDELES) values ('0645006','29','062601');
Insert into S_SZALLIT (UT,KONTENER,MEGRENDELES) values ('0735001','29','065301');
Insert into S_SZALLIT (UT,KONTENER,MEGRENDELES) values ('0745001','29','062602');
Insert into S_SZALLIT (UT,KONTENER,MEGRENDELES) values ('0640004','10','055604');
Insert into S_SZALLIT (UT,KONTENER,MEGRENDELES) values ('0640005','10','053605');
Insert into S_SZALLIT (UT,KONTENER,MEGRENDELES) values ('0645001','10','053501');
Insert into S_SZALLIT (UT,KONTENER,MEGRENDELES) values ('0645003','10','060101');
Insert into S_SZALLIT (UT,KONTENER,MEGRENDELES) values ('0645004','10','060102');
Insert into S_SZALLIT (UT,KONTENER,MEGRENDELES) values ('0645004','10','060202');
Insert into S_SZALLIT (UT,KONTENER,MEGRENDELES) values ('0645004','10','063301');
Insert into S_SZALLIT (UT,KONTENER,MEGRENDELES) values ('0645004','10','063501');
Insert into S_SZALLIT (UT,KONTENER,MEGRENDELES) values ('0645005','10','053302');
Insert into S_SZALLIT (UT,KONTENER,MEGRENDELES) values ('0645005','10','053502');
Insert into S_SZALLIT (UT,KONTENER,MEGRENDELES) values ('0730001','10','062602');
Insert into S_SZALLIT (UT,KONTENER,MEGRENDELES) values ('0735001','10','065301');
Insert into S_SZALLIT (UT,KONTENER,MEGRENDELES) values ('0530001','11','041201');
Insert into S_SZALLIT (UT,KONTENER,MEGRENDELES) values ('0535001','11','042002');
Insert into S_SZALLIT (UT,KONTENER,MEGRENDELES) values ('0535002','11','052101');
Insert into S_SZALLIT (UT,KONTENER,MEGRENDELES) values ('0535003','11','053903');
Insert into S_SZALLIT (UT,KONTENER,MEGRENDELES) values ('0535004','11','054201');
Insert into S_SZALLIT (UT,KONTENER,MEGRENDELES) values ('0535005','11','053301');
Insert into S_SZALLIT (UT,KONTENER,MEGRENDELES) values ('0545001','11','053901');
Insert into S_SZALLIT (UT,KONTENER,MEGRENDELES) values ('0545002','11','054202');
Insert into S_SZALLIT (UT,KONTENER,MEGRENDELES) values ('0545003','11','053902');
Insert into S_SZALLIT (UT,KONTENER,MEGRENDELES) values ('0545004','11','050101');
Insert into S_SZALLIT (UT,KONTENER,MEGRENDELES) values ('0545005','11','050401');
Insert into S_SZALLIT (UT,KONTENER,MEGRENDELES) values ('0545006','11','053401');
Insert into S_SZALLIT (UT,KONTENER,MEGRENDELES) values ('0635002','11','065601');
Insert into S_SZALLIT (UT,KONTENER,MEGRENDELES) values ('0635003','11','065602');
Insert into S_SZALLIT (UT,KONTENER,MEGRENDELES) values ('0635004','11','065603');
Insert into S_SZALLIT (UT,KONTENER,MEGRENDELES) values ('0635005','11','061601');
Insert into S_SZALLIT (UT,KONTENER,MEGRENDELES) values ('0635005','11','061701');
Insert into S_SZALLIT (UT,KONTENER,MEGRENDELES) values ('0635005','11','063701');
Insert into S_SZALLIT (UT,KONTENER,MEGRENDELES) values ('0635006','11','063702');
Insert into S_SZALLIT (UT,KONTENER,MEGRENDELES) values ('0645001','11','053501');
Insert into S_SZALLIT (UT,KONTENER,MEGRENDELES) values ('0645003','11','060101');
Insert into S_SZALLIT (UT,KONTENER,MEGRENDELES) values ('0645004','11','060102');
Insert into S_SZALLIT (UT,KONTENER,MEGRENDELES) values ('0645004','11','063301');
Insert into S_SZALLIT (UT,KONTENER,MEGRENDELES) values ('0645004','11','063501');
Insert into S_SZALLIT (UT,KONTENER,MEGRENDELES) values ('0645005','11','053302');
Insert into S_SZALLIT (UT,KONTENER,MEGRENDELES) values ('0645005','11','053502');
Insert into S_SZALLIT (UT,KONTENER,MEGRENDELES) values ('0645006','11','062601');
Insert into S_SZALLIT (UT,KONTENER,MEGRENDELES) values ('0735001','11','065301');
Insert into S_SZALLIT (UT,KONTENER,MEGRENDELES) values ('0745001','11','062602');
Insert into S_SZALLIT (UT,KONTENER,MEGRENDELES) values ('0530001','12','041201');
Insert into S_SZALLIT (UT,KONTENER,MEGRENDELES) values ('0535001','12','042002');
Insert into S_SZALLIT (UT,KONTENER,MEGRENDELES) values ('0535002','12','052101');
Insert into S_SZALLIT (UT,KONTENER,MEGRENDELES) values ('0535003','12','053903');
Insert into S_SZALLIT (UT,KONTENER,MEGRENDELES) values ('0535004','12','054201');
Insert into S_SZALLIT (UT,KONTENER,MEGRENDELES) values ('0535005','12','053301');
Insert into S_SZALLIT (UT,KONTENER,MEGRENDELES) values ('0545001','12','053901');
Insert into S_SZALLIT (UT,KONTENER,MEGRENDELES) values ('0545002','12','054202');
Insert into S_SZALLIT (UT,KONTENER,MEGRENDELES) values ('0545003','12','053902');
Insert into S_SZALLIT (UT,KONTENER,MEGRENDELES) values ('0545004','12','050101');
Insert into S_SZALLIT (UT,KONTENER,MEGRENDELES) values ('0545005','12','050401');
Insert into S_SZALLIT (UT,KONTENER,MEGRENDELES) values ('0545006','12','053401');
Insert into S_SZALLIT (UT,KONTENER,MEGRENDELES) values ('0635002','12','065601');
Insert into S_SZALLIT (UT,KONTENER,MEGRENDELES) values ('0635003','12','065602');
Insert into S_SZALLIT (UT,KONTENER,MEGRENDELES) values ('0635004','12','065603');
Insert into S_SZALLIT (UT,KONTENER,MEGRENDELES) values ('0635005','12','061601');
Insert into S_SZALLIT (UT,KONTENER,MEGRENDELES) values ('0635005','12','061701');
Insert into S_SZALLIT (UT,KONTENER,MEGRENDELES) values ('0635005','12','063701');
Insert into S_SZALLIT (UT,KONTENER,MEGRENDELES) values ('0635006','12','063702');
Insert into S_SZALLIT (UT,KONTENER,MEGRENDELES) values ('0645001','12','053501');
Insert into S_SZALLIT (UT,KONTENER,MEGRENDELES) values ('0645003','12','060101');
Insert into S_SZALLIT (UT,KONTENER,MEGRENDELES) values ('0645004','12','060102');
Insert into S_SZALLIT (UT,KONTENER,MEGRENDELES) values ('0645004','12','063301');
Insert into S_SZALLIT (UT,KONTENER,MEGRENDELES) values ('0645004','12','063501');
Insert into S_SZALLIT (UT,KONTENER,MEGRENDELES) values ('0645005','12','053302');
Insert into S_SZALLIT (UT,KONTENER,MEGRENDELES) values ('0645005','12','053502');
Insert into S_SZALLIT (UT,KONTENER,MEGRENDELES) values ('0645006','12','062601');
Insert into S_SZALLIT (UT,KONTENER,MEGRENDELES) values ('0735001','12','065301');
Insert into S_SZALLIT (UT,KONTENER,MEGRENDELES) values ('0745001','12','062602');
Insert into S_SZALLIT (UT,KONTENER,MEGRENDELES) values ('0530001','13','041201');
Insert into S_SZALLIT (UT,KONTENER,MEGRENDELES) values ('0535001','13','042002');
Insert into S_SZALLIT (UT,KONTENER,MEGRENDELES) values ('0535002','13','052101');
Insert into S_SZALLIT (UT,KONTENER,MEGRENDELES) values ('0535003','13','053903');
Insert into S_SZALLIT (UT,KONTENER,MEGRENDELES) values ('0535004','13','054201');
Insert into S_SZALLIT (UT,KONTENER,MEGRENDELES) values ('0535005','13','053301');
Insert into S_SZALLIT (UT,KONTENER,MEGRENDELES) values ('0545001','13','053901');
Insert into S_SZALLIT (UT,KONTENER,MEGRENDELES) values ('0545002','13','054202');
Insert into S_SZALLIT (UT,KONTENER,MEGRENDELES) values ('0545003','13','053902');
Insert into S_SZALLIT (UT,KONTENER,MEGRENDELES) values ('0545004','13','050101');
Insert into S_SZALLIT (UT,KONTENER,MEGRENDELES) values ('0545005','13','050401');
Insert into S_SZALLIT (UT,KONTENER,MEGRENDELES) values ('0545006','13','053401');
Insert into S_SZALLIT (UT,KONTENER,MEGRENDELES) values ('0635002','13','065601');
Insert into S_SZALLIT (UT,KONTENER,MEGRENDELES) values ('0635003','13','065602');
Insert into S_SZALLIT (UT,KONTENER,MEGRENDELES) values ('0635004','13','065603');
Insert into S_SZALLIT (UT,KONTENER,MEGRENDELES) values ('0635005','13','061601');
Insert into S_SZALLIT (UT,KONTENER,MEGRENDELES) values ('0635005','13','061701');
Insert into S_SZALLIT (UT,KONTENER,MEGRENDELES) values ('0635006','13','063702');
Insert into S_SZALLIT (UT,KONTENER,MEGRENDELES) values ('0645001','13','053501');
Insert into S_SZALLIT (UT,KONTENER,MEGRENDELES) values ('0645003','13','060101');
Insert into S_SZALLIT (UT,KONTENER,MEGRENDELES) values ('0645004','13','060102');
Insert into S_SZALLIT (UT,KONTENER,MEGRENDELES) values ('0645004','13','063301');
Insert into S_SZALLIT (UT,KONTENER,MEGRENDELES) values ('0645005','13','053302');
Insert into S_SZALLIT (UT,KONTENER,MEGRENDELES) values ('0645005','13','053502');
Insert into S_SZALLIT (UT,KONTENER,MEGRENDELES) values ('0645006','13','062601');
Insert into S_SZALLIT (UT,KONTENER,MEGRENDELES) values ('0735001','13','065301');
Insert into S_SZALLIT (UT,KONTENER,MEGRENDELES) values ('0745001','13','062602');
Insert into S_SZALLIT (UT,KONTENER,MEGRENDELES) values ('0530001','14','041201');
Insert into S_SZALLIT (UT,KONTENER,MEGRENDELES) values ('0535001','14','042002');
Insert into S_SZALLIT (UT,KONTENER,MEGRENDELES) values ('0535002','14','052101');
Insert into S_SZALLIT (UT,KONTENER,MEGRENDELES) values ('0535003','14','053903');
Insert into S_SZALLIT (UT,KONTENER,MEGRENDELES) values ('0535004','14','054201');
Insert into S_SZALLIT (UT,KONTENER,MEGRENDELES) values ('0535005','14','053301');
Insert into S_SZALLIT (UT,KONTENER,MEGRENDELES) values ('0545001','14','053901');
Insert into S_SZALLIT (UT,KONTENER,MEGRENDELES) values ('0545002','14','054202');
Insert into S_SZALLIT (UT,KONTENER,MEGRENDELES) values ('0545003','14','053902');
Insert into S_SZALLIT (UT,KONTENER,MEGRENDELES) values ('0545004','14','050101');
Insert into S_SZALLIT (UT,KONTENER,MEGRENDELES) values ('0545005','14','050401');
Insert into S_SZALLIT (UT,KONTENER,MEGRENDELES) values ('0545006','14','053401');
Insert into S_SZALLIT (UT,KONTENER,MEGRENDELES) values ('0635002','14','065601');
Insert into S_SZALLIT (UT,KONTENER,MEGRENDELES) values ('0635003','14','065602');
Insert into S_SZALLIT (UT,KONTENER,MEGRENDELES) values ('0635004','14','065603');
Insert into S_SZALLIT (UT,KONTENER,MEGRENDELES) values ('0635005','14','061701');
Insert into S_SZALLIT (UT,KONTENER,MEGRENDELES) values ('0635006','14','063702');
Insert into S_SZALLIT (UT,KONTENER,MEGRENDELES) values ('0645001','14','053501');
Insert into S_SZALLIT (UT,KONTENER,MEGRENDELES) values ('0645003','14','060101');
Insert into S_SZALLIT (UT,KONTENER,MEGRENDELES) values ('0645004','14','063301');
Insert into S_SZALLIT (UT,KONTENER,MEGRENDELES) values ('0645005','14','053302');
Insert into S_SZALLIT (UT,KONTENER,MEGRENDELES) values ('0645006','14','062601');
Insert into S_SZALLIT (UT,KONTENER,MEGRENDELES) values ('0735001','14','065301');
Insert into S_SZALLIT (UT,KONTENER,MEGRENDELES) values ('0745001','14','062602');
Insert into S_SZALLIT (UT,KONTENER,MEGRENDELES) values ('0530001','15','044901');
Insert into S_SZALLIT (UT,KONTENER,MEGRENDELES) values ('0535001','15','042002');
Insert into S_SZALLIT (UT,KONTENER,MEGRENDELES) values ('0535002','15','052101');
Insert into S_SZALLIT (UT,KONTENER,MEGRENDELES) values ('0535003','15','053903');
Insert into S_SZALLIT (UT,KONTENER,MEGRENDELES) values ('0535004','15','054201');
Insert into S_SZALLIT (UT,KONTENER,MEGRENDELES) values ('0535005','15','053301');
Insert into S_SZALLIT (UT,KONTENER,MEGRENDELES) values ('0545001','15','053901');
Insert into S_SZALLIT (UT,KONTENER,MEGRENDELES) values ('0545002','15','054202');
Insert into S_SZALLIT (UT,KONTENER,MEGRENDELES) values ('0545003','15','053902');
Insert into S_SZALLIT (UT,KONTENER,MEGRENDELES) values ('0545004','15','050101');
Insert into S_SZALLIT (UT,KONTENER,MEGRENDELES) values ('0545005','15','050401');
Insert into S_SZALLIT (UT,KONTENER,MEGRENDELES) values ('0545006','15','053401');
Insert into S_SZALLIT (UT,KONTENER,MEGRENDELES) values ('0635002','15','065601');
Insert into S_SZALLIT (UT,KONTENER,MEGRENDELES) values ('0635003','15','065602');
Insert into S_SZALLIT (UT,KONTENER,MEGRENDELES) values ('0635004','15','065603');
Insert into S_SZALLIT (UT,KONTENER,MEGRENDELES) values ('0635005','15','061701');
Insert into S_SZALLIT (UT,KONTENER,MEGRENDELES) values ('0635006','15','063702');
Insert into S_SZALLIT (UT,KONTENER,MEGRENDELES) values ('0645001','15','053501');
Insert into S_SZALLIT (UT,KONTENER,MEGRENDELES) values ('0645003','15','060101');
Insert into S_SZALLIT (UT,KONTENER,MEGRENDELES) values ('0645004','15','063301');
Insert into S_SZALLIT (UT,KONTENER,MEGRENDELES) values ('0645005','15','053302');
Insert into S_SZALLIT (UT,KONTENER,MEGRENDELES) values ('0645006','15','062601');
Insert into S_SZALLIT (UT,KONTENER,MEGRENDELES) values ('0735001','15','065301');
Insert into S_SZALLIT (UT,KONTENER,MEGRENDELES) values ('0745001','15','062602');
Insert into S_SZALLIT (UT,KONTENER,MEGRENDELES) values ('0725001','3','071701');
Insert into S_SZALLIT (UT,KONTENER,MEGRENDELES) values ('0725006','3','065106');
Insert into S_SZALLIT (UT,KONTENER,MEGRENDELES) values ('0730001','3','062602');
Insert into S_SZALLIT (UT,KONTENER,MEGRENDELES) values ('0735001','3','065301');
Insert into S_SZALLIT (UT,KONTENER,MEGRENDELES) values ('0750001','3','025001');
Insert into S_SZALLIT (UT,KONTENER,MEGRENDELES) values ('0750004','3','062501');
Insert into S_SZALLIT (UT,KONTENER,MEGRENDELES) values ('0825007','3','071109');
Insert into S_SZALLIT (UT,KONTENER,MEGRENDELES) values ('0825008','3','071109');
Insert into S_SZALLIT (UT,KONTENER,MEGRENDELES) values ('0825009','3','071109');
Insert into S_SZALLIT (UT,KONTENER,MEGRENDELES) values ('0825010','3','0762010');
Insert into S_SZALLIT (UT,KONTENER,MEGRENDELES) values ('0825011','3','0762010');
Insert into S_SZALLIT (UT,KONTENER,MEGRENDELES) values ('1050002','3','082102');
Insert into S_SZALLIT (UT,KONTENER,MEGRENDELES) values ('1050003','3','065605');
Insert into S_SZALLIT (UT,KONTENER,MEGRENDELES) values ('1050004','3','082901');
Insert into S_SZALLIT (UT,KONTENER,MEGRENDELES) values ('0530002','4','041202');
Insert into S_SZALLIT (UT,KONTENER,MEGRENDELES) values ('0530003','4','055603');
Insert into S_SZALLIT (UT,KONTENER,MEGRENDELES) values ('0530004','4','043301');
Insert into S_SZALLIT (UT,KONTENER,MEGRENDELES) values ('0530005','4','052403');
Insert into S_SZALLIT (UT,KONTENER,MEGRENDELES) values ('0530006','4','052402');
Insert into S_SZALLIT (UT,KONTENER,MEGRENDELES) values ('0530007','4','052401');
Insert into S_SZALLIT (UT,KONTENER,MEGRENDELES) values ('0530008','4','050401');
Insert into S_SZALLIT (UT,KONTENER,MEGRENDELES) values ('0530009','4','053402');
Insert into S_SZALLIT (UT,KONTENER,MEGRENDELES) values ('0535001','4','042002');
Insert into S_SZALLIT (UT,KONTENER,MEGRENDELES) values ('0535001','4','055602');
Insert into S_SZALLIT (UT,KONTENER,MEGRENDELES) values ('0535002','4','052101');
Insert into S_SZALLIT (UT,KONTENER,MEGRENDELES) values ('0535003','4','053903');
Insert into S_SZALLIT (UT,KONTENER,MEGRENDELES) values ('0535004','4','054201');
Insert into S_SZALLIT (UT,KONTENER,MEGRENDELES) values ('0535005','4','053301');
Insert into S_SZALLIT (UT,KONTENER,MEGRENDELES) values ('0545001','4','053901');
Insert into S_SZALLIT (UT,KONTENER,MEGRENDELES) values ('0545002','4','054202');
Insert into S_SZALLIT (UT,KONTENER,MEGRENDELES) values ('0545003','4','053902');
Insert into S_SZALLIT (UT,KONTENER,MEGRENDELES) values ('0545004','4','050101');
Insert into S_SZALLIT (UT,KONTENER,MEGRENDELES) values ('0545006','4','053401');
Insert into S_SZALLIT (UT,KONTENER,MEGRENDELES) values ('0620001','4','050901');
Insert into S_SZALLIT (UT,KONTENER,MEGRENDELES) values ('0620001','4','054502');
Insert into S_SZALLIT (UT,KONTENER,MEGRENDELES) values ('0620002','4','054502');
Insert into S_SZALLIT (UT,KONTENER,MEGRENDELES) values ('0620003','4','054502');
Insert into S_SZALLIT (UT,KONTENER,MEGRENDELES) values ('0620003','4','054804');
Insert into S_SZALLIT (UT,KONTENER,MEGRENDELES) values ('0620004','4','054804');
Insert into S_SZALLIT (UT,KONTENER,MEGRENDELES) values ('0620005','4','054804');
Insert into S_SZALLIT (UT,KONTENER,MEGRENDELES) values ('0620005','4','055005');
Insert into S_SZALLIT (UT,KONTENER,MEGRENDELES) values ('0620006','4','055005');
Insert into S_SZALLIT (UT,KONTENER,MEGRENDELES) values ('0620007','4','053207');
Insert into S_SZALLIT (UT,KONTENER,MEGRENDELES) values ('0620007','4','054708');
Insert into S_SZALLIT (UT,KONTENER,MEGRENDELES) values ('0620008','4','053207');
Insert into S_SZALLIT (UT,KONTENER,MEGRENDELES) values ('0620008','4','054708');
Insert into S_SZALLIT (UT,KONTENER,MEGRENDELES) values ('0620009','4','054708');
Insert into S_SZALLIT (UT,KONTENER,MEGRENDELES) values ('0630001','4','065601');
Insert into S_SZALLIT (UT,KONTENER,MEGRENDELES) values ('0630002','4','060401');
Insert into S_SZALLIT (UT,KONTENER,MEGRENDELES) values ('0630003','4','060201');
Insert into S_SZALLIT (UT,KONTENER,MEGRENDELES) values ('0630004','4','060901');
Insert into S_SZALLIT (UT,KONTENER,MEGRENDELES) values ('0630005','4','062601');
Insert into S_SZALLIT (UT,KONTENER,MEGRENDELES) values ('0635003','4','065602');
Insert into S_SZALLIT (UT,KONTENER,MEGRENDELES) values ('0635004','4','065603');
Insert into S_SZALLIT (UT,KONTENER,MEGRENDELES) values ('0635005','4','061601');
Insert into S_SZALLIT (UT,KONTENER,MEGRENDELES) values ('0635005','4','061701');
Insert into S_SZALLIT (UT,KONTENER,MEGRENDELES) values ('0635005','4','063701');
Insert into S_SZALLIT (UT,KONTENER,MEGRENDELES) values ('0635006','4','063702');
Insert into S_SZALLIT (UT,KONTENER,MEGRENDELES) values ('0640003','4','051803');
Insert into S_SZALLIT (UT,KONTENER,MEGRENDELES) values ('0640004','4','055604');
Insert into S_SZALLIT (UT,KONTENER,MEGRENDELES) values ('0640005','4','053605');
Insert into S_SZALLIT (UT,KONTENER,MEGRENDELES) values ('0640006','4','054806');
Insert into S_SZALLIT (UT,KONTENER,MEGRENDELES) values ('0640007','4','056207');
Insert into S_SZALLIT (UT,KONTENER,MEGRENDELES) values ('0640008','4','053208');
Insert into S_SZALLIT (UT,KONTENER,MEGRENDELES) values ('0645001','4','053501');
Insert into S_SZALLIT (UT,KONTENER,MEGRENDELES) values ('0645003','4','060101');
Insert into S_SZALLIT (UT,KONTENER,MEGRENDELES) values ('0645004','4','060102');
Insert into S_SZALLIT (UT,KONTENER,MEGRENDELES) values ('0645004','4','060202');
Insert into S_SZALLIT (UT,KONTENER,MEGRENDELES) values ('0645004','4','063301');
Insert into S_SZALLIT (UT,KONTENER,MEGRENDELES) values ('0645004','4','063501');
Insert into S_SZALLIT (UT,KONTENER,MEGRENDELES) values ('0645005','4','053302');
Insert into S_SZALLIT (UT,KONTENER,MEGRENDELES) values ('0645005','4','053502');
Insert into S_SZALLIT (UT,KONTENER,MEGRENDELES) values ('0645005','4','055101');
Insert into S_SZALLIT (UT,KONTENER,MEGRENDELES) values ('0645005','4','055601');
Insert into S_SZALLIT (UT,KONTENER,MEGRENDELES) values ('0645005','4','056201');
Insert into S_SZALLIT (UT,KONTENER,MEGRENDELES) values ('0725006','4','065106');
Insert into S_SZALLIT (UT,KONTENER,MEGRENDELES) values ('0730001','4','062602');
Insert into S_SZALLIT (UT,KONTENER,MEGRENDELES) values ('0735001','4','065301');
Insert into S_SZALLIT (UT,KONTENER,MEGRENDELES) values ('0750001','4','025001');
Insert into S_SZALLIT (UT,KONTENER,MEGRENDELES) values ('0750004','4','062501');
Insert into S_SZALLIT (UT,KONTENER,MEGRENDELES) values ('0825010','4','0762010');
Insert into S_SZALLIT (UT,KONTENER,MEGRENDELES) values ('0825011','4','0762010');
Insert into S_SZALLIT (UT,KONTENER,MEGRENDELES) values ('1050002','4','082102');
Insert into S_SZALLIT (UT,KONTENER,MEGRENDELES) values ('1050003','4','065605');
Insert into S_SZALLIT (UT,KONTENER,MEGRENDELES) values ('1050004','4','082901');
Insert into S_SZALLIT (UT,KONTENER,MEGRENDELES) values ('0530002','5','041202');
Insert into S_SZALLIT (UT,KONTENER,MEGRENDELES) values ('0530003','5','055603');
Insert into S_SZALLIT (UT,KONTENER,MEGRENDELES) values ('0530004','5','043301');
Insert into S_SZALLIT (UT,KONTENER,MEGRENDELES) values ('0530005','5','052403');
Insert into S_SZALLIT (UT,KONTENER,MEGRENDELES) values ('0530006','5','052402');
Insert into S_SZALLIT (UT,KONTENER,MEGRENDELES) values ('0530007','5','052401');
Insert into S_SZALLIT (UT,KONTENER,MEGRENDELES) values ('0530008','5','050401');
Insert into S_SZALLIT (UT,KONTENER,MEGRENDELES) values ('0530009','5','053402');
Insert into S_SZALLIT (UT,KONTENER,MEGRENDELES) values ('0535001','5','042002');
Insert into S_SZALLIT (UT,KONTENER,MEGRENDELES) values ('0535001','5','055602');
Insert into S_SZALLIT (UT,KONTENER,MEGRENDELES) values ('0535002','5','052101');
Insert into S_SZALLIT (UT,KONTENER,MEGRENDELES) values ('0535003','5','053903');
Insert into S_SZALLIT (UT,KONTENER,MEGRENDELES) values ('0535004','5','054201');
Insert into S_SZALLIT (UT,KONTENER,MEGRENDELES) values ('0535005','5','053301');
Insert into S_SZALLIT (UT,KONTENER,MEGRENDELES) values ('0545001','5','053901');
Insert into S_SZALLIT (UT,KONTENER,MEGRENDELES) values ('0545002','5','054202');
Insert into S_SZALLIT (UT,KONTENER,MEGRENDELES) values ('0545003','5','053902');
Insert into S_SZALLIT (UT,KONTENER,MEGRENDELES) values ('0545004','5','050101');
Insert into S_SZALLIT (UT,KONTENER,MEGRENDELES) values ('0545006','5','053401');
Insert into S_SZALLIT (UT,KONTENER,MEGRENDELES) values ('0620001','5','050901');
Insert into S_SZALLIT (UT,KONTENER,MEGRENDELES) values ('0620001','5','054502');
Insert into S_SZALLIT (UT,KONTENER,MEGRENDELES) values ('0620002','5','054502');
Insert into S_SZALLIT (UT,KONTENER,MEGRENDELES) values ('0620003','5','054502');
Insert into S_SZALLIT (UT,KONTENER,MEGRENDELES) values ('0620007','5','053207');
Insert into S_SZALLIT (UT,KONTENER,MEGRENDELES) values ('0620007','5','054708');
Insert into S_SZALLIT (UT,KONTENER,MEGRENDELES) values ('0620008','5','053207');
Insert into S_SZALLIT (UT,KONTENER,MEGRENDELES) values ('0620008','5','054708');
Insert into S_SZALLIT (UT,KONTENER,MEGRENDELES) values ('0620009','5','054708');
Insert into S_SZALLIT (UT,KONTENER,MEGRENDELES) values ('0630001','5','065601');
Insert into S_SZALLIT (UT,KONTENER,MEGRENDELES) values ('0630002','5','060401');
Insert into S_SZALLIT (UT,KONTENER,MEGRENDELES) values ('0630003','5','060201');
Insert into S_SZALLIT (UT,KONTENER,MEGRENDELES) values ('0630004','5','060901');
Insert into S_SZALLIT (UT,KONTENER,MEGRENDELES) values ('0630005','5','062601');
Insert into S_SZALLIT (UT,KONTENER,MEGRENDELES) values ('0635003','5','065602');
Insert into S_SZALLIT (UT,KONTENER,MEGRENDELES) values ('0635004','5','065603');
Insert into S_SZALLIT (UT,KONTENER,MEGRENDELES) values ('0635005','5','061601');
Insert into S_SZALLIT (UT,KONTENER,MEGRENDELES) values ('0635005','5','061701');
Insert into S_SZALLIT (UT,KONTENER,MEGRENDELES) values ('0635005','5','063701');
Insert into S_SZALLIT (UT,KONTENER,MEGRENDELES) values ('0635006','5','063702');
Insert into S_SZALLIT (UT,KONTENER,MEGRENDELES) values ('0640003','5','051803');
Insert into S_SZALLIT (UT,KONTENER,MEGRENDELES) values ('0640004','5','055604');
Insert into S_SZALLIT (UT,KONTENER,MEGRENDELES) values ('0640005','5','053605');
Insert into S_SZALLIT (UT,KONTENER,MEGRENDELES) values ('0640006','5','054806');
Insert into S_SZALLIT (UT,KONTENER,MEGRENDELES) values ('0640007','5','056207');
Insert into S_SZALLIT (UT,KONTENER,MEGRENDELES) values ('0640008','5','053208');
Insert into S_SZALLIT (UT,KONTENER,MEGRENDELES) values ('0645001','5','053501');
Insert into S_SZALLIT (UT,KONTENER,MEGRENDELES) values ('0645003','5','060101');
Insert into S_SZALLIT (UT,KONTENER,MEGRENDELES) values ('0645004','5','060102');
Insert into S_SZALLIT (UT,KONTENER,MEGRENDELES) values ('0645004','5','060202');
Insert into S_SZALLIT (UT,KONTENER,MEGRENDELES) values ('0645004','5','063301');
Insert into S_SZALLIT (UT,KONTENER,MEGRENDELES) values ('0645004','5','063501');
Insert into S_SZALLIT (UT,KONTENER,MEGRENDELES) values ('0645005','5','053302');
Insert into S_SZALLIT (UT,KONTENER,MEGRENDELES) values ('0645005','5','053502');
Insert into S_SZALLIT (UT,KONTENER,MEGRENDELES) values ('0645005','5','055101');
Insert into S_SZALLIT (UT,KONTENER,MEGRENDELES) values ('0645005','5','055601');
Insert into S_SZALLIT (UT,KONTENER,MEGRENDELES) values ('0730001','5','062602');
Insert into S_SZALLIT (UT,KONTENER,MEGRENDELES) values ('0735001','5','065301');
Insert into S_SZALLIT (UT,KONTENER,MEGRENDELES) values ('0750004','5','062501');
Insert into S_SZALLIT (UT,KONTENER,MEGRENDELES) values ('0825010','5','0762010');
Insert into S_SZALLIT (UT,KONTENER,MEGRENDELES) values ('0825011','5','0762010');
Insert into S_SZALLIT (UT,KONTENER,MEGRENDELES) values ('1050003','5','065605');
Insert into S_SZALLIT (UT,KONTENER,MEGRENDELES) values ('1050004','5','082901');
Insert into S_SZALLIT (UT,KONTENER,MEGRENDELES) values ('0530002','6','041202');
Insert into S_SZALLIT (UT,KONTENER,MEGRENDELES) values ('0530003','6','055603');
Insert into S_SZALLIT (UT,KONTENER,MEGRENDELES) values ('0530004','6','043301');
Insert into S_SZALLIT (UT,KONTENER,MEGRENDELES) values ('0530005','6','052403');
Insert into S_SZALLIT (UT,KONTENER,MEGRENDELES) values ('0530006','6','052402');
Insert into S_SZALLIT (UT,KONTENER,MEGRENDELES) values ('0530007','6','052401');
Insert into S_SZALLIT (UT,KONTENER,MEGRENDELES) values ('0530008','6','050401');
Insert into S_SZALLIT (UT,KONTENER,MEGRENDELES) values ('0530009','6','053402');
Insert into S_SZALLIT (UT,KONTENER,MEGRENDELES) values ('0535001','6','042002');
Insert into S_SZALLIT (UT,KONTENER,MEGRENDELES) values ('0535001','6','055602');
Insert into S_SZALLIT (UT,KONTENER,MEGRENDELES) values ('0535002','6','052101');
Insert into S_SZALLIT (UT,KONTENER,MEGRENDELES) values ('0535003','6','053903');
Insert into S_SZALLIT (UT,KONTENER,MEGRENDELES) values ('0535004','6','054201');
Insert into S_SZALLIT (UT,KONTENER,MEGRENDELES) values ('0535005','6','053301');
Insert into S_SZALLIT (UT,KONTENER,MEGRENDELES) values ('0545001','6','053901');
Insert into S_SZALLIT (UT,KONTENER,MEGRENDELES) values ('0545002','6','054202');
Insert into S_SZALLIT (UT,KONTENER,MEGRENDELES) values ('0545003','6','053902');
Insert into S_SZALLIT (UT,KONTENER,MEGRENDELES) values ('0545004','6','050101');
Insert into S_SZALLIT (UT,KONTENER,MEGRENDELES) values ('0545006','6','053401');
Insert into S_SZALLIT (UT,KONTENER,MEGRENDELES) values ('0630001','6','065601');
Insert into S_SZALLIT (UT,KONTENER,MEGRENDELES) values ('0630002','6','060401');
Insert into S_SZALLIT (UT,KONTENER,MEGRENDELES) values ('0630003','6','060201');
Insert into S_SZALLIT (UT,KONTENER,MEGRENDELES) values ('0630004','6','060901');
Insert into S_SZALLIT (UT,KONTENER,MEGRENDELES) values ('0630005','6','062601');
Insert into S_SZALLIT (UT,KONTENER,MEGRENDELES) values ('0635003','6','065602');
Insert into S_SZALLIT (UT,KONTENER,MEGRENDELES) values ('0635004','6','065603');
Insert into S_SZALLIT (UT,KONTENER,MEGRENDELES) values ('0635005','6','061601');
Insert into S_SZALLIT (UT,KONTENER,MEGRENDELES) values ('0635005','6','061701');
Insert into S_SZALLIT (UT,KONTENER,MEGRENDELES) values ('0635005','6','063701');
Insert into S_SZALLIT (UT,KONTENER,MEGRENDELES) values ('0635006','6','063702');
Insert into S_SZALLIT (UT,KONTENER,MEGRENDELES) values ('0640003','6','051803');
Insert into S_SZALLIT (UT,KONTENER,MEGRENDELES) values ('0640004','6','055604');
Insert into S_SZALLIT (UT,KONTENER,MEGRENDELES) values ('0640005','6','053605');
Insert into S_SZALLIT (UT,KONTENER,MEGRENDELES) values ('0640008','6','053208');
Insert into S_SZALLIT (UT,KONTENER,MEGRENDELES) values ('0645001','6','053501');
Insert into S_SZALLIT (UT,KONTENER,MEGRENDELES) values ('0645003','6','060101');
Insert into S_SZALLIT (UT,KONTENER,MEGRENDELES) values ('0645004','6','060102');
Insert into S_SZALLIT (UT,KONTENER,MEGRENDELES) values ('0645004','6','060202');
Insert into S_SZALLIT (UT,KONTENER,MEGRENDELES) values ('0645004','6','063301');
Insert into S_SZALLIT (UT,KONTENER,MEGRENDELES) values ('0645004','6','063501');
Insert into S_SZALLIT (UT,KONTENER,MEGRENDELES) values ('0645005','6','053302');
Insert into S_SZALLIT (UT,KONTENER,MEGRENDELES) values ('0645005','6','053502');
Insert into S_SZALLIT (UT,KONTENER,MEGRENDELES) values ('0645005','6','055601');
Insert into S_SZALLIT (UT,KONTENER,MEGRENDELES) values ('0730001','6','062602');
Insert into S_SZALLIT (UT,KONTENER,MEGRENDELES) values ('0735001','6','065301');
Insert into S_SZALLIT (UT,KONTENER,MEGRENDELES) values ('0750004','6','062501');
Insert into S_SZALLIT (UT,KONTENER,MEGRENDELES) values ('1050004','6','082901');
commit;
