insert into konyv values(1116152201, 'Tíz kicsi néger', '9789630788984', 'EURÓPA KÖNYVKIADÓ KFT.', to_date('2010', 'YYYY'), 2090, 'krimi', 266);
insert into konyv values(1116152202, 'A váratlan vendég', '9789635490479', 'EURÓPA KÖNYVKIADÓ KFT.', to_date('2004', 'YYYY'), 1406, 'krimi', 200);
insert into konyv values(1116152203, 'És eljo a halál...', '9789630786430', 'EURÓPA KÖNYVKIADÓ KFT.', to_date('2007', 'YYYY'), 1900, 'krimi', 292);
insert into konyv values(1116152204, 'Tuzvarázs', '9789639300347', 'FABYEN KIADÓ', to_date('2010', 'YYYY'), 1836, 'krimi', 488);
insert into konyv values(1116152205, 'A bankár', '9789632544137', 'ULPIUS-HÁZ KÖNYVKIADÓ KFT.', to_date('2011.09.22', 'YYYY.MM.DD'), 2799, 'krimi', null);
insert into konyv values(1116152206, 'Vészbejárat', '9789639300279', 'Fabyen Kiadó', to_date('2008', 'YYYY'), 2095, 'krimi', 472);
insert into konyv values(1116152207, 'Ébredj velem!', '9639300200', 'Tóthágas Kiadó', to_date('2007', 'YYYY'), 1668, 'krimi', 490);
insert into konyv values(1116152208, 'Holtak könyvtára', '9789639973114', 'GEOPEN KÖNYVKIADÓ KFT.', to_date('2010', 'YYYY'), 3316, 'krimi', 400);
insert into konyv values(1116152209, 'A vád tanúja', '963841345X', 'Hunga-Print', to_date('1994', 'YYYY'), 3000, 'krimi', 254);
insert into konyv values(1116152210, 'A tuzgyújtó', '9789630786836', 'EURÓPA KÖNYVKIADÓ KFT.', to_date('2010', 'YYYY'), 3040, 'krimi', 520);
insert into konyv values(1116152211, 'Álomcsapda', '9630779501', 'EURÓPA KÖNYVKIADÓ KFT.', to_date('2006', 'YYYY'), 1870, 'sci-fi', 752);
insert into konyv values(1116152212, 'Hasznos holmik', '9630778246', 'EURÓPA KÖNYVKIADÓ KFT.', to_date('2005', 'YYYY'), 1683, 'horror', 720);
insert into konyv values(1116152213, 'Dolores', '9600781875', 'EURÓPA KÖNYVKIADÓ KFT.', to_date('2006', 'YYYY'), 2125, 'thriller', 264);
insert into konyv values(1116152214, 'Fagyos éden', '9789639828605', 'METROPOLIS MEDIA GROUP', to_date('2010', 'YYYY'), 3791, 'sci-fi', 460);
insert into konyv values(1116152215, 'Fény a horizonton', '9789639566873', 'CHERUBION KÖNYVKIADÓ ÉS SZOLG.', to_date('2010', 'YYYY'), 1753, 'sci-fi', 344);
insert into konyv values(1116152216, 'Fényözön', '9639346888', 'Cherubion Könyvkiadó', to_date('2003', 'YYYY'), 1444, 'sci-fi', 392);
insert into konyv values(1116152217, 'A vénusz óceánjai', '9637429174', 'Cédrus Kiadó', to_date('1992', 'YYYY'), 1036, 'sci-fi', 158);
insert into konyv values(1116152218, 'A biológia rövid története', '11111111111', 'Gondolat Kiadó', to_date('1972', 'YYYY'), 1200, 'természettudomány', 278);
insert into konyv values(1116152219, 'A Hold tragédiája', '22222222222', 'Kozmosz Könyvek', to_date('1979', 'YYYY'), 1500, 'szépirodalom', 310);
insert into konyv values(1116152220, 'Hazám, hazám, te mindenem', '9789632511993', 'SZALAY-PANNON-LITERATÚRA KFT.', to_date('2010', 'YYYY'), 2660, 'történelem', 128);
insert into konyv values(1116152221, 'Az Osztrák-Magyar Monarchia tengerészeti repüloi 1911-1918', '9789633275092', 'ZRÍNYI KIADÓ', to_date('2010', 'YYYY'), 4741, 'történelem', 112);
insert into konyv values(1116152222, 'A magyar királyi honvédség légvédelme 1920-1945', '9789633274989', 'EURÓPA KÖNYVKIADÓ KFT.', to_date('2010', 'YYYY'), 4741, 'történelem', 150);
insert into konyv values(1116152223, 'Napóleon', '9500274612', 'EURÓPA KÖNYVKIADÓ KFT.', to_date('2004.04.01', 'YYYY.MM.DD'), 2300, 'történelem', 653);
insert into konyv values(1116152224, 'Napóleon', '963280256X', 'Gondolat', to_date('1975', 'YYYY'), 1500, 'történelem', 783);
insert into konyv values(1116152225, 'A Föld enciklopédiája', '9789630961615', 'KOSSUTH KIADÓ ZRT.', to_date('2010', 'YYYY'), 9491, 'természettudomány', 608);
insert into konyv values(1116152226, 'Éjféltájt', '9789630786249', 'EURÓPA KÖNYVKIADÓ KFT.', to_date('2008', 'YYYY'), 1900, 'krimi', 272);
insert into konyv values(1116152227, 'Az élet eropróbái', '9638227117', 'PARK KÖNYVKIADÓ KFT.', to_date('1994', 'YYYY'), 1701, 'természettudomány', 326);
insert into konyv values(1116152228, 'Az élo bolygó - a föld mai arculata', '9635300077', 'PARK KÖNYVKIADÓ KFT.', to_date('1994', 'YYYY'), 2081, 'természettudomány', 324);
insert into konyv values(1116152229, 'Az elso édenkert', '9630267217', 'PARK KÖNYVKIADÓ KFT.', to_date('1989', 'YYYY'), 1200, 'természettudomány', 238);
insert into konyv values(1116152230, 'Az óceán', '9789639693456', 'Mérték Kiadó', to_date('2007', 'YYYY'), 11042, 'természettudomány', 512);
insert into konyv values(1116152231, 'Az univerzum', '963-967-800-7', 'IKAR Kiadó', to_date('2007', 'YYYY'), 11042, 'természettudomány', 512);
insert into konyv values(1116152232, 'A gyevi törvény - Tanulságos mesék, mondák Mátyás királyról', '9789639581197', 'NAGYKÖNYV KIADÓ', to_date('2010', 'YYYY'), 1511, 'mesekönyv', 48);
insert into konyv values(1116152233, 'A nagyhatalmú sündisznócska', '9789633468814', ' HOLNAP KIADÓ KFT.', to_date('2010', 'YYYY'), 1615, 'mesekönyv', 14);
insert into konyv values(1116152234, 'Aranykoporsó', '9789630779180', 'EURÓPA KÖNYVKIADÓ KFT.', to_date('2005', 'YYYY'), 808, 'szépirodalom', 472);
insert into konyv values(1116152235, '1848 - a magyar szabadságharcz 1848-49-ben', '9789630960519', 'KOSSUTH KIADÓ ZRT.', to_date('2009', 'YYYY'), 6641, 'történelem', 476);
insert into konyv values(1116152236, 'A koszívu ember fiai', '9789636451004', 'EURÓPA KÖNYVKIADÓ KFT.', to_date('2006', 'YYYY'), 758, 'szépirodalom', 442);
insert into konyv values(1116152237, 'A .NET 4.0 és a Visual Studio 2010', '9789639863170', 'SZAK KIADÓ KFT.', to_date('2010', 'YYYY'), 8550, 'informatika', 572);
insert into konyv values(1116152238, 'Java-fejtörok - Csapdák, buktatók és szélsoséges esetek', '9789639637702', 'KISKAPU KIADÓ', to_date('2010', 'YYYY'), 5220, 'informatika', 270);
insert into konyv values(1116152239, 'Az XML-kézikönyv', '9789639131712', 'EURÓPA KÖNYVKIADÓ KFT.', to_date('2005', 'YYYY'), 10260, 'informatika', 758);
insert into konyv values(1116152240, 'Java alapú webszolgáltatások - XML, SOAP, WSDL, UDDI', '9789639301047', 'KISKAPU KIADÓ', to_date('2002', 'YYYY'), 4741, 'informatika', 644);
insert into konyv values(1116152241, 'Refactoring - Kódjavítás újratervezéssel', '9639637130', 'Kiskapu Kiadó', to_date('2006', 'YYYY'), 5525, 'informatika', 372);
insert into konyv values(1116152242, 'Domain-Specific Languages', '9780321712943', 'Addison-Wesley Professional', to_date('2010.10.03', 'YYYY.MM.DD'), 8735, 'informatika', 640);
insert into konyv values(1116152243, 'Design Patterns: Elements of Reusable Object-Oriented Software', '9780201633610', 'Addison-Wesley Professional', to_date('1994.11.10', 'YYYY.MM.DD'), 5980, 'informatika', 416);
insert into konyv values(1116152244, 'Programtervezési minták - Újrahasznosítható elemek objektumközpontú programokhoz', '9639301779', 'Kiskapu - Addison-Wesley', to_date('2004', 'YYYY'), 5980, 'informatika', 421);

insert into konyv values(1116152245, 'Nostradamus', '9637905146', 'Média Kiadó', to_date('1991', 'YYYY'), 260, null, 362);
insert into konyv values(1116152246, 'A Biblia kódja', '9639069817', 'Vince Kiadó Kft.', to_date('1999', 'YYYY'), 1495, null, 239);
insert into konyv values(1116152247, 'A vaskirály', '33333333333', null, null, null, null, null);
insert into konyv values(1116152248, 'A megfojtott királyné', '44444444444', null, null, null, null, null);
insert into konyv values(1116152249, 'Az osi törvény', '55555555555', null, null, null, null, null);
insert into konyv values(1116152250, 'Liliom és oroszlán', '66666666666', null, null, null, null, null);
insert into konyv values(1116152251, 'Az országveszto', '77777777777', null, null, null, null, null);
commit;



insert into szerzo values(2005182601, 'Christie', 'Agatha', to_date('1890.09.15', 'YYYY.MM.DD'));
insert into szerzo values(2005182602, 'Frei', 'Tamás', to_date('1966.05.21', 'YYYY.MM.DD'));
insert into szerzo values(2005182603, 'Fable', 'Vavyan', to_date('1956.03.20', 'YYYY.MM.DD'));
insert into szerzo values(2005182604, 'Cooper', 'Glenn', null);
insert into szerzo values(2005182605, 'King', 'Stephen', to_date('1947.09.21', 'YYYY.MM.DD'));
insert into szerzo values(2005182606, 'Harrison', 'Harry', to_date('1925.03.12', 'YYYY.MM.DD'));
insert into szerzo values(2005182607, 'Nemes', 'István', null);
insert into szerzo values(2005182608, 'Asimov', 'Isaac', to_date('1920.01.02', 'YYYY.MM.DD'));
insert into szerzo values(2005182609, 'Géczi', 'Zoltán', null);
insert into szerzo values(2005182610, 'Kelemen', 'József', null);
insert into szerzo values(2005182611, 'Nemere', 'István', to_date('1944.11.08', 'YYYY.MM.DD'));
insert into szerzo values(2005182612, 'Szabó', 'Zsolt', null);
insert into szerzo values(2005182613, 'Csonkaréti', 'Károly', null);
insert into szerzo values(2005182614, 'Sárhidai', 'Gyula', null);
insert into szerzo values(2005182615, 'Dr. Barczy', 'Zoltán', null);
insert into szerzo values(2005182616, 'Castelot', 'André', to_date('1911.01.23', 'YYYY.MM.DD'));
insert into szerzo values(2005182617, 'Lefebvre', 'Georges', to_date('1874.08.06', 'YYYY.MM.DD'));
insert into szerzo values(2005182618, 'Allaby', 'Michael', to_date('1933', 'YYYY'));
insert into szerzo values(2005182619, 'Dr. Coenraads', 'Robert R.', null);
insert into szerzo values(2005182620, 'Hutchinson', 'Robert', to_date('1957.11.12', 'YYYY.MM.DD'));
insert into szerzo values(2005182621, 'Mcghee', 'Karen', null);
insert into szerzo values(2005182622, 'Dr. O''Byrne', 'John', null);
insert into szerzo values(2005182623, 'Dr. Rubin', 'Ken', null);
insert into szerzo values(2005182624, 'Attenborough', 'David', to_date('1926.05.8', 'YYYY.MM.DD'));
insert into szerzo values(2005182625, 'Sparks', 'John', to_date('1943', 'YYYY'));
insert into szerzo values(2005182626, 'Beatty', 'Richard', null);
insert into szerzo values(2005182627, 'Bryan', 'Kim', null);
insert into szerzo values(2005182628, 'Burnie', 'David', null);
insert into szerzo values(2005182629, 'Dinwiddie', 'Robert', to_date('1963.07.27', 'YYYY.MM.DD'));
insert into szerzo values(2005182630, 'Dipper', 'Frances', null);
insert into szerzo values(2005182631, 'Eales', 'Philip', to_date('1970', 'YYYY'));
insert into szerzo values(2005182632, 'Halls', 'Monty', null);
insert into szerzo values(2005182633, 'Scott', 'Sue', null);
insert into szerzo values(2005182634, 'Scott', 'Mike', null);
insert into szerzo values(2005182635, 'Cousteau', 'Fabien', to_date('1890.09.15', 'YYYY.MM.DD'));
insert into szerzo values(2005182636, 'Rees', 'Martin', null);
insert into szerzo values(2005182637, 'Hughes', 'David', null);
insert into szerzo values(2005182638, 'Nicolson', 'Iain', null);
insert into szerzo values(2005182639, 'Ridpath', 'Ian', null);
insert into szerzo values(2005182640, 'Sparrow', 'Giles', null);
insert into szerzo values(2005182641, 'Spence', 'Pam', null);
insert into szerzo values(2005182642, 'Stott', 'Carole', null);
insert into szerzo values(2005182643, 'Tildsley', 'Kevin', null);
insert into szerzo values(2005182644, 'Jókai', 'Mór', to_date('1825.02.18', 'YYYY.MM.DD'));
insert into szerzo values(2005182645, 'Móra', 'Ferenc', to_date('1879.07.19', 'YYYY.MM.DD'));
insert into szerzo values(2005182646, 'Bródy', 'Sándor', null);
insert into szerzo values(2005182647, 'Rákosi', 'Viktor', null);
insert into szerzo values(2005182648, 'Mackey', 'Alex', null);
insert into szerzo values(2005182649, 'Bloch', 'Joshua', null);
insert into szerzo values(2005182650, 'Gafter', 'Neal', null);
insert into szerzo values(2005182651, 'Bradley', 'Neil', null);
insert into szerzo values(2005182652, 'Graham', 'Steve', null);
insert into szerzo values(2005182653, 'Simeonov', 'Simeon', null);
insert into szerzo values(2005182654, 'Fowler', 'Martin', to_date('1963', 'YYYY'));
insert into szerzo values(2005182655, 'Gamma', 'Erich', to_date('1961', 'YYYY'));
insert into szerzo values(2005182656, 'Helm', 'Richard', null);
insert into szerzo values(2005182657, 'Johnson', 'Ralph', null);
insert into szerzo values(2005182658, 'Vlissides', 'John M.', null);

insert into szerzo values(2005182659, 'Fekete', 'Sándor Pál', null);
insert into szerzo values(2005182660, 'Druon', 'Maurice', to_date('1918.04.23', 'YYYY.MM.DD'));
commit;



insert into konyvszerzo values(2005182601, 1116152201, null);
insert into konyvszerzo values(2005182601, 1116152202, null);
insert into konyvszerzo values(2005182601, 1116152203, null);
insert into konyvszerzo values(2005182603, 1116152204, null);
insert into konyvszerzo values(2005182602, 1116152205, null);
insert into konyvszerzo values(2005182603, 1116152206, null);
insert into konyvszerzo values(2005182603, 1116152207, null);
insert into konyvszerzo values(2005182601, 1116152209, null);
insert into konyvszerzo values(2005182605, 1116152210, null);
insert into konyvszerzo values(2005182605, 1116152211, null);
insert into konyvszerzo values(2005182605, 1116152212, null);
insert into konyvszerzo values(2005182605, 1116152213, null);
insert into konyvszerzo values(2005182606, 1116152214, null);
insert into konyvszerzo values(2005182607, 1116152215, null);
insert into konyvszerzo values(2005182607, 1116152216, null);
insert into konyvszerzo values(2005182608, 1116152218, null);
insert into konyvszerzo values(2005182608, 1116152219, null);
insert into konyvszerzo values(2005182609, 1116152220, null);
insert into konyvszerzo values(2005182610, 1116152220, null);
insert into konyvszerzo values(2005182613, 1116152221, null);
insert into konyvszerzo values(2005182614, 1116152221, null);
insert into konyvszerzo values(2005182615, 1116152222, null);
insert into konyvszerzo values(2005182614, 1116152222, null);
insert into konyvszerzo values(2005182616, 1116152223, null);
insert into konyvszerzo values(2005182617, 1116152224, null);
insert into konyvszerzo values(2005182618, 1116152225, null);
insert into konyvszerzo values(2005182619, 1116152225, null);
insert into konyvszerzo values(2005182620, 1116152225, null);
insert into konyvszerzo values(2005182621, 1116152225, null);
insert into konyvszerzo values(2005182622, 1116152225, null);
insert into konyvszerzo values(2005182623, 1116152225, null);
insert into konyvszerzo values(2005182601, 1116152226, null);
insert into konyvszerzo values(2005182624, 1116152227, null);
insert into konyvszerzo values(2005182624, 1116152228, null);
insert into konyvszerzo values(2005182624, 1116152229, null);
insert into konyvszerzo values(2005182625, 1116152230, null);
insert into konyvszerzo values(2005182626, 1116152230, null);
insert into konyvszerzo values(2005182627, 1116152230, null);
insert into konyvszerzo values(2005182628, 1116152230, null);
insert into konyvszerzo values(2005182629, 1116152230, null);
insert into konyvszerzo values(2005182631, 1116152230, null);
insert into konyvszerzo values(2005182632, 1116152230, null);
insert into konyvszerzo values(2005182633, 1116152230, null);
insert into konyvszerzo values(2005182634, 1116152230, null);
insert into konyvszerzo values(2005182635, 1116152230, null);
insert into konyvszerzo values(2005182636, 1116152231, null);
insert into konyvszerzo values(2005182629, 1116152231, null);
insert into konyvszerzo values(2005182631, 1116152231, null);
insert into konyvszerzo values(2005182637, 1116152231, null);
insert into konyvszerzo values(2005182638, 1116152231, null);
insert into konyvszerzo values(2005182639, 1116152231, null);
insert into konyvszerzo values(2005182640, 1116152231, null);
insert into konyvszerzo values(2005182641, 1116152231, null);
insert into konyvszerzo values(2005182643, 1116152231, null);
insert into konyvszerzo values(2005182644, 1116152232, null);
insert into konyvszerzo values(2005182645, 1116152232, null);
insert into konyvszerzo values(2005182645, 1116152233, null);
insert into konyvszerzo values(2005182645, 1116152234, null);
insert into konyvszerzo values(2005182644, 1116152235, null);
insert into konyvszerzo values(2005182646, 1116152235, null);
insert into konyvszerzo values(2005182647, 1116152235, null);
insert into konyvszerzo values(2005182644, 1116152236, null);
insert into konyvszerzo values(2005182648, 1116152237, null);
insert into konyvszerzo values(2005182649, 1116152238, null);
insert into konyvszerzo values(2005182650, 1116152238, null);
insert into konyvszerzo values(2005182651, 1116152239, null);
insert into konyvszerzo values(2005182652, 1116152240, null);
insert into konyvszerzo values(2005182653, 1116152240, null);
insert into konyvszerzo values(2005182654, 1116152241, null);
insert into konyvszerzo values(2005182654, 1116152242, null);
insert into konyvszerzo values(2005182655, 1116152243, null);
insert into konyvszerzo values(2005182656, 1116152243, null);
insert into konyvszerzo values(2005182657, 1116152243, null);
insert into konyvszerzo values(2005182658, 1116152243, null);
insert into konyvszerzo values(2005182655, 1116152244, null);
insert into konyvszerzo values(2005182656, 1116152244, null);
insert into konyvszerzo values(2005182657, 1116152244, null);
insert into konyvszerzo values(2005182658, 1116152244, null);

update konyvszerzo k
set honorarium = (
    select max((nvl(konyv.ar, 1000) + nvl(konyv.oldalszam, 100)) * 380) / count(szerzo.szerzo_azon)
    from konyv, szerzo, konyvszerzo b
    where konyv.konyv_azon = b.konyv_azon and szerzo.szerzo_azon = b.szerzo_azon
    group by b.konyv_azon
    having k.konyv_azon = b.konyv_azon);

insert into konyvszerzo values(2005182604, 1116152208, null);
insert into konyvszerzo values(2005182608, 1116152217, null);
insert into konyvszerzo values(2005182611, 1116152220, null);
insert into konyvszerzo values(2005182612, 1116152220, null);
insert into konyvszerzo values(2005182630, 1116152230, null);
insert into konyvszerzo values(2005182642, 1116152231, null);
commit;



insert into konyvtari_konyv values('FSZEK/1116152201-1', 1116152201, null);
insert into konyvtari_konyv values('FSZEK/1116152201-2', 1116152201, null);
insert into konyvtari_konyv values('FSZEK/1116152201-3', 1116152201, null);
insert into konyvtari_konyv values('FSZEK/1116152201-4', 1116152201, null);
insert into konyvtari_konyv values('FSZEK/1116152201-5', 1116152201, null);
insert into konyvtari_konyv values('FSZEK/1116152202-1', 1116152202, null);
insert into konyvtari_konyv values('FSZEK/1116152202-2', 1116152202, null);
insert into konyvtari_konyv values('FSZEK/1116152202-3', 1116152202, null);
insert into konyvtari_konyv values('FSZEK/1116152202-4', 1116152202, null);
insert into konyvtari_konyv values('FSZEK/1116152202-5', 1116152202, null);
insert into konyvtari_konyv values('FSZEK/1116152202-6', 1116152202, null);
insert into konyvtari_konyv values('FSZEK/1116152206-1', 1116152206, null);
insert into konyvtari_konyv values('FSZEK/1116152206-2', 1116152206, null);
insert into konyvtari_konyv values('FSZEK/1116152206-3', 1116152206, null);
insert into konyvtari_konyv values('FSZEK/1116152207-1', 1116152207, null);
insert into konyvtari_konyv values('FSZEK/1116152207-2', 1116152207, null);
insert into konyvtari_konyv values('FSZEK/1116152207-3', 1116152207, null);
insert into konyvtari_konyv values('FSZEK/1116152207-4', 1116152207, null);
insert into konyvtari_konyv values('FSZEK/1116152208-1', 1116152208, null);
insert into konyvtari_konyv values('FSZEK/1116152208-2', 1116152208, null);
insert into konyvtari_konyv values('FSZEK/1116152208-3', 1116152208, null);
insert into konyvtari_konyv values('FSZEK/1116152208-4', 1116152208, null);
insert into konyvtari_konyv values('FSZEK/1116152208-5', 1116152208, null);
insert into konyvtari_konyv values('FSZEK/1116152208-6', 1116152208, null);
insert into konyvtari_konyv values('FSZEK/1116152209-1', 1116152209, null);
insert into konyvtari_konyv values('FSZEK/1116152209-2', 1116152209, null);
insert into konyvtari_konyv values('FSZEK/1116152210-1', 1116152210, null);
insert into konyvtari_konyv values('FSZEK/1116152211-1', 1116152211, null);
insert into konyvtari_konyv values('FSZEK/1116152211-2', 1116152211, null);
insert into konyvtari_konyv values('FSZEK/1116152211-3', 1116152211, null);
insert into konyvtari_konyv values('FSZEK/1116152212-1', 1116152212, null);
insert into konyvtari_konyv values('FSZEK/1116152212-2', 1116152212, null);
insert into konyvtari_konyv values('FSZEK/1116152212-3', 1116152212, null);
insert into konyvtari_konyv values('FSZEK/1116152212-4', 1116152212, null);
insert into konyvtari_konyv values('FSZEK/1116152212-5', 1116152212, null);
insert into konyvtari_konyv values('FSZEK/1116152212-6', 1116152212, null);
insert into konyvtari_konyv values('FSZEK/1116152212-7', 1116152212, null);
insert into konyvtari_konyv values('FSZEK/1116152217-2', 1116152217, null);
insert into konyvtari_konyv values('FSZEK/1116152217-3', 1116152217, null);
insert into konyvtari_konyv values('FSZEK/1116152218-1', 1116152218, null);
insert into konyvtari_konyv values('FSZEK/1116152218-2', 1116152218, null);
insert into konyvtari_konyv values('FSZEK/1116152219-1', 1116152219, null);
insert into konyvtari_konyv values('FSZEK/1116152219-2', 1116152219, null);
insert into konyvtari_konyv values('FSZEK/1116152219-3', 1116152219, null);
insert into konyvtari_konyv values('FSZEK/1116152219-4', 1116152219, null);
insert into konyvtari_konyv values('FSZEK/1116152220-1', 1116152220, null);
insert into konyvtari_konyv values('FSZEK/1116152221-1', 1116152221, null);
insert into konyvtari_konyv values('FSZEK/1116152222-1', 1116152222, null);
insert into konyvtari_konyv values('FSZEK/1116152223-1', 1116152223, null);
insert into konyvtari_konyv values('FSZEK/1116152223-2', 1116152223, null);
insert into konyvtari_konyv values('FSZEK/1116152223-3', 1116152223, null);
insert into konyvtari_konyv values('FSZEK/1116152223-4', 1116152223, null);
insert into konyvtari_konyv values('FSZEK/1116152224-1', 1116152224, null);
insert into konyvtari_konyv values('FSZEK/1116152224-2', 1116152224, null);
insert into konyvtari_konyv values('FSZEK/1116152224-3', 1116152224, null);
insert into konyvtari_konyv values('FSZEK/1116152224-4', 1116152224, null);
insert into konyvtari_konyv values('FSZEK/1116152225-1', 1116152225, null);
insert into konyvtari_konyv values('FSZEK/1116152225-2', 1116152225, null);
insert into konyvtari_konyv values('FSZEK/1116152225-3', 1116152225, null);
insert into konyvtari_konyv values('FSZEK/1116152225-4', 1116152225, null);
insert into konyvtari_konyv values('FSZEK/1116152225-5', 1116152225, null);
insert into konyvtari_konyv values('FSZEK/1116152225-6', 1116152225, null);
insert into konyvtari_konyv values('FSZEK/1116152225-7', 1116152225, null);
insert into konyvtari_konyv values('FSZEK/1116152225-8', 1116152225, null);
insert into konyvtari_konyv values('FSZEK/1116152225-9', 1116152225, null);
insert into konyvtari_konyv values('FSZEK/1116152225-10', 1116152225, null);
insert into konyvtari_konyv values('FSZEK/1116152225-11', 1116152225, null);
insert into konyvtari_konyv values('FSZEK/1116152226-1', 1116152226, null);
insert into konyvtari_konyv values('FSZEK/1116152226-2', 1116152226, null);
insert into konyvtari_konyv values('FSZEK/1116152226-3', 1116152226, null);
insert into konyvtari_konyv values('FSZEK/1116152226-4', 1116152226, null);
insert into konyvtari_konyv values('FSZEK/1116152226-5', 1116152226, null);
insert into konyvtari_konyv values('FSZEK/1116152227-1', 1116152227, null);
insert into konyvtari_konyv values('FSZEK/1116152227-2', 1116152227, null);
insert into konyvtari_konyv values('FSZEK/1116152227-3', 1116152227, null);
insert into konyvtari_konyv values('FSZEK/1116152228-1', 1116152228, null);
insert into konyvtari_konyv values('FSZEK/1116152228-2', 1116152228, null);
insert into konyvtari_konyv values('FSZEK/1116152228-3', 1116152228, null);
insert into konyvtari_konyv values('FSZEK/1116152228-4', 1116152228, null);
insert into konyvtari_konyv values('FSZEK/1116152229-1', 1116152229, null);
insert into konyvtari_konyv values('FSZEK/1116152229-2', 1116152229, null);
insert into konyvtari_konyv values('FSZEK/1116152229-3', 1116152229, null);
insert into konyvtari_konyv values('FSZEK/1116152230-1', 1116152230, null);
insert into konyvtari_konyv values('FSZEK/1116152231-1', 1116152231, null);
insert into konyvtari_konyv values('FSZEK/1116152232-1', 1116152232, null);
insert into konyvtari_konyv values('FSZEK/1116152232-2', 1116152232, null);
insert into konyvtari_konyv values('FSZEK/1116152233-1', 1116152233, null);
insert into konyvtari_konyv values('FSZEK/1116152233-2', 1116152233, null);
insert into konyvtari_konyv values('FSZEK/1116152233-3', 1116152233, null);
insert into konyvtari_konyv values('FSZEK/1116152233-4', 1116152233, null);
insert into konyvtari_konyv values('FSZEK/1116152233-5', 1116152233, null);
insert into konyvtari_konyv values('FSZEK/1116152233-6', 1116152233, null);
insert into konyvtari_konyv values('FSZEK/1116152234-3', 1116152234, null);
insert into konyvtari_konyv values('FSZEK/1116152234-4', 1116152234, null);
insert into konyvtari_konyv values('FSZEK/1116152235-1', 1116152235, null);
insert into konyvtari_konyv values('FSZEK/1116152235-2', 1116152235, null);
insert into konyvtari_konyv values('FSZEK/1116152236-1', 1116152236, null);
insert into konyvtari_konyv values('FSZEK/1116152236-2', 1116152236, null);
insert into konyvtari_konyv values('FSZEK/1116152236-3', 1116152236, null);
insert into konyvtari_konyv values('FSZEK/1116152236-4', 1116152236, null);
insert into konyvtari_konyv values('FSZEK/1116152236-5', 1116152236, null);
insert into konyvtari_konyv values('FSZEK/1116152236-6', 1116152236, null);
insert into konyvtari_konyv values('FSZEK/1116152236-7', 1116152236, null);
insert into konyvtari_konyv values('FSZEK/1116152236-8', 1116152236, null);
insert into konyvtari_konyv values('FSZEK/1116152237-1', 1116152237, null);
insert into konyvtari_konyv values('FSZEK/1116152238-1', 1116152238, null);
insert into konyvtari_konyv values('FSZEK/1116152238-2', 1116152238, null);
insert into konyvtari_konyv values('FSZEK/1116152238-3', 1116152238, null);
insert into konyvtari_konyv values('FSZEK/1116152239-1', 1116152239, null);
insert into konyvtari_konyv values('FSZEK/1116152239-2', 1116152239, null);
insert into konyvtari_konyv values('FSZEK/1116152239-3', 1116152239, null);
insert into konyvtari_konyv values('FSZEK/1116152240-2', 1116152240, null);
insert into konyvtari_konyv values('FSZEK/1116152241-1', 1116152241, null);
insert into konyvtari_konyv values('FSZEK/1116152241-2', 1116152241, null);
insert into konyvtari_konyv values('FSZEK/1116152243-1', 1116152243, null);
insert into konyvtari_konyv values('FSZEK/1116152243-2', 1116152243, null);
insert into konyvtari_konyv values('FSZEK/1116152244-1', 1116152244, null);
insert into konyvtari_konyv values('FSZEK/1116152244-2', 1116152244, null);
insert into konyvtari_konyv values('FSZEK/1116152244-3', 1116152244, null);

insert into konyvtari_konyv values('FSZEK/1116152245-1', 1116152245, null);
insert into konyvtari_konyv values('FSZEK/1116152245-2', 1116152245, null);
insert into konyvtari_konyv values('FSZEK/1116152245-3', 1116152245, null);
insert into konyvtari_konyv values('FSZEK/1116152247-1', 1116152247, null);
insert into konyvtari_konyv values('FSZEK/1116152248-1', 1116152248, null);
insert into konyvtari_konyv values('FSZEK/1116152248-2', 1116152248, null);
insert into konyvtari_konyv values('FSZEK/1116152251-1', 1116152251, null);

update konyvtari_konyv
set ertek = (
    select nvl(konyv.ar, 1000) - to_number(substr(konyvtari_konyv.leltari_szam, -1, 1)) * 5.3
    from konyv
    where konyv.konyv_azon = konyvtari_konyv.konyv_azon);

insert into konyvtari_konyv values('FSZEK/1116152216-1', 1116152216, null);
insert into konyvtari_konyv values('FSZEK/1116152216-2', 1116152216, null);
insert into konyvtari_konyv values('FSZEK/1116152217-1', 1116152217, null);
insert into konyvtari_konyv values('FSZEK/1116152214-1', 1116152214, null);
insert into konyvtari_konyv values('FSZEK/1116152215-1', 1116152215, null);
insert into konyvtari_konyv values('FSZEK/1116152234-1', 1116152234, null);
insert into konyvtari_konyv values('FSZEK/1116152234-2', 1116152234, null);
insert into konyvtari_konyv values('FSZEK/1116152240-1', 1116152240, null);
insert into konyvtari_konyv values('FSZEK/1116152242-1', 1116152242, null);

--insert into konyvtari_konyv values('FSZEK/1116152252-1', null, 11654);
--insert into konyvtari_konyv values('FSZEK/1116152252-2', null, 638);
--insert into konyvtari_konyv values('FSZEK/1116152253-1', null, 862);
--insert into konyvtari_konyv values('FSZEK/1116152270-1', null, 8528);
--insert into konyvtari_konyv values('FSZEK/1116152270-2', null, 2286);
--insert into konyvtari_konyv values('FSZEK/1116152270-3', null, 1287);
--insert into konyvtari_konyv values('FSZEK/11161522101-1', null, 8275);
--insert into konyvtari_konyv values('FSZEK/11161522100-1', null, 3621);
--insert into konyvtari_konyv values('FSZEK/11161522102-1', null, 1425);
--insert into konyvtari_konyv values('FSZEK/11161522100-2', null, 6325);
commit;



----diák, felnott, nyugdíjas, gyerek, törzstag, kedvezményezett----
insert into tag values('SZE-2010/151020-01', 'Ácsi', 'Milán', null, 'f', '4032 Debrecen, Budapesti út 3.', null, null, 'diák');
insert into tag values('SZE-2010/151020-02', 'Agyalá', 'Gyula', null, 'f', '1012 Budapest, Debreceni utca 43.', null, null, 'felnott');
insert into tag values('SZE-2010/151020-03', 'Alle', 'Glória', null, 'n', '4062 Debrecen, Szegedi körút 12.', null, null, 'felnott');
insert into tag values('SZE-2010/151020-04', 'Aloe', 'Vera', null, 'n', '4032 Debrecen, Gyori út 26.', null, null, 'nyugdíjas');
insert into tag values('SZE-2010/151020-05', 'Am', 'Erika', null, 'n', '4022 Debrecen, Balatoni út 1.', null, null, 'nyugdíjas');
insert into tag values('SZE-2010/151020-06', 'Arany', 'Áron', null, 'f', '4020 Debrecen, Kossuth utca 8.', null, null, 'nyugdíjas');
insert into tag values('SZE-2010/151020-07', 'Bármi', 'Áron', null, 'f', '1111 Budapest, Szeghalmi sétány 52.', null, null, 'nyugdíjas');
insert into tag values('SZE-2010/151020-08', 'Békés', 'Csaba', null, 'f', '1012 Budapest, Debreceni utca 44.', null, null, 'gyerek');
insert into tag values('SZE-2010/151020-09', 'Bekre', 'Pál', null, 'f', '1234 Budapest, Ököritófülpösi sugárút 34/A.', null, null, 'gyerek');
insert into tag values('SZE-2010/151020-10', 'Bélapátfa', 'Szabolcs', null, 'f', '1234 Budapest, Ököritófülpösi sugárút 34/B.', null, null, 'diák');
insert into tag values('SZE-2010/151020-11', 'Bennes', 'Emmi', null, 'n', '1234 Budapest, Ököritófülpösi sugárút 34/C.', null, null, 'diák');
insert into tag values('SZE-2010/151020-12', 'Berez', 'Elek', null, 'f', '1234 Budapest, Ököritófülpösi sugárút 34/D.', null, null, 'diák');
insert into tag values('SZE-2010/151020-13', 'Borsos', 'Áron', null, 'f', '4032 Debrecen, Budapesti út 6/1.', null, null, 'törzstag');
insert into tag values('SZE-2010/151020-14', 'Cicam', 'Ica', null, 'n', '4032 Debrecen, Budapesti út 6/2.', null, null, 'kedvezményezett');
insert into tag values('SZE-2010/151020-15', 'Címer', 'Feri', null, 'f', '4032 Debrecen, Budapesti út 6/3.', null, null, 'kedvezményezett');
insert into tag values('SZE-2010/151020-16', 'Citad', 'Ella', null, 'n', '4032 Debrecen, Budapesti út 6/4.', null, null, 'törzstag');
insert into tag values('SZE-2010/151020-17', 'Cserepes', 'Virág', null, 'n', '4032 Debrecen, Budapesti út 6/5.', null, null, 'felnott');
insert into tag values('SZE-2010/151020-18', 'Ebéd', 'Elek', null, 'f', '3032 Miskolc, Debreceni út 3.', null, null, 'felnott');
insert into tag values('SZE-2010/151020-19', 'Elvará', 'Zsolt', null, 'f', '3032 Miskolc, Széchenyi utca 11.', null, null, 'diák');
insert into tag values('SZE-2010/151020-20', 'Futó', 'Rózsa', null, 'n', '3032 Miskolc, Budapesti út 36.', null, null, 'törzstag');
insert into tag values('SZE-2010/151020-21', 'Gaz', 'Ella', null, 'n', '6502 Szeged, Budapesti út 4.', null, null, 'nyugdíjas');
insert into tag values('SZE-2010/151020-22', 'Har', 'Mónika', null, 'n', '6524 Szeged, Békéscsabai út 15.', null, null, 'nyugdíjas');
insert into tag values('SZE-2010/151020-23', 'Heu', 'Réka', null, 'n', '5632 Békéscsaba, Debreceni körút 32.', null, null, 'diák');
insert into tag values('SZE-2010/151020-24', 'Idét', 'Lenke', null, 'n', '6032 Kecskemét, Szolnoki út 56.', null, null, 'kedvezményezett');
insert into tag values('SZE-2010/151020-25', 'Kala', 'Pál', null, 'f', '5008 Szolnok, Budapesti út 103.', null, null, 'törzstag');
insert into tag values('SZE-2010/151020-26', 'Kalim', 'Pál', null, 'f', '5002 Szolnok, Kétpói sugárút 18.', null, null, 'felnott');
insert into tag values('SZE-2010/151020-27', 'Kamu', 'Zoltán', null, 'f', '7667 Pécs, Budapesti út 23.', null, null, 'felnott');
insert into tag values('SZE-2010/151020-28', 'Karam', 'Ella', null, 'n', '7676 Pécs, Szombathelyi sétány 17.', null, null, 'törzstag');
insert into tag values('SZE-2010/151020-29', 'Kasza', 'Blanka', null, 'n', '7608 Pécs, Kaposvári dulo 8.', null, null, 'felnott');
insert into tag values('SZE-2010/151020-30', 'Kispál', 'Inka', null, 'n', '7400 Kaposvár, Székesfehérvári út 6.', null, null, 'nyugdíjas');
insert into tag values('SZE-2010/151020-31', 'Lepi', 'Pál', null, 'f', '8012 Székesfehérvár, Budapesti út 55.', null, null, 'felnott');
insert into tag values('SZE-2010/151020-32', 'Luc', 'Erna', null, 'n', '8000 Székesfehérvár, Balatoni sétány 53.', null, null, 'diák');
insert into tag values('SZE-2010/151020-33', 'Madag', 'Oszkár', null, 'f', '9700 Szombathely, Soproni köz 38.', null, null, 'felnott');
insert into tag values('SZE-2010/151020-34', 'Meg', 'Gyozo', null, 'f', '9700 Szombathely, Soproni köz 39/A.', null, null, 'felnott');
insert into tag values('SZE-2010/151020-35', 'Nemoda', 'Buda', null, 'f', '9700 Szombathely, Soproni köz 39/B.', null, null, 'diák');
insert into tag values('SZE-2010/151020-36', 'Nut', 'Ella', null, 'n', '9700 Szombathely, Soproni köz 39/C.', null, null, 'diák');
insert into tag values('SZE-2010/151020-37', 'Para', 'Zita', null, 'n', '9400 Soproni, Soproni út 4.', null, null, 'diák');
insert into tag values('SZE-2010/151020-38', 'Rabsz', 'Olga', null, 'n', '4625 Gyoröcske, Kossuth út 51.', null, null, 'nyugdíjas');
insert into tag values('SZE-2010/151020-39', 'Rúgka', 'Pál', null, 'f', '9012 Gyor, Ausztriai út 2.', null, null, 'nyugdíjas');
insert into tag values('SZE-2010/151020-40', 'Szuper', 'Áron', null, 'f', '9022 Gyor, Gyoröcskei dulo 14.', null, null, 'nyugdíjas');
insert into tag values('SZE-2010/151020-41', 'Szájbaverj', 'Elek', null, 'f', '9032 Gyor, Debrecen-budapesti sétány 74.', null, null, 'diák');
insert into tag values('SZE-2010/151020-42', 'Szalmon', 'Ella', null, 'n', '8900 Zalegerszeg, Zalai út 57/1.', null, null, 'nyugdíjas');
insert into tag values('SZE-2010/151020-43', 'Szav', 'Anna', null, 'n', '8900 Zalegerszeg, Zalai út 57/2.', null, null, 'diák');
insert into tag values('SZE-2010/151020-44', 'Szem', 'Eszter', null, 'n', '8901 Zalegerszeg, Balatoni út 72.', null, null, 'törzstag');
insert into tag values('SZE-2010/151020-45', 'Tavi', 'Rózsa', null, 'n', '9200 Mosonmagyaróvár, Budapesti út 6.', null, null, 'törzstag');
insert into tag values('SZE-2010/151020-46', 'Ügyet', 'Lenke', null, 'n', '9200 Mosonmagyaróvár, Mosoni sétány 59.', null, null, 'diák');
insert into tag values('SZE-2010/151020-47', 'Zsíros', 'B. Ödön', null, 'f', '9200 Mosonmagyaróvár, Magyari köz 1.', null, null, 'kedvezményezett');
insert into tag values('SZE-2010/151020-48', 'Zuhany', 'Rózsa', null, 'n', '9200 Mosonmagyaróvár, Ó utca 2.', null, null, 'törzstag');
insert into tag values('SZE-2010/151020-49', 'Vak', 'Ond', null, 'f', '9200 Mosonmagyaróvár, Vári dulo 88.', null, null, 'kedvezményezett');

update tag
set szuletesi_datum = add_months((sysdate - ((decode(besorolas,
                                                     'diák', 7,
                                                     'felnott', 25,
                                                     'nyugdíjas', 62,
                                                     'gyerek', 0,
                                                     'törzstag', 35,
                                                     'kedvezményezett', 50) +
                                             to_number(substr(cim, 1, 1)) +
                                             to_number(substr(cim, 2, 1)) +
                                             to_number(substr(cim, 3, 1)) +
                                             to_number(substr(cim, 4, 1))) * 365) + 
                                             (to_number(substr(olvasojegyszam, -2, 1)) +
                                             to_number(substr(olvasojegyszam, -1, 1)))),
                                  to_char(ceil(trunc(to_number(substr(olvasojegyszam, -2, 2)), -1) / 10) - 1 +
                                  to_number(substr(olvasojegyszam, -1, 1))));
    
update tag
set beiratkozasi_datum = sysdate - dbms_random.value(0, (floor(sysdate - szuletesi_datum)));
    
update tag
set tagdij = decode(besorolas,
                    'diák', 1800,
                    'felnott', 3800,
                    'nyugdíjas', 1500,
                    'gyerek', 1000,
                    'törzstag', 800,
                    'kedvezményezett', 1200);
    
commit;    
    
        

insert into kolcsonzes values('SZE-2010/151020-01', 'FSZEK/1116152227-2', (sysdate - 8), null, null, null);
insert into kolcsonzes values('SZE-2010/151020-01', 'FSZEK/1116152201-1', (sysdate - dbms_random.value(1, 800)), null, null, null);
insert into kolcsonzes values('SZE-2010/151020-01', 'FSZEK/1116152206-1', (sysdate - dbms_random.value(1, 800)), null, null, null);
insert into kolcsonzes values('SZE-2010/151020-13', 'FSZEK/1116152227-1', (sysdate - dbms_random.value(1, 800)), null, null, null);
insert into kolcsonzes values('SZE-2010/151020-34', 'FSZEK/1116152227-3', (sysdate - dbms_random.value(1, 800)), null, null, null);
insert into kolcsonzes values('SZE-2010/151020-34', 'FSZEK/1116152229-2', (sysdate - dbms_random.value(1, 800)), null, null, null);
insert into kolcsonzes values('SZE-2010/151020-34', 'FSZEK/1116152229-1', (sysdate - dbms_random.value(1, 800)), null, null, null);
insert into kolcsonzes values('SZE-2010/151020-35', 'FSZEK/1116152236-1', (sysdate - dbms_random.value(1, 800)), null, null, null);
insert into kolcsonzes values('SZE-2010/151020-35', 'FSZEK/1116152227-2', (sysdate - dbms_random.value(1, 800)), null, null, null);
insert into kolcsonzes values('SZE-2010/151020-40', 'FSZEK/1116152236-2', (sysdate - 6), null, null, null);
insert into kolcsonzes values('SZE-2010/151020-42', 'FSZEK/1116152236-3', (sysdate - dbms_random.value(1, 800)), null, null, null);
insert into kolcsonzes values('SZE-2010/151020-49', 'FSZEK/1116152236-4', (sysdate - dbms_random.value(1, 800)), null, null, null);
insert into kolcsonzes values('SZE-2010/151020-49', 'FSZEK/1116152236-5', (sysdate - dbms_random.value(1, 800)), null, null, null);
insert into kolcsonzes values('SZE-2010/151020-49', 'FSZEK/1116152201-3', (sysdate - dbms_random.value(1, 800)), null, null, null);
insert into kolcsonzes values('SZE-2010/151020-49', 'FSZEK/1116152202-4', (sysdate - dbms_random.value(1, 800)), null, null, null);
insert into kolcsonzes values('SZE-2010/151020-49', 'FSZEK/1116152212-4', (sysdate - dbms_random.value(1, 800)), null, null, null);
insert into kolcsonzes values('SZE-2010/151020-49', 'FSZEK/1116152202-5', (sysdate - dbms_random.value(1, 800)), null, null, null);
insert into kolcsonzes values('SZE-2010/151020-03', 'FSZEK/1116152201-2', (sysdate - dbms_random.value(1, 800)), null, null, null);
insert into kolcsonzes values('SZE-2010/151020-03', 'FSZEK/1116152224-1', (sysdate - dbms_random.value(1, 800)), null, null, null);
insert into kolcsonzes values('SZE-2010/151020-16', 'FSZEK/1116152226-2', (sysdate - dbms_random.value(1, 800)), null, null, null);

update kolcsonzes
set hany_napra = dbms_random.value(1, (floor(sysdate - kolcsonzesi_datum)));
update kolcsonzes
set visszahozasi_datum = decode(substr(tag_azon, -1, 1),
                                0, kolcsonzesi_datum + hany_napra,
                                2, kolcsonzesi_datum + hany_napra,
                                4, kolcsonzesi_datum + hany_napra,
                                6, kolcsonzesi_datum + hany_napra,
                                8, kolcsonzesi_datum + hany_napra,
                                3, kolcsonzesi_datum + hany_napra + dbms_random.value(1, 999),
                                6, kolcsonzesi_datum + hany_napra + dbms_random.value(1, 999),
                                9, kolcsonzesi_datum + hany_napra + dbms_random.value(1, 999));

insert into kolcsonzes values('SZE-2010/151020-01', 'FSZEK/1116152227-2', (sysdate - 24), 21, sysdate - 10, null);
insert into kolcsonzes values('SZE-2010/151020-38', 'FSZEK/1116152236-2', (sysdate - 21), 7, sysdate - 20, null);
          
update kolcsonzes k
set kesedelmi_dij = (hany_napra - floor(nvl(visszahozasi_datum, sysdate) - kolcsonzesi_datum)) * -1 * 200
where hany_napra - floor(nvl(visszahozasi_datum, sysdate) - kolcsonzesi_datum) < 0;

commit;